No;Latitude;Longitude;Altitude;Speed;Time
1;47.30033;8.742433;444.6;0;14:49:24.620
2;47.30033;8.742433;444.6;0;14:49:25.120
3;47.30033;8.742433;444.6;0;14:49:25.620
4;47.30033;8.742433;444.6;0.1;14:49:26.120
5;47.30033;8.742433;444.6;0;14:49:26.620
6;47.30033;8.742433;444.6;0.1;14:49:27.120
7;47.30033;8.742433;444.6;0.1;14:49:27.620
8;47.30033;8.742433;444.6;0;14:49:28.120
9;47.30033;8.742433;444.6;0.1;14:49:28.620
10;47.30033;8.742433;444.6;0;14:49:29.120
11;47.30033;8.742433;444.6;0;14:49:29.620
12;47.30033;8.742433;444.6;0;14:49:30.120
13;47.30033;8.742433;444.6;0;14:49:30.620
14;47.30033;8.742433;444.6;0;14:49:31.120
15;47.30033;8.742433;444.6;0;14:49:31.620
16;47.30033;8.742433;444.7;0;14:49:32.120
17;47.30033;8.742431;444.7;0.1;14:49:32.620
18;47.300332;8.742428;444.7;0.2;14:49:33.120
19;47.300339;8.742418;444.6;12.8;14:49:33.620
20;47.300353;8.742405;444.6;20.3;14:49:34.120
21;47.300371;8.74237;444.6;31.7;14:49:34.620
22;47.300392;8.742311;444.6;31.7;14:49:35.120
23;47.300414;8.742226;444.9;44.4;14:49:35.620
24;47.300447;8.742143;445.3;44.4;14:49:36.120
25;47.300482;8.742064;446;54;14:49:36.620
26;47.300521;8.741971;446.8;59.5;14:49:37.120
27;47.300556;8.741869;447.5;62.1;14:49:37.620
28;47.30059;8.741772;448.6;65.5;14:49:38.120
29;47.300618;8.741689;449.8;66.1;14:49:38.620
30;47.300634;8.741592;451.8;67.2;14:49:39.120
31;47.300658;8.741468;454.1;66.7;14:49:39.620
32;47.300699;8.741359;456.6;69;14:49:40.120
33;47.300764;8.741258;459;69.4;14:49:40.620
34;47.300818;8.741152;461.2;70.6;14:49:41.120
35;47.300863;8.740994;463.3;71.5;14:49:41.620
36;47.300907;8.740843;465.3;71.6;14:49:42.120
37;47.300976;8.740715;467.3;71.7;14:49:42.620
38;47.301046;8.740624;469;70.4;14:49:43.120
39;47.301112;8.740522;471;69.4;14:49:43.620
40;47.301169;8.740414;473.2;70.2;14:49:44.120
41;47.301244;8.740318;475.7;68.7;14:49:44.620
42;47.301337;8.740244;478;69.9;14:49:45.120
43;47.301429;8.740187;480.4;72;14:49:45.620
44;47.301509;8.740124;483.1;69.1;14:49:46.120
45;47.301579;8.740063;486.1;69.3;14:49:46.620
46;47.301665;8.740014;489.5;67.8;14:49:47.120
47;47.301756;8.739984;492.8;68.6;14:49:47.620
48;47.301844;8.739962;496.2;68.6;14:49:48.120
49;47.30192;8.739938;499.2;69.3;14:49:48.620
50;47.302005;8.73992;502.2;69.2;14:49:49.120
51;47.302091;8.739915;504.7;68.9;14:49:49.620
52;47.30218;8.739928;506.8;68;14:49:50.120
53;47.302258;8.739949;508;67.2;14:49:50.620
54;47.302337;8.739972;509.7;65.6;14:49:51.120
55;47.302399;8.740006;512.6;65.3;14:49:51.620
56;47.302436;8.740068;517.4;63.9;14:49:52.120
57;47.302472;8.740158;521.9;64;14:49:52.620
58;47.302527;8.740239;525.2;64;14:49:53.120
59;47.302615;8.740285;527.5;62.9;14:49:53.620
60;47.302685;8.740298;530;62;14:49:54.120
61;47.302728;8.740364;533;62;14:49:54.620
62;47.302734;8.74051;536.1;61.3;14:49:55.120
63;47.302726;8.740738;539;61.9;14:49:55.620
64;47.302703;8.740931;541.4;62.6;14:49:56.120
65;47.302675;8.741078;543.5;63.5;14:49:56.620
66;47.302645;8.741194;545.4;62.3;14:49:57.120
67;47.302614;8.741315;547.4;65.1;14:49:57.620
68;47.302574;8.741432;549.7;68.7;14:49:58.120
69;47.302533;8.741531;552.3;69.6;14:49:58.620
70;47.302493;8.741649;554.9;69.3;14:49:59.120
71;47.30246;8.741772;557.3;71.1;14:49:59.620
72;47.30242;8.741885;559.7;69;14:50:00.120
73;47.302367;8.741975;561.7;68.4;14:50:00.620
74;47.302309;8.742072;563.9;70.9;14:50:01.120
75;47.302254;8.742213;566;70.9;14:50:01.620
76;47.302208;8.742357;568.3;72.4;14:50:02.120
77;47.302157;8.742492;570.2;71.9;14:50:02.620
78;47.302109;8.742592;572.1;71;14:50:03.120
79;47.302061;8.742705;573.8;69.7;14:50:03.620
80;47.302027;8.742815;575.7;68.8;14:50:04.120
81;47.301998;8.742931;577.6;68.3;14:50:04.620
82;47.301983;8.743037;579.5;69.5;14:50:05.120
83;47.30196;8.743164;581.4;70.7;14:50:05.620
84;47.301921;8.743286;583.5;69.8;14:50:06.120
85;47.301852;8.743402;585.9;69.7;14:50:06.620
86;47.301777;8.743495;588.3;69.4;14:50:07.120
87;47.301712;8.743586;590.8;68.5;14:50:07.620
88;47.301665;8.743695;593.2;67.1;14:50:08.120
89;47.301623;8.743809;595.6;68.8;14:50:08.620
90;47.301571;8.74394;598.2;69.6;14:50:09.120
91;47.301515;8.744053;600.8;70.3;14:50:09.620
92;47.301463;8.744182;603.6;71.5;14:50:10.120
93;47.30142;8.744298;606.2;72.1;14:50:10.620
94;47.30138;8.744422;608.7;72.3;14:50:11.120
95;47.301347;8.744531;610.7;73.1;14:50:11.620
96;47.301313;8.744656;612.6;75;14:50:12.120
97;47.301271;8.744779;614.2;75.8;14:50:12.620
98;47.301204;8.744886;616.2;82.1;14:50:13.120
99;47.301121;8.744974;618.7;83.6;14:50:13.620
100;47.301038;8.74507;621.8;81.5;14:50:14.120
101;47.30096;8.745199;624.6;79.9;14:50:14.620
102;47.30088;8.745311;626.4;75.1;14:50:15.120
103;47.300778;8.745394;627.4;74.3;14:50:15.620
104;47.300678;8.745439;628.3;78;14:50:16.120
105;47.30058;8.745479;629.6;81.9;14:50:16.620
106;47.300512;8.745509;631.4;81.6;14:50:17.120
107;47.300457;8.745528;633.7;81.6;14:50:17.620
108;47.30043;8.745531;636.2;83.2;14:50:18.120
109;47.30037;8.74552;638.8;78.7;14:50:18.620
110;47.300266;8.745486;641.3;76.7;14:50:19.120
111;47.30009;8.745439;643.5;75.5;14:50:19.620
112;47.299921;8.745384;645.5;73.6;14:50:20.120
113;47.299786;8.745332;647.1;72;14:50:20.620
114;47.299702;8.745268;648.6;68.6;14:50:21.120
115;47.299634;8.745202;649.8;68.9;14:50:21.620
116;47.299555;8.745138;651.5;68.3;14:50:22.120
117;47.299471;8.745089;653.8;69.8;14:50:22.620
118;47.299384;8.745039;657.2;67.7;14:50:23.120
119;47.299312;8.744994;660.5;67.7;14:50:23.620
120;47.299245;8.744948;663.9;61.8;14:50:24.120
121;47.299178;8.744908;666.7;59;14:50:24.620
122;47.299115;8.744863;669.5;48.1;14:50:25.120
123;47.299049;8.74482;671.8;46.2;14:50:25.620
124;47.298994;8.744786;673.4;41;14:50:26.120
125;47.298936;8.74476;674.3;38.7;14:50:26.620
126;47.298891;8.744731;674.4;35.8;14:50:27.120
127;47.298849;8.744687;674.2;35.3;14:50:27.620
128;47.298814;8.744644;673.7;35.7;14:50:28.120
129;47.29877;8.744605;673.2;37.6;14:50:28.620
130;47.298719;8.744573;672.7;38.2;14:50:29.120
131;47.29867;8.744537;671.8;39;14:50:29.620
132;47.298635;8.74449;670.6;40.1;14:50:30.120
133;47.298618;8.744442;669.5;43.3;14:50:30.620
134;47.298593;8.744384;668.6;43.7;14:50:31.120
135;47.298554;8.74434;668;44.4;14:50:31.620
136;47.298489;8.74428;667.1;45.6;14:50:32.120
137;47.298433;8.74422;666;47;14:50:32.620
138;47.29838;8.744135;664.8;47;14:50:33.120
139;47.298342;8.744058;664;49.9;14:50:33.620
140;47.298305;8.743967;663.4;51.1;14:50:34.120
141;47.298278;8.743868;663.1;50.9;14:50:34.620
142;47.298253;8.743763;662.7;51;14:50:35.120
143;47.298234;8.743663;662.3;51;14:50:35.620
144;47.298219;8.743576;661.8;52.9;14:50:36.120
145;47.298211;8.743477;661.4;53.6;14:50:36.620
146;47.298211;8.743383;661.2;52.8;14:50:37.120
147;47.298219;8.743284;660.9;52.1;14:50:37.620
148;47.298231;8.743197;660.5;52.2;14:50:38.120
149;47.298248;8.743094;659.9;52.5;14:50:38.620
150;47.298269;8.742997;659.5;54;14:50:39.120
151;47.298302;8.742906;659.2;54;14:50:39.620
152;47.29834;8.74283;659.2;54;14:50:40.120
153;47.298379;8.742743;659.1;52.7;14:50:40.620
154;47.298413;8.742643;658.6;53.2;14:50:41.120
155;47.298456;8.742549;657.9;53.7;14:50:41.620
156;47.29851;8.742472;656.8;54.8;14:50:42.120
157;47.298569;8.74242;655.4;56.8;14:50:42.620
158;47.298615;8.742356;653.6;57.9;14:50:43.120
159;47.298639;8.742289;651.9;58.3;14:50:43.620
160;47.298672;8.7422;650.5;58.1;14:50:44.120
161;47.298724;8.742124;649.6;57.9;14:50:44.620
162;47.298809;8.742043;648.8;56.8;14:50:45.120
163;47.298883;8.741976;648.2;56.3;14:50:45.620
164;47.298952;8.741905;647.5;55.2;14:50:46.120
165;47.299011;8.741841;646.7;55.2;14:50:46.620
166;47.299071;8.741763;645.7;54.1;14:50:47.120
167;47.299124;8.741677;644.7;54.3;14:50:47.620
168;47.299168;8.741595;644;54;14:50:48.120
169;47.299217;8.741523;643.4;53.9;14:50:48.620
170;47.299264;8.74146;642.9;52.9;14:50:49.120
171;47.299314;8.741384;642.3;53.5;14:50:49.620
172;47.299353;8.741313;641.6;53.5;14:50:50.120
173;47.299401;8.741243;640.8;54.4;14:50:50.620
174;47.299455;8.741182;640;55.7;14:50:51.120
175;47.299522;8.741107;639.1;56.3;14:50:51.620
176;47.299581;8.741018;638.3;57.6;14:50:52.120
177;47.299637;8.740933;637.6;58;14:50:52.620
178;47.299697;8.740861;637.1;58.8;14:50:53.120
179;47.29976;8.740801;637;58.5;14:50:53.620
180;47.29982;8.740731;637.2;56.6;14:50:54.120
181;47.299868;8.74066;637.6;53.5;14:50:54.620
182;47.299922;8.740594;638.3;51.3;14:50:55.120
183;47.299977;8.740543;639;50;14:50:55.620
184;47.300032;8.740489;639.7;47.9;14:50:56.120
185;47.30007;8.740436;640.1;47.3;14:50:56.620
186;47.300111;8.740382;640.1;47.3;14:50:57.120
187;47.300159;8.740331;639.7;47.7;14:50:57.620
188;47.300224;8.740269;638.9;50.1;14:50:58.120
189;47.300286;8.740209;637.9;50.9;14:50:58.620
190;47.300342;8.74016;636.6;52.9;14:50:59.120
191;47.300401;8.740124;635.2;52.9;14:50:59.620
192;47.30046;8.740085;634;52.9;14:51:00.120
193;47.300523;8.740032;632.8;53.4;14:51:00.620
194;47.300583;8.739985;631.7;54.4;14:51:01.120
195;47.300658;8.739949;630.6;55;14:51:01.620
196;47.300731;8.739931;629.6;54.6;14:51:02.120
197;47.300801;8.739917;628.4;55.2;14:51:02.620
198;47.30085;8.73991;627.3;55.3;14:51:03.120
199;47.300912;8.73991;626.3;55.7;14:51:03.620
200;47.300986;8.73992;625.5;55.7;14:51:04.120
201;47.30108;8.739933;624.8;55.5;14:51:04.620
202;47.30116;8.739957;624.3;52.3;14:51:05.120
203;47.301225;8.739987;624;52.3;14:51:05.620
204;47.301285;8.74003;623.8;49.7;14:51:06.120
205;47.301346;8.740071;623.5;48.8;14:51:06.620
206;47.301406;8.740123;623.2;47.8;14:51:07.120
207;47.301453;8.740174;622.9;47.6;14:51:07.620
208;47.301502;8.740229;622.4;47.5;14:51:08.120
209;47.301548;8.740276;621.5;47.7;14:51:08.620
210;47.301589;8.74033;620.5;48;14:51:09.120
211;47.301609;8.74039;619.5;48.1;14:51:09.620
212;47.301639;8.74045;618.5;47.2;14:51:10.120
213;47.301692;8.740496;617.4;46.5;14:51:10.620
214;47.301775;8.740529;616;46.9;14:51:11.120
215;47.301853;8.74056;614.2;47.6;14:51:11.620
216;47.301921;8.740594;612.5;49.2;14:51:12.120
217;47.301989;8.74062;610.7;49.2;14:51:12.620
218;47.302056;8.740628;609.3;49.2;14:51:13.120
219;47.302121;8.740612;608.3;50.4;14:51:13.620
220;47.302176;8.740576;607.8;50.7;14:51:14.120
221;47.302238;8.740533;607.7;49.1;14:51:14.620
222;47.302306;8.740491;607.8;48;14:51:15.120
223;47.302369;8.740451;607.9;46.5;14:51:15.620
224;47.302413;8.740401;607.9;46.5;14:51:16.120
225;47.302446;8.740347;607.6;45.5;14:51:16.620
226;47.302484;8.740293;607.2;44.4;14:51:17.120
227;47.302537;8.740246;606.6;44.4;14:51:17.620
228;47.30259;8.740187;605.7;46.4;14:51:18.120
229;47.302636;8.740124;604.8;46.4;14:51:18.620
230;47.302681;8.740057;603.8;48.6;14:51:19.120
231;47.302724;8.740001;603.2;48.6;14:51:19.620
232;47.302771;8.739939;602.7;49;14:51:20.120
233;47.302815;8.739881;602.2;49.9;14:51:20.620
234;47.30287;8.73982;601.4;48.9;14:51:21.120
235;47.302922;8.739773;600.6;48.9;14:51:21.620
236;47.302964;8.739731;600;48.2;14:51:22.120
237;47.302984;8.739684;599.4;47.3;14:51:22.620
238;47.30301;8.739623;598.7;47;14:51:23.120
239;47.303051;8.73954;597.7;48.7;14:51:23.620
240;47.303118;8.739464;596.3;48.3;14:51:24.120
241;47.303172;8.739394;594.8;47.9;14:51:24.620
242;47.303211;8.739345;593.4;47.9;14:51:25.120
243;47.303239;8.739316;592.3;47.9;14:51:25.620
244;47.303275;8.739278;591.5;47.9;14:51:26.120
245;47.303332;8.739208;590.9;49;14:51:26.620
246;47.303389;8.739097;590.4;50.5;14:51:27.120
247;47.303452;8.738987;589.8;51.9;14:51:27.620
248;47.303504;8.738893;589.2;53.2;14:51:28.120
249;47.30355;8.738803;588.3;55;14:51:28.620
250;47.303578;8.738694;587.6;57;14:51:29.120
251;47.3036;8.738578;587.1;57;14:51:29.620
252;47.303622;8.738468;586.8;58.7;14:51:30.120
253;47.303652;8.738389;586.6;58.7;14:51:30.620
254;47.303681;8.7383;586.7;57.8;14:51:31.120
255;47.303707;8.738215;587;57.8;14:51:31.620
256;47.303732;8.738097;587.5;55.5;14:51:32.120
257;47.303757;8.73799;588.1;55.5;14:51:32.620
258;47.303779;8.737867;588.8;53.4;14:51:33.120
259;47.303797;8.737753;589.3;52.5;14:51:33.620
260;47.303812;8.737646;589.9;50.5;14:51:34.120
261;47.303825;8.737554;590.3;49.9;14:51:34.620
262;47.303832;8.737473;590.5;48.3;14:51:35.120
263;47.303836;8.737378;590.6;47.4;14:51:35.620
264;47.303845;8.737287;590.7;46.8;14:51:36.120
265;47.303863;8.737201;590.6;46.3;14:51:36.620
266;47.303892;8.737131;590.5;46.3;14:51:37.120
267;47.303915;8.737061;590.2;46.5;14:51:37.620
268;47.303932;8.737003;589.8;47.3;14:51:38.120
269;47.303944;8.736968;589.1;47.9;14:51:38.620
270;47.303958;8.736916;588.5;48;14:51:39.120
271;47.303971;8.736826;587.8;46.7;14:51:39.620
272;47.303982;8.736668;587.2;47;14:51:40.120
273;47.303993;8.736523;586.3;46.5;14:51:40.620
274;47.304008;8.736402;585.3;46.1;14:51:41.120
275;47.304026;8.736326;583.8;45.6;14:51:41.620
276;47.304043;8.736245;582.4;45.1;14:51:42.120
277;47.304059;8.73617;581.2;45.1;14:51:42.620
278;47.304079;8.736094;580;43.5;14:51:43.120
279;47.304107;8.736037;579;43.5;14:51:43.620
280;47.304137;8.735973;577.8;41;14:51:44.120
281;47.304168;8.73591;576.8;41;14:51:44.620
282;47.304205;8.735838;575.7;40;14:51:45.120
283;47.304254;8.735789;574.7;40;14:51:45.620
284;47.304304;8.735758;573.9;38;14:51:46.120
285;47.30435;8.735749;573.1;37.4;14:51:46.620
286;47.304383;8.735746;572.4;38.8;14:51:47.120
287;47.30441;8.735755;571.5;40.7;14:51:47.620
288;47.304423;8.735772;570.5;44;14:51:48.120
289;47.30443;8.735817;569.7;46.5;14:51:48.620
290;47.304454;8.735874;569.1;48.3;14:51:49.120
291;47.304507;8.735948;569;49.5;14:51:49.620
292;47.304592;8.736016;569.3;48.3;14:51:50.120
293;47.30466;8.736099;569.8;46.1;14:51:50.620
294;47.304704;8.736196;570.2;45.4;14:51:51.120
295;47.304721;8.736285;570.2;45;14:51:51.620
296;47.304737;8.736359;569.7;45;14:51:52.120
297;47.304753;8.736429;568.8;45.5;14:51:52.620
298;47.304772;8.736531;567.9;48;14:51:53.120
299;47.304788;8.736651;567.3;48.4;14:51:53.620
300;47.304807;8.736766;566.9;49.4;14:51:54.120
301;47.304823;8.736864;566.8;49.5;14:51:54.620
302;47.304836;8.736948;566.7;50.4;14:51:55.120
303;47.304842;8.737042;566.6;50.4;14:51:55.620
304;47.304843;8.737131;566.3;49.5;14:51:56.120
305;47.304838;8.737208;565.7;49.5;14:51:56.620
306;47.30483;8.737276;565.2;51;14:51:57.120
307;47.304819;8.737364;564.7;53;14:51:57.620
308;47.304805;8.737484;564.3;53.5;14:51:58.120
309;47.304789;8.7376;564;55.3;14:51:58.620
310;47.304775;8.737705;563.6;55.1;14:51:59.120
311;47.304762;8.737811;563.2;55.4;14:51:59.620
312;47.304751;8.737923;562.7;55.2;14:52:00.120
313;47.304738;8.73803;562.3;54.7;14:52:00.620
314;47.30473;8.738104;562.2;55;14:52:01.120
315;47.304726;8.73819;562.6;53.8;14:52:01.620
316;47.304719;8.738276;563.6;51;14:52:02.120
317;47.304702;8.738376;565.1;47.1;14:52:02.620
318;47.304672;8.738455;566.5;43.4;14:52:03.120
319;47.304644;8.738527;567.6;42.6;14:52:03.620
320;47.304617;8.738612;568;42.6;14:52:04.120
321;47.304595;8.738695;568;42.6;14:52:04.620
322;47.304564;8.738792;567.7;45.3;14:52:05.120
323;47.304521;8.738868;567.4;47.1;14:52:05.620
324;47.304471;8.738954;567.3;52.9;14:52:06.120
325;47.304425;8.739026;567.7;53.8;14:52:06.620
326;47.304383;8.739089;568.4;52.5;14:52:07.120
327;47.304341;8.739129;569.2;51.3;14:52:07.620
328;47.304292;8.739151;569.8;49.8;14:52:08.120
329;47.304239;8.739158;570.1;49.8;14:52:08.620
330;47.304174;8.739153;570.2;50.4;14:52:09.120
331;47.304089;8.739133;570.3;52.2;14:52:09.620
332;47.30401;8.739098;570.6;51.7;14:52:10.120
333;47.303947;8.739038;570.9;50.3;14:52:10.620
334;47.303911;8.738955;571.4;49.4;14:52:11.120
335;47.303884;8.738868;572.1;47.1;14:52:11.620
336;47.30387;8.73879;572.8;47.1;14:52:12.120
337;47.303869;8.738723;573.4;41.8;14:52:12.620
338;47.303877;8.73865;573.5;41.7;14:52:13.120
339;47.303883;8.73858;573.2;43;14:52:13.620
340;47.303909;8.738526;573;45.3;14:52:14.120
341;47.303955;8.738498;573;46.5;14:52:14.620
342;47.304032;8.73849;573.6;43.6;14:52:15.120
343;47.3041;8.738489;574.3;43.6;14:52:15.620
344;47.304166;8.7385;574.9;42.6;14:52:16.120
345;47.304218;8.738524;575.1;42.6;14:52:16.620
346;47.304268;8.738571;575;42.8;14:52:17.120
347;47.304304;8.738641;574.9;43;14:52:17.620
348;47.304323;8.738718;575;44.1;14:52:18.120
349;47.304326;8.738798;575.1;45;14:52:18.620
350;47.304318;8.738874;575.1;46.6;14:52:19.120
351;47.304297;8.738963;574.7;47.7;14:52:19.620
352;47.304273;8.739047;574;49.4;14:52:20.120
353;47.30423;8.739121;573.3;54.3;14:52:20.620
354;47.304181;8.739167;573.2;59.4;14:52:21.120
355;47.304113;8.739198;573.8;59.4;14:52:21.620
356;47.304049;8.739211;575;53.7;14:52:22.120
357;47.303979;8.739209;576.2;49.7;14:52:22.620
358;47.303916;8.739184;577.2;47.1;14:52:23.120
359;47.303864;8.739128;577.8;45.7;14:52:23.620
360;47.303831;8.739044;577.9;45.2;14:52:24.120
361;47.303815;8.73895;577.7;45.3;14:52:24.620
362;47.30381;8.738864;577.4;47.1;14:52:25.120
363;47.303815;8.73879;577.2;47.7;14:52:25.620
364;47.303825;8.738707;577.1;47.9;14:52:26.120
365;47.303832;8.738624;577.1;48;14:52:26.620
366;47.303836;8.738553;577.3;46.8;14:52:27.120
367;47.303836;8.738508;577.8;43.4;14:52:27.620
368;47.303863;8.738478;578.7;41.5;14:52:28.120
369;47.303924;8.738452;579.9;41.5;14:52:28.620
370;47.304024;8.738435;581;36.8;14:52:29.120
371;47.304116;8.738429;582.1;36.8;14:52:29.620
372;47.304186;8.738435;582.7;35.2;14:52:30.120
373;47.304231;8.738443;583;35.4;14:52:30.620
374;47.304271;8.738452;583;36.3;14:52:31.120
375;47.304314;8.738463;582.8;37.4;14:52:31.620
376;47.304349;8.73848;582.8;38.8;14:52:32.120
377;47.304382;8.73851;583.1;39.7;14:52:32.620
378;47.304412;8.738551;583.8;38.2;14:52:33.120
379;47.304447;8.738597;584.5;39.3;14:52:33.620
380;47.304471;8.738635;584.9;40.2;14:52:34.120
381;47.304496;8.73869;585.3;40.2;14:52:34.620
382;47.304523;8.738763;585.9;42.4;14:52:35.120
383;47.304565;8.738861;586.7;42.4;14:52:35.620
384;47.304599;8.738948;587.4;40.6;14:52:36.120
385;47.304619;8.739025;587.7;41.4;14:52:36.620
386;47.30462;8.739106;587.9;42.1;14:52:37.120
387;47.304613;8.739193;587.9;45.2;14:52:37.620
388;47.304599;8.739282;587.9;45.5;14:52:38.120
389;47.304583;8.739352;588;48.7;14:52:38.620
390;47.304574;8.739421;588;50;14:52:39.120
391;47.30457;8.73948;588.3;49.3;14:52:39.620
392;47.304538;8.739527;588.5;51.6;14:52:40.120
393;47.304465;8.739547;588.8;52.7;14:52:40.620
394;47.304351;8.739544;589;50.6;14:52:41.120
395;47.304252;8.739516;589.3;50.8;14:52:41.620
396;47.304183;8.739471;589.5;49.7;14:52:42.120
397;47.304143;8.739409;589.9;47.5;14:52:42.620
398;47.304116;8.739338;590.1;47.5;14:52:43.120
399;47.304102;8.739247;590.2;45.9;14:52:43.620
400;47.304111;8.739161;590.1;46.2;14:52:44.120
401;47.304142;8.739087;590;46.9;14:52:44.620
402;47.304187;8.739044;590;45.6;14:52:45.120
403;47.304238;8.739018;590.1;45.3;14:52:45.620
404;47.304277;8.739007;590.4;43.6;14:52:46.120
405;47.304308;8.739018;590.7;41.2;14:52:46.620
406;47.30433;8.739051;591;40.9;14:52:47.120
407;47.304351;8.739122;591.3;40.9;14:52:47.620
408;47.304368;8.73921;591.5;42.2;14:52:48.120
409;47.304367;8.739314;591.6;43.4;14:52:48.620
410;47.304338;8.739396;591.6;45.2;14:52:49.120
411;47.30429;8.739451;591.7;47.2;14:52:49.620
412;47.304233;8.739474;591.9;48;14:52:50.120
413;47.304183;8.739471;592.3;46.9;14:52:50.620
414;47.304128;8.73945;592.8;44.7;14:52:51.120
415;47.304076;8.73941;593.2;43.8;14:52:51.620
416;47.30403;8.739361;593.2;42.5;14:52:52.120
417;47.303999;8.739293;592.9;43;14:52:52.620
418;47.303984;8.73922;592.5;44.3;14:52:53.120
419;47.303985;8.739143;591.7;42.7;14:52:53.620
420;47.303999;8.739079;590.5;42;14:52:54.120
421;47.304026;8.73902;588.8;42;14:52:54.620
422;47.304055;8.738978;587.2;47.7;14:52:55.120
423;47.304106;8.738957;586;47.7;14:52:55.620
424;47.304171;8.738967;585.5;52.1;14:52:56.120
425;47.304255;8.739005;585.2;51.4;14:52:56.620
426;47.304319;8.739069;585.3;52.6;14:52:57.120
427;47.304368;8.739143;585.5;54;14:52:57.620
428;47.304404;8.739206;585.9;54.5;14:52:58.120
429;47.304447;8.739265;586.6;53.8;14:52:58.620
430;47.304481;8.739345;587.6;53.8;14:52:59.120
431;47.304499;8.739458;589;51.1;14:52:59.620
432;47.304494;8.739561;590.5;50.4;14:53:00.120
433;47.304478;8.739639;591.7;50.4;14:53:00.620
434;47.30445;8.739696;592.6;43.2;14:53:01.120
435;47.304415;8.739759;593;42.4;14:53:01.620
436;47.304365;8.739808;593.1;42.8;14:53:02.120
437;47.304313;8.739828;593;44.6;14:53:02.620
438;47.304259;8.739812;593;45.2;14:53:03.120
439;47.304213;8.739779;592.9;45.6;14:53:03.620
440;47.304166;8.739745;592.7;47.3;14:53:04.120
441;47.304127;8.739698;592.8;47.9;14:53:04.620
442;47.304098;8.739627;592.9;46.4;14:53:05.120
443;47.304084;8.739516;593.2;44.8;14:53:05.620
444;47.304084;8.73941;593.1;44.7;14:53:06.120
445;47.304098;8.739318;592.8;44.7;14:53:06.620
446;47.304122;8.739253;592.5;45.4;14:53:07.120
447;47.304153;8.739183;592.4;46.2;14:53:07.620
448;47.304188;8.739114;592.7;46.4;14:53:08.120
449;47.304239;8.739058;593.3;45.2;14:53:08.620
450;47.304303;8.739026;594.3;45.2;14:53:09.120
451;47.30437;8.739019;595.3;43.7;14:53:09.620
452;47.304419;8.739032;596.5;41.1;14:53:10.120
453;47.304455;8.73906;597.3;42.4;14:53:10.620
454;47.304488;8.739097;597.9;39.4;14:53:11.120
455;47.30453;8.739141;598.1;38.6;14:53:11.620
456;47.304564;8.739203;598.2;38.7;14:53:12.120
457;47.304579;8.739271;598.3;39.6;14:53:12.620
458;47.30457;8.739332;598.4;42.5;14:53:13.120
459;47.30455;8.739385;598.6;42.5;14:53:13.620
460;47.304528;8.739443;598.7;43.2;14:53:14.120
461;47.304498;8.73952;598.6;43.2;14:53:14.620
462;47.30445;8.739586;598.4;47.1;14:53:15.120
463;47.304382;8.739627;598.2;51.6;14:53:15.620
464;47.304322;8.739631;598;51.6;14:53:16.120
465;47.304268;8.739613;597.7;52.7;14:53:16.620
466;47.304213;8.739569;597.3;53.4;14:53:17.120
467;47.304136;8.739511;597.1;55.3;14:53:17.620
468;47.304068;8.739441;597.4;55.2;14:53:18.120
469;47.30402;8.739366;598.1;51.4;14:53:18.620
470;47.304001;8.73927;598.7;49.3;14:53:19.120
471;47.303994;8.739176;598.8;47.6;14:53:19.620
472;47.304001;8.739087;598.6;47.5;14:53:20.120
473;47.304018;8.739017;598.3;47.3;14:53:20.620
474;47.304046;8.73895;598.2;47.5;14:53:21.120
475;47.304081;8.738895;598.3;45.4;14:53:21.620
476;47.304132;8.738864;598.9;45.4;14:53:22.120
477;47.304188;8.738863;599.6;40.5;14:53:22.620
478;47.304238;8.738884;600.2;44.4;14:53:23.120
479;47.304274;8.73892;600.5;45.4;14:53:23.620
480;47.304307;8.73896;600.9;46.1;14:53:24.120
481;47.304344;8.739002;601.3;46.7;14:53:24.620
482;47.304374;8.73906;601.9;46;14:53:25.120
483;47.304393;8.739139;602.4;45.9;14:53:25.620
484;47.304403;8.73924;602.7;46.3;14:53:26.120
485;47.30441;8.739335;602.8;46.3;14:53:26.620
486;47.304412;8.739437;602.8;46.3;14:53:27.120
487;47.304404;8.739555;602.9;47.3;14:53:27.620
488;47.304389;8.739667;603.1;48.8;14:53:28.120
489;47.304361;8.739759;603.5;47;14:53:28.620
490;47.30433;8.739817;604;44.5;14:53:29.120
491;47.304287;8.739872;604.3;43.8;14:53:29.620
492;47.304242;8.73992;604.5;45;14:53:30.120
493;47.30419;8.739952;604.7;45.9;14:53:30.620
494;47.304131;8.73996;604.8;44.5;14:53:31.120
495;47.304075;8.739941;604.7;42.3;14:53:31.620
496;47.304018;8.739893;604.2;42.3;14:53:32.120
497;47.303978;8.739827;603.7;47.9;14:53:32.620
498;47.303943;8.739754;603.6;48.4;14:53:33.120
499;47.303924;8.739683;603.7;48.8;14:53:33.620
500;47.303914;8.739596;603.9;46.4;14:53:34.120
501;47.303916;8.739507;603.8;45;14:53:34.620
502;47.303929;8.739425;603.3;46.5;14:53:35.120
503;47.303949;8.739365;602.8;47.1;14:53:35.620
504;47.303969;8.73931;602.4;45.3;14:53:36.120
505;47.303998;8.739248;602.5;44.2;14:53:36.620
506;47.304043;8.739201;603.1;41.3;14:53:37.120
507;47.304106;8.739185;604.3;40.8;14:53:37.620
508;47.304159;8.739205;605.4;39;14:53:38.120
509;47.304189;8.739244;606;39.1;14:53:38.620
510;47.304196;8.739281;606.1;40.4;14:53:39.120
511;47.304209;8.739325;605.9;40.4;14:53:39.620
512;47.304235;8.739391;605.9;47.4;14:53:40.120
513;47.304271;8.739488;606.2;47.9;14:53:40.620
514;47.304292;8.739578;606.6;47.9;14:53:41.120
515;47.304285;8.739651;606.8;47.9;14:53:41.620
516;47.304254;8.739712;606.9;45.8;14:53:42.120
517;47.304205;8.739788;606.8;45.8;14:53:42.620
518;47.304165;8.739856;606.8;47.7;14:53:43.120
519;47.304131;8.739901;606.9;48.1;14:53:43.620
520;47.30409;8.739916;607.3;48;14:53:44.120
521;47.304029;8.739913;607.8;47.2;14:53:44.620
522;47.303941;8.739889;608.1;44.4;14:53:45.120
523;47.303869;8.739847;608.3;43.6;14:53:45.620
524;47.303808;8.739794;608.4;44.9;14:53:46.120
525;47.30377;8.739738;608.6;44.9;14:53:46.620
526;47.303737;8.739669;609.2;43.2;14:53:47.120
527;47.303721;8.739586;609.7;42.2;14:53:47.620
528;47.303718;8.739501;610.2;39.7;14:53:48.120
529;47.303729;8.739426;610.4;38.2;14:53:48.620
530;47.303748;8.73937;610.3;38.2;14:53:49.120
531;47.303777;8.739324;610;37.8;14:53:49.620
532;47.303813;8.739293;609.4;39.2;14:53:50.120
533;47.303856;8.739275;609;39.9;14:53:50.620
534;47.303894;8.739273;608.8;39.9;14:53:51.120
535;47.303916;8.739282;608.9;42.1;14:53:51.620
536;47.303923;8.739296;609.1;42.7;14:53:52.120
537;47.30395;8.739318;609.4;41.8;14:53:52.620
538;47.304005;8.739347;609.8;41.8;14:53:53.120
539;47.304094;8.739382;610;42.2;14:53:53.620
540;47.30416;8.739424;610.1;42.2;14:53:54.120
541;47.304205;8.739482;610.2;43;14:53:54.620
542;47.304217;8.739555;610.2;43;14:53:55.120
543;47.304237;8.739638;610.2;43;14:53:55.620
544;47.304265;8.739727;610.1;42.6;14:53:56.120
545;47.304308;8.739823;609.9;43.2;14:53:56.620
546;47.304336;8.739915;609.6;43.6;14:53:57.120
547;47.30435;8.739985;609.4;45.6;14:53:57.620
548;47.30435;8.740055;609.2;44;14:53:58.120
549;47.304358;8.740138;609.1;43.7;14:53:58.620
550;47.304371;8.740248;608.7;44;14:53:59.120
551;47.304391;8.740339;608.2;44;14:53:59.620
552;47.304396;8.740393;607.6;46.4;14:54:00.120
553;47.304383;8.740408;607.3;46.4;14:54:00.620
554;47.304345;8.740408;607.2;50.9;14:54:01.120
555;47.304296;8.740444;607.3;50.9;14:54:01.620
556;47.304253;8.74052;607.5;48.8;14:54:02.120
557;47.304214;8.740638;607.6;48.7;14:54:02.620
558;47.304162;8.740727;607.4;49;14:54:03.120
559;47.304088;8.740779;606.9;51.4;14:54:03.620
560;47.304019;8.740788;606.3;52.2;14:54:04.120
561;47.303978;8.740788;605.8;53.9;14:54:04.620
562;47.303938;8.740779;605.4;55;14:54:05.120
563;47.303868;8.740766;605.2;55.4;14:54:05.620
564;47.303748;8.740744;605;55.5;14:54:06.120
565;47.303636;8.74072;605;55.1;14:54:06.620
566;47.303546;8.740687;604.8;55.1;14:54:07.120
567;47.303489;8.740651;604.4;54.3;14:54:07.620
568;47.303423;8.740614;603.9;54.2;14:54:08.120
569;47.303356;8.74058;603.6;55.4;14:54:08.620
570;47.303294;8.740539;603.6;53.9;14:54:09.120
571;47.303262;8.740496;604;53;14:54:09.620
572;47.30325;8.740452;604.8;49;14:54:10.120
573;47.30322;8.74041;605.5;48;14:54:10.620
574;47.30316;8.740361;606.1;43.5;14:54:11.120
575;47.303064;8.740307;606.1;43.4;14:54:11.620
576;47.302986;8.740253;605.9;43.4;14:54:12.120
577;47.302921;8.740203;605.5;44.8;14:54:12.620
578;47.30288;8.740153;605.2;44.3;14:54:13.120
579;47.302839;8.740089;605;44;14:54:13.620
580;47.302804;8.740025;604.6;43.8;14:54:14.120
581;47.30277;8.739961;604;44.7;14:54:14.620
582;47.302738;8.7399;603.3;45.7;14:54:15.120
583;47.302712;8.739821;602.8;46.2;14:54:15.620
584;47.302693;8.739726;602.1;43.4;14:54:16.120
585;47.302685;8.739634;601;40.2;14:54:16.620
586;47.302695;8.739559;599.2;41.8;14:54:17.120
587;47.302722;8.739503;597.1;47.3;14:54:17.620
588;47.302769;8.739453;595.3;51.7;14:54:18.120
589;47.30282;8.739414;594.3;53.3;14:54:18.620
590;47.302889;8.739391;594.2;51.6;14:54:19.120
591;47.302957;8.739386;594.8;48.5;14:54:19.620
592;47.303027;8.739399;595.6;48.1;14:54:20.120
593;47.303081;8.73942;596.4;46.9;14:54:20.620
594;47.303137;8.739442;597;46.1;14:54:21.120
595;47.303188;8.739465;597.3;46;14:54:21.620
596;47.303231;8.739492;597.4;46.2;14:54:22.120
597;47.30327;8.739531;597.4;46.3;14:54:22.620
598;47.303319;8.739564;597.5;46.3;14:54:23.120
599;47.303393;8.73959;597.7;46.3;14:54:23.620
600;47.303464;8.739616;598.1;46.3;14:54:24.120
601;47.303527;8.739654;598.6;44.5;14:54:24.620
602;47.303567;8.73971;599.1;44.1;14:54:25.120
603;47.303608;8.739755;599.4;44.1;14:54:25.620
604;47.303638;8.73979;599.5;44.1;14:54:26.120
605;47.303665;8.73983;599.6;44.5;14:54:26.620
606;47.303689;8.739902;599.9;44.5;14:54:27.120
607;47.30372;8.740005;600.6;38.7;14:54:27.620
608;47.303757;8.740098;601.5;37.2;14:54:28.120
609;47.303783;8.740178;601.8;37.9;14:54:28.620
610;47.303798;8.740253;601.5;38.8;14:54:29.120
611;47.303799;8.740333;600.7;42.3;14:54:29.620
612;47.3038;8.740409;600.1;43.9;14:54:30.120
613;47.303783;8.740458;599.7;43.9;14:54:30.620
614;47.303742;8.740501;599.4;43.9;14:54:31.120
615;47.303667;8.740534;599;43.9;14:54:31.620
616;47.303583;8.740567;598.4;50;14:54:32.120
617;47.303494;8.740578;597.8;50;14:54:32.620
618;47.303418;8.740566;597.2;53.4;14:54:33.120
619;47.303351;8.740533;596.7;55;14:54:33.620
620;47.303303;8.740497;596.1;55.5;14:54:34.120
621;47.303266;8.740446;595.9;54.5;14:54:34.620
622;47.303243;8.740367;595.8;51.5;14:54:35.120
623;47.30323;8.740245;596;50.8;14:54:35.620
624;47.30323;8.740127;596.3;49.6;14:54:36.120
625;47.303244;8.740031;596.9;45.8;14:54:36.620
626;47.303267;8.739966;597.3;45.5;14:54:37.120
627;47.303298;8.739901;597.6;43.6;14:54:37.620
628;47.303334;8.739841;597.9;42;14:54:38.120
629;47.303381;8.739795;598.2;42;14:54:38.620
630;47.303431;8.73977;598.5;42;14:54:39.120
631;47.303481;8.739758;598.8;39.7;14:54:39.620
632;47.303523;8.73975;599.1;38.4;14:54:40.120
633;47.303572;8.739741;599.1;38.4;14:54:40.620
634;47.30363;8.739733;599;39.3;14:54:41.120
635;47.303691;8.739727;598.8;40.1;14:54:41.620
636;47.303736;8.739725;598.6;39.9;14:54:42.120
637;47.303759;8.739731;598.5;39.9;14:54:42.620
638;47.303766;8.73975;598.5;40.4;14:54:43.120
639;47.303766;8.739782;598.6;40.4;14:54:43.620
640;47.303766;8.739833;598.7;40.4;14:54:44.120
641;47.303792;8.739887;598.8;40.4;14:54:44.620
642;47.303845;8.739944;599;40.5;14:54:45.120
643;47.303926;8.74;599.3;40.5;14:54:45.620
644;47.30398;8.740073;599.5;38.2;14:54:46.120
645;47.304005;8.740162;599.5;39.3;14:54:46.620
646;47.304001;8.740239;599;39.9;14:54:47.120
647;47.303992;8.740304;598.4;41.5;14:54:47.620
648;47.303983;8.740371;597.7;45.6;14:54:48.120
649;47.303978;8.740471;597.4;49.6;14:54:48.620
650;47.303976;8.740572;597.3;49.9;14:54:49.120
651;47.303976;8.740653;597.5;48.6;14:54:49.620
652;47.303976;8.740704;597.7;49.6;14:54:50.120
653;47.303942;8.74075;597.9;49.8;14:54:50.620
654;47.303864;8.74079;598;48.7;14:54:51.120
655;47.303735;8.74082;598.1;48.7;14:54:51.620
656;47.303612;8.740837;598.2;49.7;14:54:52.120
657;47.303512;8.740848;598.3;48.8;14:54:52.620
658;47.303444;8.740859;598.5;48.4;14:54:53.120
659;47.303395;8.740867;598.7;49;14:54:53.620
660;47.303342;8.740867;599;47.7;14:54:54.120
661;47.303293;8.740863;599.2;47.9;14:54:54.620
662;47.303235;8.740847;599.1;47.6;14:54:55.120
663;47.303184;8.740814;598.8;47.4;14:54:55.620
664;47.303126;8.740762;598.4;50.8;14:54:56.120
665;47.303057;8.74071;598.4;52.1;14:54:56.620
666;47.302998;8.740657;598.7;49;14:54:57.120
667;47.302955;8.740594;599.2;46.8;14:54:57.620
668;47.302935;8.740511;599.4;42.8;14:54:58.120
669;47.302922;8.740423;599.2;42.8;14:54:58.620
670;47.302918;8.740339;599;44.9;14:54:59.120
671;47.302923;8.740261;598.7;45.1;14:54:59.620
672;47.30294;8.740198;598.5;43.4;14:55:00.120
673;47.302965;8.740146;598.5;42.1;14:55:00.620
674;47.302992;8.740099;598.8;41.5;14:55:01.120
675;47.303022;8.74004;599.4;38.1;14:55:01.620
676;47.30306;8.73999;600;36.1;14:55:02.120
677;47.303117;8.739957;600.4;34.7;14:55:02.620
678;47.30318;8.739951;600.5;34.5;14:55:03.120
679;47.303237;8.739954;599.9;34.3;14:55:03.620
680;47.303277;8.739981;598.4;35.7;14:55:04.120
681;47.303303;8.740024;596.2;35.7;14:55:04.620
682;47.303316;8.740097;593.7;47.7;14:55:05.120
683;47.303317;8.740177;591.9;47.7;14:55:05.620
684;47.303304;8.740277;591;58.5;14:55:06.120
685;47.303287;8.740372;591;57.8;14:55:06.620
686;47.303258;8.740451;591.2;56.9;14:55:07.120
687;47.303227;8.740517;591.5;56.8;14:55:07.620
688;47.303189;8.740595;591.8;55.9;14:55:08.120
689;47.303167;8.740697;592.2;55.7;14:55:08.620
690;47.303156;8.740782;592.7;55.2;14:55:09.120
691;47.303126;8.74083;593.1;55.2;14:55:09.620
692;47.303067;8.740866;593.3;55.2;14:55:10.120
693;47.302971;8.740922;593.1;49.9;14:55:10.620
694;47.302885;8.741009;592.6;50.5;14:55:11.120
695;47.3028;8.741078;592.1;50.7;14:55:11.620
696;47.302725;8.741122;591.7;51.5;14:55:12.120
697;47.302651;8.74114;591.3;49.4;14:55:12.620
698;47.302589;8.741146;590.6;48.3;14:55:13.120
699;47.302546;8.741142;589.5;48;14:55:13.620
700;47.302493;8.741122;588.2;49;14:55:14.120
701;47.302438;8.741089;587.1;52.1;14:55:14.620
702;47.302366;8.741034;586.4;55.5;14:55:15.120
703;47.302307;8.740968;586.2;55.5;14:55:15.620
704;47.302246;8.740901;586.5;52.8;14:55:16.120
705;47.302196;8.740844;586.9;52.8;14:55:16.620
706;47.302145;8.740781;587.2;50;14:55:17.120
707;47.302105;8.740707;587.3;50;14:55:17.620
708;47.302064;8.740629;587.1;46.9;14:55:18.120
709;47.302018;8.740556;586.7;47.9;14:55:18.620
710;47.301972;8.740493;586.5;49.6;14:55:19.120
711;47.30193;8.740423;586.4;49.5;14:55:19.620
712;47.301891;8.740357;586.4;49.6;14:55:20.120
713;47.30185;8.740287;586.2;49.4;14:55:20.620
714;47.301816;8.740226;585.8;49;14:55:21.120
715;47.301796;8.740155;585;50.3;14:55:21.620
716;47.301767;8.740088;584.1;51;14:55:22.120
717;47.301714;8.740024;583.1;53.5;14:55:22.620
718;47.301631;8.739972;582.1;53.5;14:55:23.120
719;47.301554;8.739913;581.3;54.4;14:55:23.620
720;47.30149;8.739848;580.6;54.7;14:55:24.120
721;47.301427;8.739789;579.8;55.6;14:55:24.620
722;47.30135;8.739744;579;56.7;14:55:25.120
723;47.301268;8.739718;578.2;57.2;14:55:25.620
724;47.301197;8.739689;577.5;56.5;14:55:26.120
725;47.301148;8.739661;576.9;54.9;14:55:26.620
726;47.301111;8.739622;576.6;56.8;14:55:27.120
727;47.301092;8.739585;576.7;55.1;14:55:27.620
728;47.301083;8.739539;576.8;51.9;14:55:28.120
729;47.301083;8.739495;576.8;51.9;14:55:28.620
730;47.301044;8.739442;576.7;49.1;14:55:29.120
731;47.300964;8.739384;576.7;48.7;14:55:29.620
732;47.300842;8.739307;576.6;46.3;14:55:30.120
733;47.300756;8.739218;576.7;45.3;14:55:30.620
734;47.300716;8.73913;576.7;42.2;14:55:31.120
735;47.300727;8.739054;576.7;42;14:55:31.620
736;47.300749;8.738991;576.6;41.8;14:55:32.120
737;47.300771;8.738925;576.3;43.8;14:55:32.620
738;47.300801;8.738869;576;43.9;14:55:33.120
739;47.300839;8.738823;575.7;44.5;14:55:33.620
740;47.300887;8.738794;575.4;45.5;14:55:34.120
741;47.30092;8.738769;575.3;44.6;14:55:34.620
742;47.300959;8.73875;575.3;44.2;14:55:35.120
743;47.301014;8.738737;575.3;44.6;14:55:35.620
744;47.301111;8.73873;575.2;44.6;14:55:36.120
745;47.301203;8.738723;575.1;43.8;14:55:36.620
746;47.301276;8.738715;575.1;43.3;14:55:37.120
747;47.301322;8.738707;575;42.5;14:55:37.620
748;47.301374;8.738699;575;42.3;14:55:38.120
749;47.301428;8.738693;575;41.6;14:55:38.620
750;47.301486;8.738685;574.9;41.3;14:55:39.120
751;47.301528;8.738678;574.7;42.3;14:55:39.620
752;47.301576;8.738673;574.2;43;14:55:40.120
753;47.301621;8.738673;573.7;44.4;14:55:40.620
754;47.301684;8.738676;573.1;45.1;14:55:41.120
755;47.301743;8.738682;572.5;45.1;14:55:41.620
756;47.301812;8.73869;572.1;44.8;14:55:42.120
757;47.30188;8.7387;571.6;44.8;14:55:42.620
758;47.301945;8.738713;571.3;45;14:55:43.120
759;47.302001;8.73873;571.1;43.7;14:55:43.620
760;47.30205;8.738749;570.9;42.9;14:55:44.120
761;47.302106;8.73877;570.6;42.8;14:55:44.620
762;47.302159;8.738793;570.3;42.2;14:55:45.120
763;47.302203;8.738819;569.9;42.3;14:55:45.620
764;47.30224;8.738844;569.4;43;14:55:46.120
765;47.302279;8.738859;568.8;44.2;14:55:46.620
766;47.302327;8.738879;568.3;44.7;14:55:47.120
767;47.30236;8.738914;567.9;44.2;14:55:47.620
768;47.302397;8.738976;567.6;44.6;14:55:48.120
769;47.302447;8.739036;567.2;44.6;14:55:48.620
770;47.302534;8.739085;566.8;45.7;14:55:49.120
771;47.302617;8.739119;566.5;46;14:55:49.620
772;47.302688;8.739159;566.3;46.9;14:55:50.120
773;47.302736;8.739202;566.3;46.5;14:55:50.620
774;47.302789;8.739248;566.3;46.6;14:55:51.120
775;47.302839;8.739282;566.6;46.2;14:55:51.620
776;47.30289;8.739321;567;45.8;14:55:52.120
777;47.302928;8.739361;567.6;45.1;14:55:52.620
778;47.302961;8.739407;568.2;43.5;14:55:53.120
779;47.302994;8.739453;568.4;43.3;14:55:53.620
780;47.303035;8.739512;568.4;43.9;14:55:54.120
781;47.303084;8.739595;568.2;44.4;14:55:54.620
782;47.303125;8.739679;568.2;44.4;14:55:55.120
783;47.303159;8.73976;568.2;44.4;14:55:55.620
784;47.303187;8.739827;568.2;42.3;14:55:56.120
785;47.303209;8.739911;568.2;43.1;14:55:56.620
786;47.303217;8.739993;568.1;43.5;14:55:57.120
787;47.303209;8.740072;568.2;42.7;14:55:57.620
788;47.303193;8.740134;568.3;43.3;14:55:58.120
789;47.303174;8.740195;568.3;42;14:55:58.620
790;47.303151;8.740265;567.9;43.1;14:55:59.120
791;47.303124;8.740334;567.3;46.3;14:55:59.620
792;47.303098;8.740404;566.5;47.6;14:56:00.120
793;47.303082;8.740452;565.9;48.5;14:56:00.620
794;47.30305;8.740491;565.4;48.1;14:56:01.120
795;47.302991;8.74052;564.9;47.3;14:56:01.620
796;47.302887;8.740539;564.3;47.2;14:56:02.120
797;47.302789;8.740543;563.7;47.7;14:56:02.620
798;47.302706;8.740525;563;47.8;14:56:03.120
799;47.302655;8.740486;562.7;48.9;14:56:03.620
800;47.302604;8.740435;562.6;47.1;14:56:04.120
801;47.30256;8.740384;562.7;47.1;14:56:04.620
802;47.302525;8.740334;562.9;46.3;14:56:05.120
803;47.302508;8.740281;563.4;43.5;14:56:05.620
804;47.302497;8.74022;563.8;42.3;14:56:06.120
805;47.302486;8.740154;564.1;40.1;14:56:06.620
806;47.30247;8.740076;564.2;39.9;14:56:07.120
807;47.302463;8.739976;564.3;39.9;14:56:07.620
808;47.302471;8.739883;564.2;38.7;14:56:08.120
809;47.302497;8.739808;564.1;38;14:56:08.620
810;47.30253;8.739762;564;38;14:56:09.120
811;47.302559;8.739717;563.9;36.1;14:56:09.620
812;47.302587;8.739674;563.8;35.5;14:56:10.120
813;47.302624;8.739639;563.5;36.6;14:56:10.620
814;47.302677;8.739618;563.2;38.5;14:56:11.120
815;47.302728;8.739609;563;39.4;14:56:11.620
816;47.302771;8.739606;562.8;39.5;14:56:12.120
817;47.302808;8.739608;562.8;39.5;14:56:12.620
818;47.302851;8.739613;562.8;40.6;14:56:13.120
819;47.302879;8.739624;562.9;42.3;14:56:13.620
820;47.302893;8.739641;563.2;41.1;14:56:14.120
821;47.302922;8.739663;563.4;41.1;14:56:14.620
822;47.302983;8.739693;563.6;40.8;14:56:15.120
823;47.303082;8.739738;563.6;40.7;14:56:15.620
824;47.303162;8.739808;563.7;40.3;14:56:16.120
825;47.303217;8.73989;563.6;38.9;14:56:16.620
826;47.303237;8.739969;563.3;39.6;14:56:17.120
827;47.30325;8.740025;562.8;40.6;14:56:17.620
828;47.303256;8.740079;562.3;43.1;14:56:18.120
829;47.303258;8.740152;561.9;44.1;14:56:18.620
830;47.30325;8.740251;561.5;43.9;14:56:19.120
831;47.30323;8.740346;561;46.5;14:56:19.620
832;47.303198;8.740426;560.5;48;14:56:20.120
833;47.303169;8.740497;560;49.1;14:56:20.620
834;47.303137;8.740571;559.6;50;14:56:21.120
835;47.303092;8.740634;559.2;49.2;14:56:21.620
836;47.303017;8.740678;558.6;49.3;14:56:22.120
837;47.302937;8.740703;558.2;50.2;14:56:22.620
838;47.302865;8.740721;557.7;50.5;14:56:23.120
839;47.302811;8.740731;557.3;50.5;14:56:23.620
840;47.302748;8.740732;557;51.4;14:56:24.120
841;47.302682;8.74072;556.7;51.5;14:56:24.620
842;47.302614;8.74069;556.2;52.3;14:56:25.120
843;47.302565;8.740651;555.6;52.1;14:56:25.620
844;47.302514;8.74061;554.8;52.3;14:56:26.120
845;47.30246;8.740568;554;52.3;14:56:26.620
846;47.302392;8.740511;553.3;54.1;14:56:27.120
847;47.302339;8.740423;552.9;54.2;14:56:27.620
848;47.302298;8.740332;552.7;52.5;14:56:28.120
849;47.302266;8.740244;552.5;51.5;14:56:28.620
850;47.302227;8.74017;552.3;50.3;14:56:29.120
851;47.302188;8.74008;552;49.9;14:56:29.620
852;47.302156;8.739992;551.8;50.2;14:56:30.120
853;47.302131;8.739919;551.8;49.6;14:56:30.620
854;47.302111;8.739858;552;48.4;14:56:31.120
855;47.302099;8.73978;552.4;46.7;14:56:31.620
856;47.302094;8.739676;552.9;45.7;14:56:32.120
857;47.302093;8.739576;553.3;44.7;14:56:32.620
858;47.302092;8.739493;553.5;45.3;14:56:33.120
859;47.302095;8.739414;553.7;46.4;14:56:33.620
860;47.302108;8.739326;554;47.1;14:56:34.120
861;47.30214;8.739239;554.5;46.7;14:56:34.620
862;47.302193;8.739172;555.1;44.5;14:56:35.120
863;47.302249;8.739122;555.7;43.4;14:56:35.620
864;47.302297;8.73907;556.2;42.8;14:56:36.120
865;47.302334;8.73901;556.4;42.8;14:56:36.620
866;47.302376;8.738948;556.4;45.3;14:56:37.120
867;47.30242;8.738897;556.4;45.8;14:56:37.620
868;47.302459;8.738857;556.5;45.4;14:56:38.120
869;47.302479;8.738822;556.8;45.4;14:56:38.620
870;47.30251;8.738795;557.2;45;14:56:39.120
871;47.302565;8.738771;557.7;45;14:56:39.620
872;47.302652;8.738748;558.2;44.2;14:56:40.120
873;47.30273;8.738716;558.8;44.2;14:56:40.620
874;47.302793;8.738688;559.5;40.3;14:56:41.120
875;47.302847;8.738667;560.2;38.4;14:56:41.620
876;47.302898;8.738656;560.6;39;14:56:42.120
877;47.302947;8.738642;560.8;38.8;14:56:42.620
878;47.302989;8.738629;560.8;39.3;14:56:43.120
879;47.303042;8.738617;560.9;40;14:56:43.620
880;47.303097;8.738613;561;40;14:56:44.120
881;47.30315;8.738616;561.2;38.4;14:56:44.620
882;47.303192;8.738631;561.2;38.6;14:56:45.120
883;47.303239;8.738654;560.9;41.2;14:56:45.620
884;47.303288;8.738685;560.5;41.8;14:56:46.120
885;47.303331;8.738725;560.1;43.7;14:56:46.620
886;47.30336;8.738788;560;44.2;14:56:47.120
887;47.303384;8.738862;560.3;44.2;14:56:47.620
888;47.303408;8.738944;560.8;43.6;14:56:48.120
889;47.303425;8.739017;561.3;43.8;14:56:48.620
890;47.303429;8.739098;561.8;45.6;14:56:49.120
891;47.303416;8.739174;562.1;45.4;14:56:49.620
892;47.303386;8.739239;562.5;46.6;14:56:50.120
893;47.303348;8.739285;563;47.5;14:56:50.620
894;47.303311;8.739323;563.7;48;14:56:51.120
895;47.303291;8.739366;564.4;47.9;14:56:51.620
896;47.303283;8.739395;565;47;14:56:52.120
897;47.30325;8.7394;565.5;45.7;14:56:52.620
898;47.303185;8.739371;565.8;45.4;14:56:53.120
899;47.303083;8.739313;565.9;46;14:56:53.620
900;47.303006;8.739247;566;44.1;14:56:54.120
901;47.302955;8.73918;566.1;40.7;14:56:54.620
902;47.302941;8.739117;565.8;40.7;14:56:55.120
903;47.30294;8.739038;564.9;42.9;14:56:55.620
904;47.302956;8.738956;563.5;47.7;14:56:56.120
905;47.302985;8.738888;562.6;51.8;14:56:56.620
906;47.303015;8.738845;562.2;52.8;14:56:57.120
907;47.303033;8.738812;562.6;51.1;14:56:57.620
908;47.303069;8.738779;563.2;51.4;14:56:58.120
909;47.303128;8.738757;564;50.8;14:56:58.620
910;47.303215;8.73875;564.9;49.4;14:56:59.120
911;47.303274;8.738753;565.7;48.7;14:56:59.620
912;47.303303;8.738766;566.4;48.6;14:57:00.120
913;47.303303;8.738787;567;48.6;14:57:00.620
914;47.303333;8.738839;568.1;46.2;14:57:01.120
915;47.303395;8.738914;569.5;41.8;14:57:01.620
916;47.303487;8.739022;571;43.1;14:57:02.120
917;47.303547;8.739133;571.9;43.5;14:57:02.620
918;47.303573;8.739236;572.3;48.4;14:57:03.120
919;47.303565;8.739317;572.5;51.1;14:57:03.620
920;47.303559;8.739375;573;54.1;14:57:04.120
921;47.303556;8.739421;573.8;55;14:57:04.620
922;47.303556;8.739444;574.7;55.9;14:57:05.120
923;47.303513;8.739453;575.5;53.1;14:57:05.620
924;47.303422;8.73944;576.3;53.1;14:57:06.120
925;47.303284;8.739401;577.1;49.9;14:57:06.620
926;47.303183;8.739329;577.9;47;14:57:07.120
927;47.30313;8.739241;578.7;46.2;14:57:07.620
928;47.303128;8.739157;579.2;45;14:57:08.120
929;47.303136;8.739088;579.7;44.6;14:57:08.620
930;47.303154;8.739025;580.3;44.8;14:57:09.120
931;47.30318;8.738975;581.1;43.3;14:57:09.620
932;47.303222;8.738933;582.1;42.6;14:57:10.120
933;47.303271;8.738899;583.2;40.6;14:57:10.620
934;47.303324;8.738863;584.5;37.2;14:57:11.120
935;47.303362;8.738839;585.7;37.2;14:57:11.620
936;47.303391;8.738834;586.9;36.4;14:57:12.120
937;47.303404;8.738852;587.8;34.6;14:57:12.620
938;47.303424;8.73889;588.3;33.7;14:57:13.120
939;47.30345;8.738941;588.3;35.6;14:57:13.620
940;47.303486;8.739001;587.8;40.6;14:57:14.120
941;47.303498;8.739052;587.2;47.4;14:57:14.620
942;47.303486;8.739124;586.9;53;14:57:15.120
943;47.303449;8.739205;586.9;57.5;14:57:15.620
944;47.303402;8.739306;586.9;57.2;14:57:16.120
945;47.303344;8.739381;586.8;58.8;14:57:16.620
946;47.303289;8.739425;586.7;60.7;14:57:17.120
947;47.303256;8.739438;587.1;63.7;14:57:17.620
948;47.303214;8.739421;588;61.3;14:57:18.120
949;47.303146;8.739387;589.5;56.9;14:57:18.620
950;47.303034;8.739327;591;55.8;14:57:19.120
951;47.302938;8.739261;592.5;51.7;14:57:19.620
952;47.302874;8.739174;593.8;49;14:57:20.120
953;47.302854;8.739087;595;46.1;14:57:20.620
954;47.302854;8.739005;595.9;42.2;14:57:21.120
955;47.302868;8.738942;596.6;40.8;14:57:21.620
956;47.302896;8.73889;597.1;40.7;14:57:22.120
957;47.302924;8.738852;597.3;42.4;14:57:22.620
958;47.30295;8.738828;597.5;44.5;14:57:23.120
959;47.302988;8.73882;597.7;44.5;14:57:23.620
960;47.303044;8.738829;598.2;45.2;14:57:24.120
961;47.303125;8.738849;598.7;45.6;14:57:24.620
962;47.303192;8.738887;599.5;46.1;14:57:25.120
963;47.30325;8.738934;600.6;43.7;14:57:25.620
964;47.303287;8.738998;602;42.2;14:57:26.120
965;47.30332;8.739076;603.2;41.4;14:57:26.620
966;47.303341;8.739156;604.2;42.6;14:57:27.120
967;47.303354;8.73923;605.2;43.9;14:57:27.620
968;47.303356;8.739296;606.2;44;14:57:28.120
969;47.303345;8.739373;607;43.2;14:57:28.620
970;47.303329;8.739447;607.4;44;14:57:29.120
971;47.303311;8.739506;607.2;47;14:57:29.620
972;47.303301;8.739534;606.4;50;14:57:30.120
973;47.303296;8.739542;605.5;56.7;14:57:30.620
974;47.303296;8.739511;605;56.7;14:57:31.120
975;47.303258;8.739453;605.5;60.5;14:57:31.620
976;47.30318;8.739356;607.1;60.5;14:57:32.120
977;47.303064;8.739263;608.9;51.7;14:57:32.620
978;47.302986;8.739159;610.4;46.6;14:57:33.120
979;47.302951;8.739068;611.2;45.1;14:57:33.620
980;47.30296;8.738978;611.5;44.4;14:57:34.120
981;47.302972;8.738914;611.4;44.4;14:57:34.620
982;47.302995;8.738861;611.3;44.5;14:57:35.120
983;47.303029;8.738826;611.4;44;14:57:35.620
984;47.303074;8.738805;611.9;41;14:57:36.120
985;47.303105;8.738797;612.4;41.8;14:57:36.620
986;47.30312;8.738807;613.1;42.9;14:57:37.120
987;47.30312;8.738829;614;42.9;14:57:37.620
988;47.30312;8.738869;615.1;41.8;14:57:38.120
989;47.30312;8.738915;616.1;40.2;14:57:38.620
990;47.30312;8.738975;616.9;39.9;14:57:39.120
991;47.303162;8.739036;617.6;39.7;14:57:39.620
992;47.303251;8.739088;618.3;40.7;14:57:40.120
993;47.303389;8.739115;619.4;41.4;14:57:40.620
994;47.303491;8.73915;620.6;40.5;14:57:41.120
995;47.303551;8.739216;621.5;37.8;14:57:41.620
996;47.303564;8.739333;621.9;37.8;14:57:42.120
997;47.303573;8.739445;621.9;39.9;14:57:42.620
998;47.303578;8.73954;621.9;42.1;14:57:43.120
999;47.303581;8.739596;622.2;43.5;14:57:43.620
1000;47.303582;8.739664;622.8;44.2;14:57:44.120
1001;47.303573;8.739731;623.5;45.4;14:57:44.620
1002;47.303545;8.739815;623.8;43.7;14:57:45.120
1003;47.303486;8.73987;623.4;42.5;14:57:45.620
1004;47.303416;8.739897;622.1;47;14:57:46.120
1005;47.303348;8.739888;620.7;51.3;14:57:46.620
1006;47.303296;8.73985;619.7;65.8;14:57:47.120
1007;47.303248;8.739786;619.9;65.6;14:57:47.620
1008;47.303207;8.739701;621.3;59;14:57:48.120
1009;47.303177;8.739602;623.4;55.5;14:57:48.620
1010;47.303159;8.739509;625.2;51.6;14:57:49.120
1011;47.303148;8.739421;626.5;49.4;14:57:49.620
1012;47.303138;8.739346;627.6;47;14:57:50.120
1013;47.303136;8.739263;628.7;42.9;14:57:50.620
1014;47.303147;8.739172;629.9;42.9;14:57:51.120
1015;47.303176;8.739094;630.9;36.7;14:57:51.620
1016;47.303211;8.73904;631.7;36.7;14:57:52.120
1017;47.303248;8.739008;632.3;34.6;14:57:52.620
1018;47.303282;8.738983;632.6;34.9;14:57:53.120
1019;47.303325;8.738965;632.8;34.7;14:57:53.620
1020;47.303378;8.738961;633;34.8;14:57:54.120
1021;47.303432;8.738969;633.4;35.1;14:57:54.620
1022;47.303478;8.738983;633.9;34.7;14:57:55.120
1023;47.303508;8.738999;634.4;34.9;14:57:55.620
1024;47.303529;8.739008;634.5;35.3;14:57:56.120
1025;47.303538;8.739011;634.3;35.3;14:57:56.620
1026;47.303543;8.739038;633.9;38;14:57:57.120
1027;47.303565;8.739091;633.5;41.2;14:57:57.620
1028;47.30361;8.739182;633.2;41.2;14:57:58.120
1029;47.303681;8.739267;633;41.2;14:57:58.620
1030;47.303741;8.739345;632.8;43;14:57:59.120
1031;47.303792;8.739395;632.7;43;14:57:59.620
1032;47.303828;8.739424;632.8;45.2;14:58:00.120
1033;47.303863;8.739469;633;44.7;14:58:00.620
1034;47.303888;8.73954;633.4;44.7;14:58:01.120
1035;47.303904;8.739672;633.7;46.7;14:58:01.620
1036;47.303911;8.739794;634;47.9;14:58:02.120
1037;47.303911;8.739916;634.2;48.9;14:58:02.620
1038;47.303907;8.740008;634.2;49.4;14:58:03.120
1039;47.303902;8.740117;634.1;51.6;14:58:03.620
1040;47.303888;8.740217;634.1;51.6;14:58:04.120
1041;47.303858;8.740311;634.1;56.2;14:58:04.620
1042;47.30381;8.740383;634.2;56.2;14:58:05.120
1043;47.303753;8.740458;634.3;57;14:58:05.620
1044;47.303699;8.740537;634.3;58.3;14:58:06.120
1045;47.303638;8.740614;634.5;60.2;14:58:06.620
1046;47.303561;8.74067;634.8;60.2;14:58:07.120
1047;47.303478;8.740704;635.3;61.4;14:58:07.620
1048;47.303397;8.740724;636.2;61.1;14:58:08.120
1049;47.30334;8.740733;637.3;58;14:58:08.620
1050;47.303296;8.740732;638.4;55.9;14:58:09.120
1051;47.303245;8.740723;639.2;55.9;14:58:09.620
1052;47.303174;8.740696;639.8;56.2;14:58:10.120
1053;47.303074;8.740653;640.5;55.8;14:58:10.620
1054;47.302991;8.740592;641.7;56.1;14:58:11.120
1055;47.302917;8.74053;643.4;54.6;14:58:11.620
1056;47.30287;8.740478;645;49.4;14:58:12.120
1057;47.302824;8.740419;646.3;46.6;14:58:12.620
1058;47.302787;8.740361;646.8;45.1;14:58:13.120
1059;47.302746;8.740287;647;45.7;14:58:13.620
1060;47.302709;8.740232;647.1;46.8;14:58:14.120
1061;47.302679;8.740156;647.5;48.5;14:58:14.620
1062;47.302661;8.740081;648.1;49.6;14:58:15.120
1063;47.302648;8.739977;649.1;48;14:58:15.620
1064;47.302638;8.739887;650.1;45.7;14:58:16.120
1065;47.302633;8.739788;651;43.5;14:58:16.620
1066;47.302635;8.739694;651.6;43.5;14:58:17.120
1067;47.302651;8.7396;652.1;42.9;14:58:17.620
1068;47.302678;8.739526;652.6;41.7;14:58:18.120
1069;47.302712;8.739474;653.3;39.5;14:58:18.620
1070;47.302749;8.739427;653.9;38.8;14:58:19.120
1071;47.302784;8.739386;654.6;37.3;14:58:19.620
1072;47.302826;8.739356;655.2;35;14:58:20.120
1073;47.302868;8.73934;655.9;35;14:58:20.620
1074;47.302914;8.739334;656.3;36.1;14:58:21.120
1075;47.302949;8.73933;656.4;36.7;14:58:21.620
1076;47.302981;8.739329;656.3;39.2;14:58:22.120
1077;47.302998;8.739331;656.2;39.8;14:58:22.620
1078;47.303026;8.739335;656.2;41;14:58:23.120
1079;47.303077;8.739338;656.4;40.8;14:58:23.620
1080;47.303164;8.73934;656.5;41.1;14:58:24.120
1081;47.303256;8.739351;656.4;41.8;14:58:24.620
1082;47.303331;8.739378;656.3;42.5;14:58:25.120
1083;47.303384;8.73942;656.1;42.9;14:58:25.620
1084;47.303428;8.739456;656;42.9;14:58:26.120
1085;47.303479;8.739487;656;42.6;14:58:26.620
1086;47.303533;8.739513;656;43.9;14:58:27.120
1087;47.303577;8.739561;656.2;44.3;14:58:27.620
1088;47.303599;8.739613;656.4;43.4;14:58:28.120
1089;47.303627;8.739667;656.7;43.2;14:58:28.620
1090;47.303668;8.739711;657;44.3;14:58:29.120
1091;47.303736;8.739754;657.3;43.3;14:58:29.620
1092;47.303788;8.739797;657.6;43.3;14:58:30.120
1093;47.303824;8.739844;657.7;43.3;14:58:30.620
1094;47.303851;8.739895;657.7;43.1;14:58:31.120
1095;47.303889;8.739969;657.6;43.4;14:58:31.620
1096;47.303941;8.740044;657.5;44.1;14:58:32.120
1097;47.303982;8.74012;657.4;45.9;14:58:32.620
1098;47.304014;8.740184;657.7;45.9;14:58:33.120
1099;47.304029;8.740255;658.4;45.8;14:58:33.620
1100;47.304037;8.740351;659.2;42;14:58:34.120
1101;47.30404;8.740453;659.7;42;14:58:34.620
1102;47.30404;8.740559;659.9;39.6;14:58:35.120
1103;47.30404;8.740629;659.5;41;14:58:35.620
1104;47.30404;8.740697;658.8;41;14:58:36.120
1105;47.30404;8.740775;658;45.8;14:58:36.620
1106;47.304046;8.740883;657.4;47.9;14:58:37.120
1107;47.304054;8.740989;656.9;50.4;14:58:37.620
1108;47.304065;8.74108;656.7;51.5;14:58:38.120
1109;47.304064;8.741171;656.6;51.7;14:58:38.620
1110;47.304051;8.741264;656.6;50.8;14:58:39.120
1111;47.304027;8.741358;656.4;51.5;14:58:39.620
1112;47.303995;8.741422;656.1;53.4;14:58:40.120
1113;47.303961;8.741483;655.6;54.8;14:58:40.620
1114;47.303926;8.74153;655.5;59.6;14:58:41.120
1115;47.303877;8.74158;655.6;58.3;14:58:41.620
1116;47.303797;8.741606;656;57.3;14:58:42.120
1117;47.303685;8.741615;656.2;55;14:58:42.620
1118;47.30359;8.741601;656.3;55;14:58:43.120
1119;47.303517;8.741579;656.3;56.9;14:58:43.620
1120;47.303458;8.741547;656.3;56.5;14:58:44.120
1121;47.303377;8.74151;656.3;56.6;14:58:44.620
1122;47.303297;8.74146;656.5;56.6;14:58:45.120
1123;47.303226;8.741399;656.8;57;14:58:45.620
1124;47.303174;8.741334;657.6;55.2;14:58:46.120
1125;47.303116;8.741284;658.8;52.1;14:58:46.620
1126;47.303063;8.741238;660.1;51.3;14:58:47.120
1127;47.30302;8.74118;661.4;47.7;14:58:47.620
1128;47.302987;8.741102;662.3;47.2;14:58:48.120
1129;47.302954;8.741035;663.1;46.2;14:58:48.620
1130;47.302905;8.740973;663.5;46.2;14:58:49.120
1131;47.302859;8.740905;663.6;48.8;14:58:49.620
1132;47.302811;8.740799;663.3;48.8;14:58:50.120
1133;47.302775;8.740691;663.1;54.3;14:58:50.620
1134;47.302731;8.740594;663;55.8;14:58:51.120
1135;47.302689;8.740515;663.1;56.5;14:58:51.620
1136;47.302648;8.740418;663.4;56.5;14:58:52.120
1137;47.302612;8.740315;663.8;59.7;14:58:52.620
1138;47.302576;8.740229;664.2;60.3;14:58:53.120
1139;47.302547;8.740159;664.6;60.3;14:58:53.620
1140;47.302519;8.74009;664.9;59.6;14:58:54.120
1141;47.302491;8.740008;665.4;59.6;14:58:54.620
1142;47.302458;8.739919;666.2;58.3;14:58:55.120
1143;47.302431;8.739813;667.2;57.4;14:58:55.620
1144;47.302422;8.739681;668.7;46.8;14:58:56.120
1145;47.302433;8.739556;670.6;43.7;14:58:56.620
1146;47.302459;8.73946;672.5;38.1;14:58:57.120
1147;47.302495;8.739406;674;38.1;14:58:57.620
1148;47.302533;8.739369;675;35.8;14:58:58.120
1149;47.302572;8.739339;675.4;36.1;14:58:58.620
1150;47.302611;8.739319;675.6;36.3;14:58:59.120
1151;47.302661;8.739308;675.7;36.6;14:58:59.620
1152;47.302709;8.739308;675.7;36.7;14:59:00.120
1153;47.302755;8.739326;675.7;37.6;14:59:00.620
1154;47.302785;8.739355;675.7;38.5;14:59:01.120
1155;47.302807;8.739395;675.6;39.5;14:59:01.620
1156;47.302823;8.739443;675.2;42.2;14:59:02.120
1157;47.302839;8.739501;674.5;43.2;14:59:02.620
1158;47.302849;8.7396;673.6;53.1;14:59:03.120
1159;47.302844;8.739709;672.8;59.2;14:59:03.620
1160;47.302811;8.739839;672.3;60.4;14:59:04.120
1161;47.302761;8.739934;672.2;61.2;14:59:04.620
1162;47.302702;8.740024;672.3;62.9;14:59:05.120
1163;47.302643;8.740085;672.7;62.7;14:59:05.620
1164;47.302582;8.740133;673.3;63.4;14:59:06.120
1165;47.302531;8.740155;674;61.1;14:59:06.620
1166;47.3025;8.74016;674.8;58.7;14:59:07.120
1167;47.302456;8.740156;675.8;58.9;14:59:07.620
1168;47.302378;8.740142;676.5;59.5;14:59:08.120
1169;47.302255;8.740117;677.1;61;14:59:08.620
1170;47.302156;8.740075;677.6;61.3;14:59:09.120
1171;47.302079;8.740022;678.3;61.2;14:59:09.620
1172;47.302015;8.739969;679.3;61.6;14:59:10.120
1173;47.301922;8.739922;680.8;61.6;14:59:10.620
1174;47.301834;8.739878;682.4;56.8;14:59:11.120
1175;47.30176;8.739825;684.1;54.8;14:59:11.620
1176;47.301711;8.73976;685.4;54.6;14:59:12.120
1177;47.301664;8.739697;686.7;51.8;14:59:12.620
1178;47.30161;8.739642;687.6;50.3;14:59:13.120
1179;47.301556;8.739592;688.3;49.4;14:59:13.620
1180;47.301501;8.739528;688.8;49.2;14:59:14.120
1181;47.301459;8.739456;689.4;49;14:59:14.620
1182;47.301422;8.739385;690.2;47.5;14:59:15.120
1183;47.301391;8.739324;691.2;46.2;14:59:15.620
1184;47.301367;8.739254;692;37.8;14:59:16.120
1185;47.301351;8.739182;692.5;36.3;14:59:16.620
1186;47.301347;8.739116;692.4;35.7;14:59:17.120
1187;47.301361;8.739067;691.9;35.7;14:59:17.620
1188;47.301389;8.739021;690.8;39.5;14:59:18.120
1189;47.301432;8.738969;689.7;41.7;14:59:18.620
1190;47.301478;8.738927;688.7;46.8;14:59:19.120
1191;47.301529;8.738903;688.5;47.6;14:59:19.620
1192;47.30157;8.738896;688.9;47.2;14:59:20.120
1193;47.301595;8.738894;690;45.6;14:59:20.620
1194;47.30163;8.738895;691.4;45.2;14:59:21.120
1195;47.301684;8.7389;692.7;44.1;14:59:21.620
1196;47.301765;8.738907;693.7;43.2;14:59:22.120
1197;47.301833;8.738916;694;43.3;14:59:22.620
1198;47.301899;8.738928;693.9;43.7;14:59:23.120
1199;47.301969;8.738941;693.6;43.7;14:59:23.620
1200;47.302043;8.738956;693.7;44.7;14:59:24.120
1201;47.302107;8.738973;694.2;41.8;14:59:24.620
1202;47.30215;8.738989;694.7;38.8;14:59:25.120
1203;47.302189;8.739012;695.3;38.8;14:59:25.620
1204;47.302229;8.739047;695.7;38.8;14:59:26.120
1205;47.302268;8.739109;696.4;40.8;14:59:26.620
1206;47.302305;8.73919;697.2;41.6;14:59:27.120
1207;47.302326;8.739275;698;42.1;14:59:27.620
1208;47.302333;8.739355;698.9;41.4;14:59:28.120
1209;47.302326;8.739413;699.5;41;14:59:28.620
1210;47.302316;8.739474;699.8;41.5;14:59:29.120
1211;47.302296;8.739536;699.7;41.4;14:59:29.620
1212;47.302259;8.739615;699.3;47;14:59:30.120
1213;47.302195;8.73968;698.8;47;14:59:30.620
1214;47.302126;8.739725;698.3;51.8;14:59:31.120
1215;47.302057;8.739749;698;52.9;14:59:31.620
1216;47.301997;8.739762;697.9;53.9;14:59:32.120
1217;47.301933;8.739766;698;53.7;14:59:32.620
1218;47.301882;8.739757;698.1;53.5;14:59:33.120
1219;47.301833;8.739734;698;54.6;14:59:33.620
1220;47.301773;8.739706;697.8;55.6;14:59:34.120
1221;47.30169;8.739675;697.5;57.9;14:59:34.620
1222;47.301612;8.739643;697.5;60.6;14:59:35.120
1223;47.301547;8.739605;697.8;61.9;14:59:35.620
1224;47.301484;8.739557;698.3;61.4;14:59:36.120
1225;47.301394;8.73951;699;61.4;14:59:36.620
1226;47.301302;8.739456;699.7;61.4;14:59:37.120
1227;47.301218;8.739407;700.5;57.9;14:59:37.620
1228;47.301162;8.739341;701.2;56.5;14:59:38.120
1229;47.301108;8.739273;701.9;52;14:59:38.620
1230;47.301058;8.739209;702.6;51.4;14:59:39.120
1231;47.301015;8.739151;703.4;49.2;14:59:39.620
1232;47.30099;8.739082;704.5;46;14:59:40.120
1233;47.300979;8.738994;705.6;46;14:59:40.620
1234;47.300976;8.738908;706.8;37.5;14:59:41.120
1235;47.30099;8.738844;707.5;37.5;14:59:41.620
1236;47.301019;8.73879;707.9;36.5;14:59:42.120
1237;47.301069;8.73874;707.8;36.5;14:59:42.620
1238;47.301116;8.738683;707.3;36.9;14:59:43.120
1239;47.30117;8.73864;706.3;36.9;14:59:43.620
1240;47.301218;8.738605;705.2;44.2;14:59:44.120
1241;47.301271;8.738579;703.9;47.8;14:59:44.620
1242;47.301324;8.73856;702.9;53.2;14:59:45.120
1243;47.301385;8.738548;702.2;55.5;14:59:45.620
1244;47.301443;8.738544;702.5;54.2;14:59:46.120
1245;47.301479;8.738545;703.4;53.6;14:59:46.620
1246;47.301493;8.73855;704.9;53.6;14:59:47.120
1247;47.301493;8.738559;706.4;49.4;14:59:47.620
1248;47.301539;8.738571;707.8;47.8;14:59:48.120
1249;47.30163;8.73859;708.9;47.1;14:59:48.620
1250;47.301773;8.738613;709.8;44.2;14:59:49.120
1251;47.301885;8.738637;710.4;44.2;14:59:49.620
1252;47.301973;8.738661;710.9;43.4;14:59:50.120
1253;47.302022;8.738697;711.3;43.6;14:59:50.620
1254;47.302071;8.73876;711.8;45;14:59:51.120
1255;47.302104;8.738833;712.5;45.8;14:59:51.620
1256;47.302133;8.738899;713.5;43.3;14:59:52.120
1257;47.302154;8.738954;714.4;43.1;14:59:52.620
1258;47.302176;8.73902;715;42.1;14:59:53.120
1259;47.302187;8.739105;715.1;42.1;14:59:53.620
1260;47.302189;8.739196;714.8;43.9;14:59:54.120
1261;47.302174;8.73928;714.2;43.9;14:59:54.620
1262;47.30215;8.739368;713.3;43.9;14:59:55.120
1263;47.302114;8.73946;712.2;50.6;14:59:55.620
1264;47.30207;8.739546;711.3;55.5;14:59:56.120
1265;47.302006;8.739612;710.7;61.5;14:59:56.620
1266;47.301938;8.739657;710.8;64.7;14:59:57.120
1267;47.301868;8.739692;711.4;63.6;14:59:57.620
1268;47.301803;8.739711;712.3;61.8;14:59:58.120
1269;47.301732;8.739716;713.1;60.5;14:59:58.620
1270;47.301668;8.739701;713.4;60.7;14:59:59.120
1271;47.30163;8.73967;713.4;60.9;14:59:59.620
1272;47.301616;8.739615;713.5;60.4;15:00:00.120
1273;47.301616;8.739549;713.7;58.8;15:00:00.620
1274;47.301575;8.739478;713.9;57;15:00:01.120
1275;47.301494;8.73941;714;56.1;15:00:01.620
1276;47.30137;8.739321;714.3;55.5;15:00:02.120
1277;47.301286;8.739224;714.7;52.4;15:00:02.620
1278;47.301244;8.739123;715.2;49.9;15:00:03.120
1279;47.301253;8.739041;715.6;49;15:00:03.620
1280;47.301272;8.738959;716.1;44.8;15:00:04.120
1281;47.301294;8.738888;716.6;44.2;15:00:04.620
1282;47.30132;8.738821;717.2;43.2;15:00:05.120
1283;47.301349;8.738769;717.5;43.2;15:00:05.620
1284;47.301384;8.738721;717.6;44.2;15:00:06.120
1285;47.301408;8.738679;717.2;44.2;15:00:06.620
1286;47.301445;8.738647;717.1;46.2;15:00:07.120
1287;47.301502;8.738619;717.5;46.4;15:00:07.620
1288;47.301592;8.738593;718.7;44.7;15:00:08.120
1289;47.301672;8.738563;720.1;44.7;15:00:08.620
1290;47.301734;8.738545;721.8;40.3;15:00:09.120
1291;47.301787;8.738535;723.2;40.3;15:00:09.620
1292;47.301846;8.738535;724.5;36.9;15:00:10.120
1293;47.301903;8.738538;725.2;37.5;15:00:10.620
1294;47.30195;8.738542;725.5;37.9;15:00:11.120
1295;47.301982;8.73855;725.4;38.5;15:00:11.620
1296;47.302007;8.738566;725.3;37.9;15:00:12.120
1297;47.30202;8.738591;725.1;37.7;15:00:12.620
1304;47.302313;8.738983;722;44.9;15:00:16.120
1305;47.302329;8.739055;721;45.7;15:00:16.620
1306;47.302339;8.739149;720.1;50;15:00:17.120
1307;47.302344;8.739247;719.4;50.6;15:00:17.620
1308;47.302344;8.73937;719;53.2;15:00:18.120
1309;47.302339;8.739483;718.9;54.3;15:00:18.620
1310;47.302332;8.739586;719;54;15:00:19.120
1311;47.30232;8.739693;719.2;53.4;15:00:19.620
1312;47.302308;8.739794;719.4;53.2;15:00:20.120
1313;47.302284;8.739886;719.6;53.4;15:00:20.620
1314;47.302253;8.739961;719.7;54.1;15:00:21.120
1315;47.302206;8.740036;719.5;53.8;15:00:21.620
1316;47.30216;8.740101;719.2;53.8;15:00:22.120
1317;47.302098;8.740157;718.5;56.7;15:00:22.620
1318;47.302023;8.740209;717.9;59.6;15:00:23.120
1319;47.301939;8.740269;717.2;60.5;15:00:23.620
1320;47.301861;8.740317;716.7;63.8;15:00:24.120
1321;47.301793;8.740343;716.4;63.8;15:00:24.620
1322;47.301728;8.740339;716.2;62.4;15:00:25.120
1323;47.301675;8.74032;715.8;61.9;15:00:25.620
1324;47.301643;8.74029;715.4;62.3;15:00:26.120
1325;47.301633;8.740259;715.2;62.3;15:00:26.620
1326;47.301597;8.740214;715.4;60.7;15:00:27.120
1327;47.301523;8.74014;716;60.3;15:00:27.620
1328;47.30141;8.74002;716.8;57.2;15:00:28.120
1329;47.301328;8.739886;717.8;56.2;15:00:28.620
1330;47.301286;8.739765;718.8;52.3;15:00:29.120
1331;47.301285;8.739668;719.9;52.3;15:00:29.620
1332;47.301291;8.739582;720.9;50.4;15:00:30.120
1333;47.301305;8.739486;721.9;49.2;15:00:30.620
1334;47.301327;8.739397;722.8;48.1;15:00:31.120
1335;47.301362;8.739318;723.8;46.1;15:00:31.620
1336;47.301399;8.739262;724.7;44.9;15:00:32.120
1337;47.301438;8.739212;725.4;44.1;15:00:32.620
1338;47.301466;8.739173;725.8;43.8;15:00:33.120
1339;47.301491;8.739141;726.2;44.2;15:00:33.620
1340;47.301504;8.739115;726.6;44.2;15:00:34.120
1341;47.301534;8.739088;727.1;41.4;15:00:34.620
1342;47.301582;8.739077;727.5;40.1;15:00:35.120
1343;47.301666;8.739083;727.8;39.6;15:00:35.620
1344;47.301744;8.739111;728;38.2;15:00:36.120
1345;47.301815;8.739148;728.1;38.2;15:00:36.620
1346;47.301858;8.739202;728.3;38.3;15:00:37.120
1347;47.301887;8.739262;728.4;40.4;15:00:37.620
1348;47.301901;8.739332;728.4;42.5;15:00:38.120
1349;47.301906;8.739403;728.3;42.9;15:00:38.620
1350;47.301901;8.739492;728;47.7;15:00:39.120
1351;47.30189;8.739591;727.7;48.3;15:00:39.620
1352;47.301861;8.739686;727.5;50.2;15:00:40.120
1353;47.301815;8.739762;727.2;51.5;15:00:40.620
1354;47.301753;8.739814;726.8;52.9;15:00:41.120
1355;47.301692;8.739857;726.3;54.9;15:00:41.620
1356;47.30163;8.739886;725.8;55.7;15:00:42.120
1357;47.301558;8.739906;725.3;55.7;15:00:42.620
1358;47.301479;8.739907;724.6;55.7;15:00:43.120
1359;47.301404;8.739891;723.8;57.5;15:00:43.620
1360;47.301343;8.739853;723;58.2;15:00:44.120
1361;47.301276;8.739803;722.7;59.2;15:00:44.620
1362;47.301205;8.739757;723;58.8;15:00:45.120
1363;47.301137;8.739703;723.8;57.1;15:00:45.620
1364;47.301089;8.739626;724.9;55.2;15:00:46.120
1365;47.301061;8.739517;726;54.4;15:00:46.620
1366;47.301044;8.739411;726.9;50.2;15:00:47.120
1367;47.301035;8.739321;727.6;50.2;15:00:47.620
1368;47.301033;8.739231;728;48.2;15:00:48.120
1369;47.301041;8.739139;728.2;47.6;15:00:48.620
1370;47.301062;8.739049;728.3;46.6;15:00:49.120
1371;47.30109;8.738983;728.5;46.6;15:00:49.620
1372;47.301126;8.738926;728.8;43.4;15:00:50.120
1373;47.301165;8.738881;729.4;40.9;15:00:50.620
1374;47.301215;8.738846;730.3;40.4;15:00:51.120
1375;47.301265;8.738828;730.8;40.3;15:00:51.620
1376;47.301306;8.738835;731.2;40.5;15:00:52.120
1377;47.301337;8.738871;731.3;40.5;15:00:52.620
1378;47.301366;8.738931;731.3;40.5;15:00:53.120
1379;47.3014;8.738998;730.9;41.5;15:00:53.620
1380;47.301426;8.73907;730.2;43.6;15:00:54.120
1381;47.301436;8.739161;729.3;46.3;15:00:54.620
1382;47.301424;8.73926;728.5;52.9;15:00:55.120
1383;47.301391;8.739355;728;58.2;15:00:55.620
1384;47.301335;8.739425;728.1;58.2;15:00:56.120
1385;47.301271;8.739487;728.4;59.3;15:00:56.620
1386;47.301207;8.739534;728.8;56.9;15:00:57.120
1387;47.30115;8.739566;728.8;55.9;15:00:57.620
1388;47.301077;8.739573;728.3;56.5;15:00:58.120
1389;47.301;8.739558;727.3;59.5;15:00:58.620
1390;47.30093;8.739514;726.4;60.5;15:00:59.120
1391;47.300877;8.739452;725.9;63.6;15:00:59.620
1392;47.300825;8.739374;726;64.7;15:01:00.120
1393;47.300763;8.739297;726.4;64.7;15:01:00.620
1394;47.300707;8.739199;727.1;61.3;15:01:01.120
1395;47.300668;8.739101;727.6;61.3;15:01:01.620
1396;47.30065;8.738996;728.4;57.4;15:01:02.120
1397;47.300649;8.738903;729.1;57.4;15:01:02.620
1398;47.300658;8.738797;729.8;50.6;15:01:03.120
1399;47.300679;8.738693;730.3;49.1;15:01:03.620
1400;47.300703;8.738598;730.5;46.1;15:01:04.120
1401;47.300731;8.738535;731;44.5;15:01:04.620
1402;47.300754;8.738485;732.1;43.4;15:01:05.120
1403;47.300769;8.738437;733.5;42.8;15:01:05.620
1404;47.300792;8.738371;734.3;42.6;15:01:06.120
1405;47.300837;8.738314;734.5;43.4;15:01:06.620
1406;47.30091;8.738264;734.5;44.4;15:01:07.120
1407;47.300971;8.738235;734.8;45.3;15:01:07.620
1408;47.301019;8.738221;735.7;45.3;15:01:08.120
1409;47.301063;8.738221;736.7;45.3;15:01:08.620
1410;47.301125;8.738234;737.4;45.3;15:01:09.120
1411;47.301187;8.738255;737.9;37.1;15:01:09.620
1412;47.301235;8.738294;738.1;36.9;15:01:10.120
1413;47.301263;8.738344;738.3;35.1;15:01:10.620
1414;47.301287;8.738401;738.3;35.2;15:01:11.120
1415;47.301307;8.738456;738;36.9;15:01:11.620
1416;47.301323;8.738525;737.4;40.3;15:01:12.120
1417;47.30133;8.738596;736.8;40.3;15:01:12.620
1418;47.30133;8.738677;736.4;46.9;15:01:13.120
1419;47.301322;8.738743;736.3;46.9;15:01:13.620
1420;47.301309;8.738827;736.6;50.6;15:01:14.120
1421;47.301289;8.738916;737.1;50.6;15:01:14.620
1422;47.301263;8.739023;737.8;49.8;15:01:15.120
1423;47.301226;8.739114;738.4;48.7;15:01:15.620
1424;47.301184;8.739191;738.8;49.5;15:01:16.120
1425;47.30114;8.739261;738.9;50.5;15:01:16.620
1426;47.301095;8.739322;738.9;51.4;15:01:17.120
1427;47.301042;8.739373;738.6;53;15:01:17.620
1428;47.30099;8.739401;738.3;54.7;15:01:18.120
1429;47.300958;8.739417;737.9;56.2;15:01:18.620
1430;47.300917;8.73942;737.4;57.8;15:01:19.120
1431;47.300846;8.739416;737.1;59.5;15:01:19.620
1432;47.300727;8.739396;737.1;58.9;15:01:20.120
1433;47.300618;8.739349;737.6;58.2;15:01:20.620
1434;47.300537;8.739264;738.4;58.2;15:01:21.120
1435;47.300499;8.739168;739.1;58.2;15:01:21.620
1436;47.300465;8.739077;739.9;58.2;15:01:22.120
1437;47.300434;8.739002;740.4;53.3;15:01:22.620
1438;47.300398;8.738916;741.2;53;15:01:23.120
1439;47.300371;8.738829;741.8;52;15:01:23.620
1440;47.300347;8.738736;742.5;51.3;15:01:24.120
1441;47.300331;8.738663;742.9;51.3;15:01:24.620
1442;47.30032;8.738571;743.2;52;15:01:25.120
1443;47.300313;8.738482;743.3;52;15:01:25.620
1444;47.300307;8.73837;743.5;54.4;15:01:26.120
1445;47.300302;8.738288;743.9;54.4;15:01:26.620
1446;47.300299;8.738187;744.6;54.6;15:01:27.120
1447;47.3003;8.738082;745.5;54.6;15:01:27.620
1448;47.300307;8.737947;746.6;51.2;15:01:28.120
1449;47.30032;8.737834;747.7;49.5;15:01:28.620
1450;47.300337;8.737753;748.7;48.3;15:01:29.120
1451;47.300354;8.73768;749.6;46.8;15:01:29.620
1452;47.300372;8.737605;750.3;46.1;15:01:30.120
1453;47.300391;8.737517;750.9;44.7;15:01:30.620
1454;47.300408;8.737445;751.5;44;15:01:31.120
1455;47.300419;8.737365;751.8;43.5;15:01:31.620
1456;47.300423;8.737277;751.8;44.3;15:01:32.120
1457;47.300423;8.737196;751.6;45.5;15:01:32.620
1458;47.300447;8.737132;751.4;45.6;15:01:33.120
1459;47.300495;8.737083;751.4;45.6;15:01:33.620
1460;47.300574;8.737029;751.8;44.4;15:01:34.120
1461;47.300641;8.736994;752.5;44.4;15:01:34.620
1462;47.300696;8.736963;753.2;44.4;15:01:35.120
1463;47.300728;8.736935;754;38.8;15:01:35.620
1464;47.300747;8.736893;754.8;38.8;15:01:36.120
1465;47.300774;8.736866;755.6;37;15:01:36.620
1466;47.300823;8.736856;756.2;37.7;15:01:37.120
1467;47.300901;8.736862;756.6;38.1;15:01:37.620
1468;47.300964;8.736876;756.6;39.7;15:01:38.120
1469;47.301014;8.736896;756.6;39.7;15:01:38.620
1470;47.301058;8.736925;756.8;42.6;15:01:39.120
1471;47.301121;8.736944;757.3;42.6;15:01:39.620
1472;47.301181;8.736974;758.5;43.3;15:01:40.120
1473;47.30123;8.737023;760.1;43.3;15:01:40.620
1474;47.301262;8.7371;761.6;36.9;15:01:41.120
1475;47.301296;8.737171;762.7;36.1;15:01:41.620
1476;47.301328;8.737228;763.3;36.2;15:01:42.120
1477;47.301355;8.737286;763.4;37.2;15:01:42.620
1478;47.301374;8.737351;763.4;38;15:01:43.120
1479;47.30139;8.737412;763.2;38.6;15:01:43.620
1480;47.301403;8.737467;762.9;41.9;15:01:44.120
1481;47.30141;8.737524;762.6;45.1;15:01:44.620
1482;47.301416;8.737618;762.3;45.9;15:01:45.120
1483;47.301419;8.737719;762.1;48.1;15:01:45.620
1484;47.301424;8.73784;761.8;49.5;15:01:46.120
1485;47.301425;8.737935;761.5;50.7;15:01:46.620
1486;47.301416;8.738027;761.2;53.1;15:01:47.120
1487;47.301393;8.738091;761.1;53.7;15:01:47.620
1488;47.301353;8.738155;761.1;53.2;15:01:48.120
1489;47.301302;8.738231;761.2;53.5;15:01:48.620
1490;47.301251;8.738339;761.4;53.6;15:01:49.120
1491;47.301211;8.738445;761.5;53.6;15:01:49.620
1492;47.30119;8.738531;761.4;54.1;15:01:50.120
1493;47.301154;8.738586;761.2;55.1;15:01:50.620
1494;47.301096;8.738626;760.8;57.3;15:01:51.120
1495;47.300999;8.738663;760.1;59.5;15:01:51.620
1496;47.300905;8.73869;759.6;60.7;15:01:52.120
1497;47.300805;8.738708;759.2;62.5;15:01:52.620
1498;47.300708;8.738709;759.2;62.4;15:01:53.120
1499;47.300615;8.738693;759.5;62.4;15:01:53.620
1500;47.300537;8.738663;759.9;61.9;15:01:54.120
1501;47.300475;8.738627;760.2;60.7;15:01:54.620
1502;47.300412;8.738587;760.5;60.5;15:01:55.120
1503;47.300349;8.738533;760.7;60.4;15:01:55.620
1504;47.300292;8.738473;760.8;60.4;15:01:56.120
1505;47.30024;8.738419;761;59.6;15:01:56.620
1506;47.300201;8.738362;761.2;59.3;15:01:57.120
1507;47.300177;8.738284;761.5;58.9;15:01:57.620
1508;47.300153;8.738161;762;58;15:01:58.120
1509;47.300115;8.738039;762.7;57;15:01:58.620
1510;47.300056;8.737927;763.5;55.3;15:01:59.120
1511;47.300006;8.737839;764.4;54.8;15:01:59.620
1512;47.29997;8.737735;765.3;53.3;15:02:00.120
1513;47.299949;8.737624;766;51;15:02:00.620
1514;47.299937;8.737517;766.3;49.3;15:02:01.120
1515;47.299931;8.737424;766.1;48.9;15:02:01.620
1516;47.299935;8.73734;765.7;49.6;15:02:02.120
1517;47.299943;8.737239;765.3;50.9;15:02:02.620
1518;47.299958;8.737144;765.1;51.1;15:02:03.120
1519;47.299984;8.737067;765.1;50.2;15:02:03.620
1520;47.300016;8.73701;765.3;49.4;15:02:04.120
1521;47.30005;8.736954;765.5;49.1;15:02:04.620
1522;47.300076;8.736875;765.7;48.8;15:02:05.120
1523;47.300108;8.736804;765.9;48.7;15:02:05.620
1524;47.300142;8.736723;766.3;48.5;15:02:06.120
1525;47.300189;8.736651;766.8;47.9;15:02:06.620
1526;47.30023;8.736565;767.7;47.9;15:02:07.120
1527;47.300276;8.736504;768.5;47.9;15:02:07.620
1528;47.300324;8.736452;769.1;47.9;15:02:08.120
1529;47.300375;8.736404;769.5;45.2;15:02:08.620
1530;47.300418;8.736341;769.8;45.2;15:02:09.120
1531;47.300456;8.736287;770.2;45.2;15:02:09.620
1532;47.300494;8.736247;770.6;45.1;15:02:10.120
1533;47.300539;8.736215;771;44.9;15:02:10.620
1534;47.300568;8.736175;771.2;45.2;15:02:11.120
1535;47.300609;8.736143;771.4;46.1;15:02:11.620
1536;47.30066;8.736125;771.4;46.5;15:02:12.120
1537;47.300736;8.736118;771.3;46.1;15:02:12.620
1538;47.300804;8.736111;771;46.1;15:02:13.120
1539;47.300862;8.736101;770.5;46.7;15:02:13.620
1540;47.300931;8.736097;769.7;48;15:02:14.120
1541;47.301002;8.736101;769;49;15:02:14.620
1542;47.301086;8.736113;768.5;49;15:02:15.120
1543;47.301142;8.736132;768.4;48.3;15:02:15.620
1544;47.301203;8.736154;768.6;47.7;15:02:16.120
1545;47.30126;8.736177;768.8;45.7;15:02:16.620
1546;47.301333;8.736198;769.1;44.1;15:02:17.120
1547;47.301392;8.736223;769.2;43.3;15:02:17.620
1548;47.301426;8.736254;769.2;41.4;15:02:18.120
1549;47.301455;8.736283;769;40;15:02:18.620
1550;47.301502;8.736308;768.6;39.9;15:02:19.120
1551;47.301576;8.736336;767.9;40.2;15:02:19.620
1552;47.301645;8.736381;767.4;40.2;15:02:20.120
1553;47.301699;8.73643;766.8;40.3;15:02:20.620
1554;47.301741;8.73648;766.3;40.3;15:02:21.120
1555;47.301781;8.736524;765.5;40.5;15:02:21.620
1556;47.30182;8.73657;764.3;42.8;15:02:22.120
1557;47.301851;8.736631;762.4;43.3;15:02:22.620
1558;47.301879;8.736698;760.2;47.4;15:02:23.120
1559;47.3019;8.736789;758.1;51.9;15:02:23.620
1560;47.301913;8.736868;756.4;53.2;15:02:24.120
1561;47.301916;8.736943;755.2;54.3;15:02:24.620
1562;47.301916;8.737006;754.2;54.5;15:02:25.120
1563;47.301924;8.737081;753.2;54.8;15:02:25.620
1564;47.301939;8.737165;752.1;54.8;15:02:26.120
1565;47.301962;8.737269;751.1;55.1;15:02:26.620
1566;47.301975;8.737404;750.4;54.7;15:02:27.120
1567;47.301976;8.737571;750.1;54.4;15:02:27.620
1568;47.301965;8.737719;750;54;15:02:28.120
1569;47.30195;8.737837;750;53.5;15:02:28.620
1570;47.301934;8.737925;749.9;53.4;15:02:29.120
1571;47.301911;8.738004;749.7;53.7;15:02:29.620
1572;47.301881;8.738079;749.4;54.5;15:02:30.120
1573;47.301849;8.738162;749;56;15:02:30.620
1574;47.301821;8.738267;748.5;56.9;15:02:31.120
1575;47.301795;8.738359;748;58.3;15:02:31.620
1576;47.301762;8.738443;747.7;61;15:02:32.120
1577;47.301719;8.738531;747.7;61;15:02:32.620
1578;47.301672;8.738663;748;62;15:02:33.120
1579;47.301626;8.738788;748.5;61.5;15:02:33.620
1580;47.301574;8.738896;749.1;59.3;15:02:34.120
1581;47.301517;8.738974;749.6;58.8;15:02:34.620
1582;47.30146;8.739052;750.1;56.9;15:02:35.120
1583;47.301409;8.739133;750.7;56.9;15:02:35.620
1584;47.301369;8.739209;751.1;55.5;15:02:36.120
1585;47.301319;8.739291;751.5;56;15:02:36.620
1586;47.301271;8.739354;751.6;55.8;15:02:37.120
1587;47.301208;8.739409;751.7;55.5;15:02:37.620
1588;47.301161;8.739433;751.8;55.3;15:02:38.120
1589;47.301098;8.739467;751.6;57.3;15:02:38.620
1590;47.301028;8.739511;751.3;57.3;15:02:39.120
1591;47.300934;8.739587;750.7;58.2;15:02:39.620
1592;47.30085;8.739652;750;60.9;15:02:40.120
1593;47.30077;8.739705;749.3;63.4;15:02:40.620
1594;47.300685;8.739725;748.7;64.6;15:02:41.120
1595;47.300595;8.739726;748.4;65.5;15:02:41.620
1596;47.30051;8.739696;748.2;65.5;15:02:42.120
1597;47.300445;8.73965;748.1;64.5;15:02:42.620
1598;47.30038;8.739589;748.1;64.2;15:02:43.120
1599;47.300321;8.739535;748.1;62.7;15:02:43.620
1600;47.300267;8.739487;748;61.4;15:02:44.120
1601;47.30023;8.739462;747.9;61.1;15:02:44.620
1602;47.300201;8.739401;747.9;60.2;15:02:45.120
1603;47.300183;8.739289;748.2;60.2;15:02:45.620
1604;47.300174;8.739101;748.8;58.3;15:02:46.120
1605;47.300177;8.73892;749.6;58.3;15:02:46.620
1606;47.300191;8.738775;750.4;53.9;15:02:47.120
1607;47.300213;8.738678;751;53;15:02:47.620
1608;47.300237;8.738606;751.5;51.6;15:02:48.120
1609;47.300261;8.738544;752.2;51.6;15:02:48.620
1610;47.30028;8.738489;752.7;50.3;15:02:49.120
1611;47.300307;8.738418;753.2;49;15:02:49.620
1612;47.300338;8.738329;753.7;47.3;15:02:50.120
1613;47.30038;8.738253;754.4;45.4;15:02:50.620
1614;47.300412;8.73821;755.1;41.3;15:02:51.120
1615;47.300453;8.738179;755.9;40.4;15:02:51.620
1616;47.300499;8.738138;756.5;38.2;15:02:52.120
1617;47.30056;8.738077;757;37.7;15:02:52.620
1618;47.300613;8.738046;757.3;36.9;15:02:53.120
1619;47.300656;8.738044;757.6;37.2;15:02:53.620
1620;47.30069;8.738075;757.9;38.7;15:02:54.120
1621;47.300716;8.738117;758.1;39.6;15:02:54.620
1622;47.300737;8.738181;758.1;40.4;15:02:55.120
1623;47.300752;8.738252;757.8;43.6;15:02:55.620
1624;47.300765;8.738333;757.4;45.2;15:02:56.120
1625;47.30077;8.738412;756.9;48.8;15:02:56.620
1626;47.300767;8.7385;756.6;52.6;15:02:57.120
1627;47.300762;8.738571;756.6;52.5;15:02:57.620
1628;47.300744;8.738634;756.9;52.5;15:02:58.120
1629;47.300711;8.738701;757.2;51.1;15:02:58.620
1630;47.300662;8.738788;757.3;49.2;15:02:59.120
1631;47.300611;8.738876;757;49.2;15:02:59.620
1632;47.300547;8.738942;756.1;49.2;15:03:00.120
1633;47.30046;8.738989;755;49.2;15:03:00.620
1634;47.30037;8.739015;753.7;56.2;15:03:01.120
1635;47.300287;8.739023;752.6;63.6;15:03:01.620
1636;47.300232;8.739009;751.9;63.6;15:03:02.120
1637;47.300187;8.738974;751.8;62.6;15:03:02.620
1638;47.300142;8.738936;752;58.2;15:03:03.120
1639;47.300085;8.738897;752.7;54.5;15:03:03.620
1640;47.300018;8.738878;753.6;51.8;15:03:04.120
1641;47.299973;8.738868;754.6;50.5;15:03:04.620
1642;47.29995;8.738868;755.1;48.2;15:03:05.120
1643;47.29995;8.738804;755.4;47.8;15:03:05.620
1644;47.299947;8.738662;755.3;47.6;15:03:06.120
1645;47.299945;8.738441;755.2;47.6;15:03:06.620
1646;47.299948;8.738259;755;46.2;15:03:07.120
1647;47.299969;8.738136;754.8;46.2;15:03:07.620
1648;47.300001;8.738064;754.7;45.2;15:03:08.120
1649;47.30004;8.737997;754.7;44.3;15:03:08.620
1650;47.300079;8.737935;755;42.9;15:03:09.120
1651;47.300126;8.737891;755.3;42.4;15:03:09.620
1652;47.300173;8.737865;755.7;42.5;15:03:10.120
1653;47.300215;8.73785;756.1;42.3;15:03:10.620
1654;47.300253;8.737846;756.6;42.1;15:03:11.120
1655;47.300302;8.737851;757.2;42.6;15:03:11.620
1656;47.300368;8.737866;757.9;42.4;15:03:12.120
1657;47.300429;8.737891;758.6;42;15:03:12.620
1658;47.300483;8.737919;759.3;42;15:03:13.120
1659;47.300535;8.737948;760;42.5;15:03:13.620
1660;47.300593;8.737976;760.8;41.8;15:03:14.120
1661;47.300647;8.738013;761.8;38.9;15:03:14.620
1662;47.300683;8.738061;762.6;37.9;15:03:15.120
1663;47.30071;8.738113;763.1;37.4;15:03:15.620
1664;47.300744;8.738153;763.2;39.4;15:03:16.120
1665;47.30079;8.738174;763.1;40.7;15:03:16.620
1666;47.300827;8.738181;762.8;43;15:03:17.120
1667;47.300858;8.738181;762.5;43;15:03:17.620
1668;47.300884;8.738181;762.3;47.4;15:03:18.120
1669;47.300917;8.738233;762.3;47.4;15:03:18.620
1670;47.300948;8.738348;762.7;46.9;15:03:19.120
1671;47.300972;8.73854;763.3;46.9;15:03:19.620
1672;47.300989;8.738707;763.9;43.8;15:03:20.120
1673;47.301002;8.738837;764.5;43.6;15:03:20.620
1674;47.301009;8.738912;764.7;44.1;15:03:21.120
1675;47.301007;8.738995;764.6;44.1;15:03:21.620
1676;47.300996;8.739076;764.1;46.8;15:03:22.120
1677;47.300978;8.739145;763.4;50.8;15:03:22.620
1678;47.300959;8.739206;762.7;51.7;15:03:23.120
1679;47.300947;8.739271;762;53.4;15:03:23.620
1680;47.300943;8.739361;761.4;53.4;15:03:24.120
1681;47.300914;8.739446;760.9;56.1;15:03:24.620
1682;47.300856;8.739536;760.6;58.4;15:03:25.120
1683;47.300761;8.739618;760.4;58.4;15:03:25.620
1684;47.300677;8.739707;760.2;58.3;15:03:26.120
1685;47.300591;8.739778;759.9;58.4;15:03:26.620
1686;47.300511;8.739832;759.4;58.5;15:03:27.120
1687;47.300426;8.739866;758.9;60.7;15:03:27.620
1688;47.300349;8.739894;758.3;62.7;15:03:28.120
1689;47.300282;8.739912;758;63.1;15:03:28.620
1690;47.300203;8.739922;758.3;63.2;15:03:29.120
1691;47.300122;8.739925;759.1;60.9;15:03:29.620
1692;47.30005;8.739908;760.2;58.2;15:03:30.120
1693;47.299996;8.739874;761;58.2;15:03:30.620
1694;47.299941;8.739824;761.5;55.7;15:03:31.120
1695;47.299868;8.739767;761.6;55.7;15:03:31.620
1696;47.299798;8.739693;761.4;55.8;15:03:32.120
1697;47.29974;8.739588;761.3;55.8;15:03:32.620
1698;47.299705;8.739479;761.5;56.7;15:03:33.120
1699;47.299674;8.73938;761.8;55.7;15:03:33.620
1700;47.299649;8.739301;762.3;52.3;15:03:34.120
1701;47.29963;8.739208;763.2;46.9;15:03:34.620
1702;47.299619;8.739113;764.3;46;15:03:35.120
1703;47.299612;8.739035;765.1;44.4;15:03:35.620
1704;47.29961;8.738974;765.4;43.1;15:03:36.120
1705;47.29961;8.738903;765;43.2;15:03:36.620
1706;47.299615;8.738794;764.4;43.9;15:03:37.120
1707;47.299628;8.738681;763.7;47.3;15:03:37.620
1708;47.299648;8.738582;763.3;48.2;15:03:38.120
1709;47.299673;8.738512;763.3;45.7;15:03:38.620
1710;47.299698;8.738435;763.7;45.7;15:03:39.120
1711;47.299721;8.738358;764.1;43.9;15:03:39.620
1712;47.29975;8.738279;764.4;43.9;15:03:40.120
1713;47.299781;8.738213;764.4;44.1;15:03:40.620
1714;47.299814;8.738138;764.6;45.6;15:03:41.120
1715;47.299843;8.738063;764.7;45.9;15:03:41.620
1716;47.299877;8.737994;765.2;45.1;15:03:42.120
1717;47.299911;8.737943;765.8;44.6;15:03:42.620
1718;47.299942;8.737892;766.7;43.8;15:03:43.120
1719;47.299972;8.737825;767.7;43.8;15:03:43.620
1720;47.300011;8.737761;768.7;42.2;15:03:44.120
1721;47.300072;8.737707;769.8;42.2;15:03:44.620
1722;47.300131;8.737667;770.6;40.6;15:03:45.120
1723;47.300183;8.737621;771.3;41.8;15:03:45.620
1724;47.300222;8.737576;771.9;41.8;15:03:46.120
1725;47.300263;8.737533;772.4;43.5;15:03:46.620
1726;47.300299;8.737495;773;43.8;15:03:47.120
1727;47.300335;8.737448;773.9;43.9;15:03:47.620
1728;47.300375;8.737399;774.9;43.4;15:03:48.120
1729;47.300434;8.737352;776.1;42.3;15:03:48.620
1730;47.300502;8.737314;776.9;41.9;15:03:49.120
1731;47.300564;8.737271;777.2;42.3;15:03:49.620
1732;47.300613;8.737228;777;43.4;15:03:50.120
1733;47.300657;8.73719;776.4;45.3;15:03:50.620
1734;47.300712;8.737163;775.8;46.4;15:03:51.120
1735;47.300771;8.73714;775.4;47;15:03:51.620
1736;47.300834;8.737114;775;47;15:03:52.120
1737;47.300888;8.737095;774.6;46.9;15:03:52.620
1738;47.30094;8.737085;774;47;15:03:53.120
1739;47.30098;8.73709;773.5;46.4;15:03:53.620
1740;47.301023;8.737106;772.9;46.4;15:03:54.120
1741;47.301073;8.737134;772.2;45.1;15:03:54.620
1742;47.301148;8.737166;771.3;45.5;15:03:55.120
1743;47.30122;8.737194;770.3;45.7;15:03:55.620
1744;47.301274;8.737226;769.1;47.1;15:03:56.120
1745;47.30131;8.737272;767.9;47.4;15:03:56.620
1746;47.301354;8.737337;766.6;48.1;15:03:57.120
1747;47.301417;8.737403;765.3;48.1;15:03:57.620
1748;47.301478;8.737467;763.8;50.5;15:03:58.120
1749;47.301531;8.737541;761.9;52.7;15:03:58.620
1750;47.301569;8.737635;759.9;52.7;15:03:59.120
1751;47.301614;8.737731;757.8;58.3;15:03:59.620
1752;47.301667;8.737819;755.8;60.2;15:04:00.120
1753;47.30172;8.737905;753.8;63;15:04:00.620
1754;47.301763;8.738017;752.2;64.6;15:04:01.120
1755;47.301793;8.738139;750.7;65.8;15:04:01.620
1756;47.301816;8.738259;749.6;66.3;15:04:02.120
1757;47.301833;8.738362;748.5;66.2;15:04:02.620
1758;47.301846;8.738463;747.6;66.1;15:04:03.120
1759;47.301854;8.738547;746.6;66.2;15:04:03.620
1760;47.301859;8.738638;745.6;66.4;15:04:04.120
1761;47.301858;8.738753;744.7;68;15:04:04.620
1762;47.301849;8.738926;743.7;68.9;15:04:05.120
1763;47.301834;8.739118;742.9;69.5;15:04:05.620
1764;47.301811;8.739293;742.2;70.8;15:04:06.120
1765;47.301782;8.739417;741.7;71.9;15:04:06.620
1766;47.301751;8.739517;741.2;72.2;15:04:07.120
1767;47.301723;8.739628;740.7;72.3;15:04:07.620
1768;47.301696;8.739769;740.4;72.4;15:04:08.120
1769;47.301664;8.739892;740.1;72.2;15:04:08.620
1770;47.301635;8.739962;739.9;71.9;15:04:09.120
1771;47.301609;8.73998;739.9;71.4;15:04:09.620
1772;47.30159;8.73998;740;70.7;15:04:10.120
1773;47.301569;8.740056;740.1;69.8;15:04:10.620
1774;47.301548;8.740224;740.2;68.8;15:04:11.120
1775;47.301529;8.740508;740.2;67.9;15:04:11.620
1776;47.301516;8.740774;740.2;67.9;15:04:12.120
1777;47.301505;8.740986;740.1;66.6;15:04:12.620
1778;47.301494;8.741116;739.9;66.2;15:04:13.120
1779;47.301484;8.741224;739.7;66.1;15:04:13.620
1780;47.301473;8.741325;739.2;65.8;15:04:14.120
1781;47.301461;8.741409;738.7;65.8;15:04:14.620
1782;47.301448;8.741498;738;66.5;15:04:15.120
1783;47.301434;8.741609;737.3;66.4;15:04:15.620
1784;47.301418;8.741776;736.4;66.9;15:04:16.120
1785;47.301395;8.741958;735.5;68.2;15:04:16.620
1786;47.301356;8.742124;734.5;68.9;15:04:17.120
1787;47.301307;8.742254;733.5;68.9;15:04:17.620
1788;47.301259;8.742362;732.2;71.6;15:04:18.120
1789;47.301212;8.742477;730.6;72.5;15:04:18.620
1790;47.301162;8.742585;729.2;73.5;15:04:19.120
1791;47.301095;8.742695;727.6;75.8;15:04:19.620
1792;47.301025;8.742778;726.4;78.1;15:04:20.120
1793;47.300955;8.742877;725.2;80.9;15:04:20.620
1794;47.300889;8.742969;724.1;81.2;15:04:21.120
1795;47.300806;8.743071;723.1;81.9;15:04:21.620
1796;47.300718;8.743126;722.2;82.7;15:04:22.120
1797;47.300633;8.743153;721.4;82.6;15:04:22.620
1798;47.300561;8.743207;720.8;82.7;15:04:23.120
1799;47.300476;8.743316;720.2;82.9;15:04:23.620
1800;47.300374;8.743491;719.7;82.1;15:04:24.120
1801;47.300268;8.743637;719.4;82.1;15:04:24.620
1802;47.300178;8.743764;719.2;80.7;15:04:25.120
1803;47.300104;8.743851;719.3;79.1;15:04:25.620
1804;47.300019;8.743932;719.6;78.6;15:04:26.120
1805;47.299932;8.743998;720;76.8;15:04:26.620
1806;47.299841;8.74406;720.4;75.3;15:04:27.120
1807;47.299765;8.744132;720.6;74.8;15:04:27.620
1808;47.299694;8.744205;720.7;73.2;15:04:28.120
1809;47.299613;8.744289;720.6;72.8;15:04:28.620
1810;47.299528;8.744358;720.6;72.1;15:04:29.120
1811;47.299431;8.744429;720.3;70.7;15:04:29.620
1812;47.299347;8.744485;720;69.2;15:04:30.120
1813;47.299257;8.744542;719.5;68.2;15:04:30.620
1814;47.299181;8.744583;719.1;67.2;15:04:31.120
1815;47.299102;8.744631;718.5;66.3;15:04:31.620
1816;47.299041;8.744674;717.8;66.3;15:04:32.120
1817;47.298966;8.744726;717.2;66;15:04:32.620
1818;47.298893;8.744771;716.4;66;15:04:33.120
1819;47.298802;8.744824;715.5;66.4;15:04:33.620
1820;47.298723;8.744882;714.4;66.8;15:04:34.120
1821;47.29863;8.744941;713;67.5;15:04:34.620
1822;47.298535;8.744986;711.6;67.8;15:04:35.120
1823;47.298444;8.745008;710;68.5;15:04:35.620
1824;47.298368;8.745052;708.4;69.1;15:04:36.120
1825;47.298307;8.745123;706.4;69.3;15:04:36.620
1826;47.298239;8.745245;704.7;72.2;15:04:37.120
1827;47.298174;8.745361;703.1;72;15:04:37.620
1828;47.298122;8.745489;702;71.6;15:04:38.120
1829;47.298088;8.745598;701.2;71.2;15:04:38.620
1830;47.298059;8.745717;700.4;70.7;15:04:39.120
1831;47.298022;8.74583;699.4;70.4;15:04:39.620
1832;47.29799;8.74595;698.5;69.7;15:04:40.120
1833;47.297969;8.746083;698.1;69.3;15:04:40.620
1834;47.297962;8.746208;698.1;65.3;15:04:41.120
1835;47.29796;8.746347;698.4;64.4;15:04:41.620
1836;47.29796;8.746456;698.8;62;15:04:42.120
1837;47.297968;8.746552;699.2;59.4;15:04:42.620
1838;47.297987;8.746594;699.5;57;15:04:43.120
1839;47.298025;8.746655;699.4;57;15:04:43.620
1840;47.298064;8.74675;699;55.7;15:04:44.120
1841;47.298105;8.746909;698.3;56.1;15:04:44.620
1842;47.298147;8.747052;697.5;56.1;15:04:45.120
1843;47.298205;8.747158;696.6;58;15:04:45.620
1844;47.29828;8.747209;695.5;58.8;15:04:46.120
1845;47.298356;8.747258;694;60.7;15:04:46.620
1846;47.298425;8.747303;692.3;62;15:04:47.120
1847;47.298486;8.747354;690.3;62.8;15:04:47.620
1848;47.298565;8.74739;688.4;64.1;15:04:48.120
1849;47.29865;8.747419;686.7;65.7;15:04:48.620
1850;47.298729;8.747445;685;65.9;15:04:49.120
1851;47.298794;8.747465;683.5;68.2;15:04:49.620
1852;47.298857;8.747479;681.6;69.5;15:04:50.120
1853;47.298957;8.747478;679.9;70.3;15:04:50.620
1854;47.299062;8.747466;678;71.8;15:04:51.120
1855;47.299183;8.747436;676.5;72.1;15:04:51.620
1856;47.299276;8.747396;674.9;72.5;15:04:52.120
1857;47.299375;8.74735;673.4;72.8;15:04:52.620
1858;47.299457;8.747311;672;72.7;15:04:53.120
1859;47.299542;8.747263;670.7;72.5;15:04:53.620
1860;47.299607;8.747214;669.5;72;15:04:54.120
1861;47.299686;8.747147;668.5;70.7;15:04:54.620
1862;47.299759;8.747092;667.8;70.4;15:04:55.120
1863;47.29985;8.747028;667.1;68.9;15:04:55.620
1864;47.299929;8.74697;666.6;68.4;15:04:56.120
1865;47.300022;8.7469;665.9;67.4;15:04:56.620
1866;47.300118;8.746844;665.2;66.3;15:04:57.120
1867;47.30021;8.746795;664.5;65.3;15:04:57.620
1868;47.300288;8.746748;663.7;64.7;15:04:58.120
1869;47.300355;8.7467;662.9;63.9;15:04:58.620
1870;47.300434;8.746661;662;63.2;15:04:59.120
1871;47.300515;8.746631;661;62.9;15:04:59.620
1872;47.300593;8.746597;660;62;15:05:00.120
1873;47.300657;8.74655;659;61.7;15:05:00.620
1874;47.300732;8.746507;657.9;61;15:05:01.120
1875;47.300808;8.74647;656.8;61;15:05:01.620
1876;47.300877;8.746431;655.5;61.6;15:05:02.120
1877;47.300933;8.746371;654.1;61.7;15:05:02.620
1878;47.300996;8.746306;652.4;62.5;15:05:03.120
1879;47.301085;8.746244;650.7;63.3;15:05:03.620
1880;47.301174;8.746193;648.7;64.3;15:05:04.120
1881;47.301255;8.74613;646.8;64.7;15:05:04.620
1882;47.301318;8.746066;644.9;65.3;15:05:05.120
1883;47.30139;8.745993;643.5;66;15:05:05.620
1884;47.301458;8.745933;642.6;66.2;15:05:06.120
1885;47.30152;8.745851;642.2;66.1;15:05:06.620
1886;47.301561;8.745769;642.1;65.4;15:05:07.120
1887;47.301593;8.745662;642.3;64.6;15:05:07.620
1888;47.301608;8.74557;642.8;63.8;15:05:08.120
1889;47.301636;8.745458;643.5;62.1;15:05:08.620
1890;47.301682;8.745342;644.4;60.9;15:05:09.120
1891;47.30176;8.745221;645.2;60.9;15:05:09.620
1892;47.301834;8.74512;645.9;58.5;15:05:10.120
1893;47.301892;8.745033;646.3;58.1;15:05:10.620
1894;47.301928;8.744935;646.4;56.5;15:05:11.120
1895;47.301958;8.744833;646.5;56.5;15:05:11.620
1896;47.301993;8.744737;646.4;56.1;15:05:12.120
1897;47.30203;8.744656;646.3;56.3;15:05:12.620
1898;47.302068;8.744567;646.1;56.2;15:05:13.120
1899;47.302098;8.744478;646;56.3;15:05:13.620
1900;47.30213;8.744401;645.8;56.5;15:05:14.120
1901;47.302161;8.744363;645.4;56.8;15:05:14.620
1902;47.302188;8.744305;644.8;58;15:05:15.120
1903;47.302212;8.744201;644.1;58;15:05:15.620
1904;47.302242;8.744039;643.6;59.6;15:05:16.120
1905;47.302282;8.743888;643.1;60.5;15:05:16.620
1906;47.302322;8.743764;642.9;60.9;15:05:17.120
1907;47.302357;8.743653;642.8;60.9;15:05:17.620
1908;47.302395;8.743547;642.9;60.9;15:05:18.120
1909;47.302441;8.743447;643.1;59.1;15:05:18.620
1910;47.302488;8.74338;643.3;59;15:05:19.120
1911;47.302529;8.743298;643.6;58;15:05:19.620
1912;47.302558;8.743203;643.7;57.5;15:05:20.120
1913;47.302594;8.74308;643.6;57.6;15:05:20.620
1914;47.302641;8.742976;643.3;57.8;15:05:21.120
1915;47.302704;8.742886;642.8;58.7;15:05:21.620
1916;47.302762;8.7428;642.4;59.6;15:05:22.120
1917;47.302814;8.742712;642;59.6;15:05:22.620
1918;47.302871;8.742629;641.8;61.4;15:05:23.120
1919;47.302932;8.742562;641.8;61.4;15:05:23.620
1920;47.302987;8.742486;642.1;61;15:05:24.120
1921;47.303032;8.742407;642.8;61;15:05:24.620
1922;47.303081;8.742326;643.7;57.7;15:05:25.120
1923;47.303143;8.74226;644.5;57.6;15:05:25.620
1924;47.303206;8.742189;645.2;55.8;15:05:26.120
1925;47.303262;8.742123;645.7;55.3;15:05:26.620
1926;47.30332;8.742067;646.2;54.4;15:05:27.120
1927;47.303384;8.742039;646.5;54.1;15:05:27.620
1928;47.303447;8.742003;646.8;53.1;15:05:28.120
1929;47.303501;8.741942;647;51.4;15:05:28.620
1930;47.303548;8.741847;647.2;49.4;15:05:29.120
1931;47.303595;8.741762;647.5;47.5;15:05:29.620
1932;47.30363;8.741692;647.9;46.3;15:05:30.120
1933;47.30365;8.741628;648.3;44.9;15:05:30.620
1934;47.303672;8.741558;648.7;44.3;15:05:31.120
1935;47.303705;8.7415;649;42.1;15:05:31.620
1936;47.303761;8.741451;649.1;41.7;15:05:32.120
1937;47.303806;8.741402;648.7;42.8;15:05:32.620
1938;47.303837;8.741344;647.7;44;15:05:33.120
1939;47.303851;8.741305;646.3;45;15:05:33.620
1940;47.303863;8.741285;644.5;46.9;15:05:34.120
1941;47.303876;8.741285;642.6;49.8;15:05:34.620
1942;47.303887;8.741213;640.6;50.8;15:05:35.120
1943;47.30389;8.74107;638.7;50.8;15:05:35.620
1944;47.303885;8.740841;637;57.7;15:05:36.120
1945;47.303875;8.740654;635.8;57.7;15:05:36.620
1946;47.303859;8.740495;634.8;59.5;15:05:37.120
1947;47.303838;8.740395;634.2;59.5;15:05:37.620
1948;47.303806;8.74031;633.7;58.8;15:05:38.120
1949;47.30377;8.740239;633.3;58.6;15:05:38.620
1950;47.30374;8.740154;633;57.6;15:05:39.120
1951;47.303711;8.740042;632.9;55.6;15:05:39.620
1952;47.303673;8.739949;632.9;54.7;15:05:40.120
1953;47.303613;8.739896;632.9;52.4;15:05:40.620
1954;47.303554;8.739853;632.7;51.9;15:05:41.120
1955;47.303502;8.739783;632.2;50.8;15:05:41.620
1956;47.303459;8.739673;631.5;50.7;15:05:42.120
1957;47.303404;8.73958;630.7;51;15:05:42.620
1958;47.303343;8.739512;629.6;52;15:05:43.120
1959;47.303291;8.739461;628.3;53;15:05:43.620
1960;47.303246;8.739405;626.7;53;15:05:44.120
1961;47.30319;8.739348;625.3;57.3;15:05:44.620
1962;47.303101;8.739303;624.1;58.5;15:05:45.120
1963;47.303006;8.739269;623.2;59.3;15:05:45.620
1964;47.302922;8.739236;622.3;59.3;15:05:46.120
1965;47.302858;8.739205;621.3;61.1;15:05:46.620
1966;47.302781;8.739178;620.3;62.1;15:05:47.120
1967;47.302699;8.739162;619.3;62.6;15:05:47.620
1968;47.302611;8.739153;618.4;62.8;15:05:48.120
1969;47.302536;8.739145;617.7;62.8;15:05:48.620
1970;47.302454;8.739144;616.9;64.3;15:05:49.120
1971;47.302361;8.739153;616.4;64.3;15:05:49.620
1972;47.302265;8.739175;615.8;64.9;15:05:50.120
1973;47.302177;8.739208;615.2;65.3;15:05:50.620
1974;47.302104;8.739245;614.7;65.5;15:05:51.120
1975;47.302035;8.739284;614.2;65.3;15:05:51.620
1976;47.301982;8.739326;613.8;65.2;15:05:52.120
1977;47.30195;8.739373;613.4;64.5;15:05:52.620
1978;47.301908;8.739413;613;64.2;15:05:53.120
1979;47.301844;8.739455;612.8;62.9;15:05:53.620
1980;47.301749;8.739512;612.9;61.9;15:05:54.120
1981;47.301669;8.739604;613.4;61.9;15:05:54.620
1982;47.301599;8.739701;614;58.3;15:05:55.120
1983;47.301531;8.73979;614.3;57.5;15:05:55.620
1984;47.301462;8.739862;614.2;57;15:05:56.120
1985;47.301404;8.739956;613.7;58.4;15:05:56.620
1986;47.301369;8.740075;613.1;58.4;15:05:57.120
1987;47.30135;8.740205;612.7;61;15:05:57.620
1988;47.301342;8.74032;612.7;61.5;15:05:58.120
1989;47.301341;8.740418;613;60.8;15:05:58.620
1990;47.301348;8.740529;613.4;59.6;15:05:59.120
1991;47.301363;8.740655;613.6;59;15:05:59.620
1992;47.301391;8.740781;613.6;58.9;15:06:00.120
1993;47.301435;8.740882;613.4;59;15:06:00.620
1994;47.301487;8.740958;612.7;59.5;15:06:01.120
1995;47.301545;8.741032;611.8;61.1;15:06:01.620
1996;47.301602;8.7411;610.5;62.2;15:06:02.120
1997;47.301673;8.741162;609;62.2;15:06:02.620
1998;47.301747;8.741206;607.7;66.5;15:06:03.120
1999;47.301827;8.741244;606.6;67.3;15:06:03.620
2000;47.301903;8.741269;605.8;67;15:06:04.120
2001;47.301995;8.741284;605.5;66;15:06:04.620
2002;47.302083;8.741287;605.5;64.5;15:06:05.120
2003;47.302165;8.741288;606;64.5;15:06:05.620
2004;47.30223;8.741288;607;56.8;15:06:06.120
2005;47.302294;8.741288;608.5;52;15:06:06.620
2006;47.302364;8.741289;610.1;47.4;15:06:07.120
2007;47.302427;8.741292;611.5;42.9;15:06:07.620
2008;47.302489;8.741299;612.5;40.9;15:06:08.120
2009;47.302532;8.741309;613.1;39.3;15:06:08.620
2010;47.302581;8.741319;613.1;39.3;15:06:09.120
2011;47.302625;8.741331;612.5;38;15:06:09.620
2012;47.302684;8.74135;611.4;39.4;15:06:10.120
2013;47.302734;8.741375;610.4;42;15:06:10.620
2014;47.302788;8.741408;609.4;44;15:06:11.120
2015;47.302832;8.74145;608.7;44.5;15:06:11.620
2016;47.302875;8.7415;608;45.3;15:06:12.120
2017;47.302906;8.741565;607.6;45.3;15:06:12.620
2018;47.302931;8.741631;607.1;44.5;15:06:13.120
2019;47.302944;8.741713;606.7;44.4;15:06:13.620
2020;47.30295;8.741793;606.3;44.7;15:06:14.120
2021;47.302962;8.74188;605.8;45.5;15:06:14.620
2022;47.302987;8.741955;605.3;45.6;15:06:15.120
2023;47.303025;8.742032;604.8;45.6;15:06:15.620
2024;47.303052;8.742125;604.1;45.6;15:06:16.120
2025;47.303065;8.742237;603.4;45.6;15:06:16.620
2026;47.303061;8.742361;602.5;50.2;15:06:17.120
2027;47.303049;8.74247;601.5;53.5;15:06:17.620
2028;47.303023;8.742563;600.5;54.8;15:06:18.120
2029;47.302991;8.742645;599.5;57.4;15:06:18.620
2030;47.302956;8.742731;598.7;57.4;15:06:19.120
2031;47.302926;8.742807;597.9;62.3;15:06:19.620
2032;47.302879;8.742877;597;63.4;15:06:20.120
2033;47.302827;8.742952;596.3;65.4;15:06:20.620
2034;47.302753;8.743059;595.6;66.3;15:06:21.120
2035;47.302687;8.743168;594.9;67.5;15:06:21.620
2036;47.302621;8.743268;594.4;69.1;15:06:22.120
2037;47.302549;8.743339;594.1;69.9;15:06:22.620
2038;47.302473;8.743415;594;71.2;15:06:23.120
2039;47.302382;8.743499;594.2;71.7;15:06:23.620
2040;47.302304;8.743584;594.9;70.8;15:06:24.120
2041;47.302218;8.743659;595.8;69.7;15:06:24.620
2042;47.302147;8.743711;597.4;67.1;15:06:25.120
2043;47.302073;8.743763;599.1;65.1;15:06:25.620
2044;47.302018;8.743809;600.9;62.3;15:06:26.120
2045;47.301971;8.74387;602.5;58.6;15:06:26.620
2046;47.301946;8.743921;603.8;58.6;15:06:27.120
2047;47.301906;8.743974;605;56.2;15:06:27.620
2048;47.30184;8.744013;606.2;55.6;15:06:28.120
2049;47.301726;8.744043;607.1;52;15:06:28.620
2050;47.301609;8.744058;607.7;51.5;15:06:29.120
2051;47.301514;8.744066;607.9;51.3;15:06:29.620
2052;47.301449;8.744065;607.7;52.2;15:06:30.120
2053;47.301391;8.744057;607.5;53.9;15:06:30.620
2054;47.30132;8.74404;607.1;55.8;15:06:31.120
2055;47.301245;8.744014;606.9;56.9;15:06:31.620
2056;47.301175;8.743979;607.1;57.7;15:06:32.120
2057;47.301129;8.743944;607.7;57.1;15:06:32.620
2058;47.301086;8.743897;608.7;54.4;15:06:33.120
2059;47.301048;8.743827;609.5;52.1;15:06:33.620
2060;47.301006;8.743714;610.1;49.3;15:06:34.120
2061;47.30098;8.743587;610;48.7;15:06:34.620
2062;47.300963;8.743467;609.6;48.4;15:06:35.120
2063;47.300963;8.743369;609;48.3;15:06:35.620
2064;47.30097;8.743289;608.6;48.8;15:06:36.120
2065;47.300989;8.743208;608.5;48.4;15:06:36.620
2066;47.301018;8.743137;608.7;47.9;15:06:37.120
2067;47.301063;8.743072;609.2;45;15:06:37.620
2068;47.301112;8.743031;609.8;44.8;15:06:38.120
2069;47.301161;8.742994;610.2;43.9;15:06:38.620
2070;47.301197;8.742968;610.2;44.1;15:06:39.120
2071;47.301246;8.742942;609.8;44.7;15:06:39.620
2072;47.301299;8.742928;609.2;44.7;15:06:40.120
2073;47.301372;8.742922;608.6;48.6;15:06:40.620
2074;47.301436;8.742928;608.2;48.6;15:06:41.120
2075;47.30151;8.742939;608.1;51.7;15:06:41.620
2076;47.301587;8.742956;608.3;51.8;15:06:42.120
2077;47.301666;8.742975;608.7;50.9;15:06:42.620
2078;47.301733;8.743002;609.2;50.4;15:06:43.120
2079;47.301786;8.743031;609.8;48.6;15:06:43.620
2080;47.301844;8.74306;610.4;46.7;15:06:44.120
2081;47.301902;8.743085;611.2;45.5;15:06:44.620
2082;47.301961;8.743109;612.3;44.2;15:06:45.120
2083;47.302009;8.743129;613.1;43.9;15:06:45.620
2084;47.302062;8.74315;613.6;43.2;15:06:46.120
2085;47.302122;8.743176;613.5;43.2;15:06:46.620
2086;47.302185;8.743217;613.2;44.3;15:06:47.120
2087;47.302242;8.743261;612.7;44.5;15:06:47.620
2088;47.30229;8.743302;612.2;45.9;15:06:48.120
2089;47.302344;8.743335;611.5;46;15:06:48.620
2090;47.302398;8.743363;610.9;47.3;15:06:49.120
2091;47.302452;8.743393;610.2;48.5;15:06:49.620
2092;47.302504;8.74342;609.6;48.9;15:06:50.120
2093;47.302568;8.743443;609;49.3;15:06:50.620
2094;47.302636;8.743458;608.4;49.6;15:06:51.120
2095;47.302701;8.743477;607.7;49.8;15:06:51.620
2096;47.302755;8.743497;607;50.3;15:06:52.120
2097;47.302818;8.743524;606.2;50.9;15:06:52.620
2098;47.302893;8.743545;605.6;50.9;15:06:53.120
2099;47.302971;8.743568;605.2;50.4;15:06:53.620
2100;47.303037;8.74359;604.8;50.4;15:06:54.120
2101;47.30309;8.743618;604.6;49;15:06:54.620
2102;47.303151;8.743641;604.3;49;15:06:55.120
2103;47.303214;8.74366;604.2;48.1;15:06:55.620
2104;47.30328;8.743676;604;46.9;15:06:56.120
2105;47.303334;8.743692;603.9;46.8;15:06:56.620
2106;47.303394;8.743707;603.8;46.5;15:06:57.120
2107;47.303452;8.743716;603.6;45.9;15:06:57.620
2108;47.30351;8.743723;603.5;46;15:06:58.120
2109;47.303562;8.743727;603.2;45;15:06:58.620
2110;47.303623;8.743728;602.9;45.4;15:06:59.120
2111;47.303682;8.743725;602.5;45.3;15:06:59.620
2112;47.303732;8.743718;602.1;45.5;15:07:00.120
2113;47.303774;8.743706;601.7;46.2;15:07:00.620
2114;47.303828;8.74369;601.5;46.9;15:07:01.120
2115;47.303908;8.743674;601.4;47.1;15:07:01.620
2116;47.303986;8.743657;601.5;46.8;15:07:02.120
2117;47.304052;8.743635;601.6;46.4;15:07:02.620
2118;47.304102;8.743611;601.7;46;15:07:03.120
2119;47.30416;8.743586;601.8;45.6;15:07:03.620
2120;47.30422;8.743567;601.9;45.4;15:07:04.120
2121;47.304269;8.743541;602;44.4;15:07:04.620
2122;47.304293;8.743511;601.9;44.9;15:07:05.120
2123;47.304322;8.743468;601.5;45.7;15:07:05.620
2124;47.304375;8.743427;601.1;45.7;15:07:06.120
2125;47.30446;8.743384;600.6;48.6;15:07:06.620
2126;47.304539;8.743333;600.3;49.1;15:07:07.120
2127;47.304602;8.743276;600.1;51;15:07:07.620
2128;47.304654;8.743205;600.1;51.4;15:07:08.120
2129;47.304704;8.743143;600.1;51.4;15:07:08.620
2130;47.304754;8.743073;600.2;51.7;15:07:09.120
2131;47.3048;8.743013;600.1;52.2;15:07:09.620
2132;47.304854;8.742949;600.1;52.3;15:07:10.120
2133;47.304912;8.742888;600.1;52.5;15:07:10.620
2134;47.304967;8.742823;600.1;51.7;15:07:11.120
2135;47.305013;8.74275;600.1;51.2;15:07:11.620
2136;47.305052;8.74268;600;50.4;15:07:12.120
2137;47.305092;8.7426;599.8;49.1;15:07:12.620
2138;47.305123;8.742527;599.6;48.7;15:07:13.120
2139;47.305141;8.742444;599.3;47.9;15:07:13.620
2140;47.305146;8.742376;598.8;46.8;15:07:14.120
2141;47.305173;8.742313;598.2;46.4;15:07:14.620
2142;47.305233;8.742265;597.3;48.2;15:07:15.120
2143;47.305327;8.742205;596.4;48.9;15:07:15.620
2144;47.305407;8.742132;595.5;49.7;15:07:16.120
2145;47.305465;8.742053;594.7;48.8;15:07:16.620
2146;47.305504;8.741992;594.1;48.1;15:07:17.120
2147;47.305542;8.741939;593.6;47.6;15:07:17.620
2148;47.305572;8.741887;592.8;47.5;15:07:18.120
2149;47.305592;8.741822;592.1;48.4;15:07:18.620
2150;47.305608;8.741751;591.2;48.9;15:07:19.120
2151;47.305628;8.74166;590.5;49.6;15:07:19.620
2152;47.305643;8.741534;589.8;52;15:07:20.120
2153;47.305652;8.741392;589.3;52.5;15:07:20.620
2154;47.30565;8.74126;589;52.8;15:07:21.120
2155;47.305644;8.741151;588.7;53.9;15:07:21.620
2156;47.305631;8.74106;588.5;55.3;15:07:22.120
2157;47.305612;8.740961;588.1;55.5;15:07:22.620
2158;47.305584;8.740866;587.8;56.4;15:07:23.120
2159;47.305554;8.740768;587.5;57.2;15:07:23.620
2160;47.305528;8.740694;587.1;57.8;15:07:24.120
2161;47.305501;8.740608;586.6;58.8;15:07:24.620
2162;47.30546;8.740529;586;59.2;15:07:25.120
2163;47.305401;8.740433;585.4;60.4;15:07:25.620
2164;47.305345;8.740354;584.9;61.4;15:07:26.120
2165;47.305295;8.740265;584.3;62.1;15:07:26.620
2166;47.305241;8.740179;583.6;62.4;15:07:27.120
2167;47.305157;8.740097;582.8;62.8;15:07:27.620
2168;47.305061;8.740029;582;63.8;15:07:28.120
2169;47.30497;8.73997;581.4;64.8;15:07:28.620
2170;47.304897;8.739898;580.8;65.3;15:07:29.120
2171;47.304837;8.739822;580.2;65.5;15:07:29.620
2172;47.304768;8.739757;579.4;65.6;15:07:30.120
2173;47.304699;8.739705;578.7;65.1;15:07:30.620
2174;47.304627;8.739655;578.3;64.1;15:07:31.120
2175;47.304568;8.739596;578.2;63.1;15:07:31.620
2176;47.304506;8.739533;578.3;60.8;15:07:32.120
2177;47.304448;8.739457;578.6;60.8;15:07:32.620
2178;47.304392;8.739359;579;56;15:07:33.120
2179;47.304351;8.739255;579.4;55.4;15:07:33.620
2180;47.304303;8.739165;579.5;53.4;15:07:34.120
2181;47.304251;8.739095;579.4;52.8;15:07:34.620
2182;47.304189;8.739032;579;52.4;15:07:35.120
2183;47.304133;8.738957;578.6;52.8;15:07:35.620
2184;47.30408;8.738886;578.2;53.9;15:07:36.120
2185;47.304021;8.738821;577.9;53.7;15:07:36.620
2186;47.303961;8.738781;577.7;53.4;15:07:37.120
2187;47.303901;8.738751;577.4;53.7;15:07:37.620
2188;47.303846;8.738737;577.1;53.7;15:07:38.120
2189;47.303775;8.738721;576.5;53.8;15:07:38.620
2190;47.303691;8.738707;575.4;53.9;15:07:39.120
2191;47.303608;8.738686;574;54.1;15:07:39.620
2192;47.303537;8.738694;572.6;58.3;15:07:40.120
2193;47.303481;8.738726;571.6;59.7;15:07:40.620
2194;47.30342;8.738794;571.2;63;15:07:41.120
2195;47.303361;8.738866;570.9;60.9;15:07:41.620
2196;47.303305;8.73896;570.5;60.7;15:07:42.120
2197;47.303267;8.739051;569.9;61.1;15:07:42.620
2198;47.303238;8.739133;569;61.2;15:07:43.120
2199;47.303224;8.739211;568.4;61.2;15:07:43.620
2200;47.303221;8.739312;567.8;60.5;15:07:44.120
2201;47.303236;8.739448;567.3;60.5;15:07:44.620
2202;47.303264;8.739562;566.7;59.1;15:07:45.120
2203;47.303301;8.739648;566.3;59;15:07:45.620
2204;47.303336;8.73971;566;58.3;15:07:46.120
2205;47.303379;8.739784;565.8;57.6;15:07:46.620
2206;47.303441;8.739841;565.6;57.6;15:07:47.120
2207;47.303536;8.739872;565.3;57.6;15:07:47.620
2208;47.30363;8.739869;565;57.5;15:07:48.120
2209;47.303711;8.739849;564.6;57.7;15:07:48.620
2210;47.303767;8.739809;564.3;56.7;15:07:49.120
2211;47.303829;8.73976;564.1;55.6;15:07:49.620
2212;47.303896;8.739716;563.9;54.9;15:07:50.120
2213;47.303959;8.739666;563.9;53.9;15:07:50.620
2214;47.304003;8.739592;564;53;15:07:51.120
2215;47.304029;8.739488;564;52.1;15:07:51.620
2216;47.304045;8.739384;563.8;51.9;15:07:52.120
2217;47.304055;8.739306;563.4;52.2;15:07:52.620
2218;47.304062;8.739221;562.8;53.8;15:07:53.120
2219;47.304058;8.739131;562.3;53.8;15:07:53.620
2220;47.30404;8.739011;561.9;56.1;15:07:54.120
2221;47.304006;8.738912;561.8;55.4;15:07:54.620
2222;47.303963;8.738813;562;53.7;15:07:55.120
2223;47.303917;8.738738;562.1;53.1;15:07:55.620
2224;47.303874;8.738676;562;52.1;15:07:56.120
2225;47.303831;8.738629;561.7;51.8;15:07:56.620
2226;47.303795;8.738578;561.2;52.3;15:07:57.120
2227;47.303756;8.738505;560.6;51.5;15:07:57.620
2228;47.303705;8.738438;559.8;50.5;15:07:58.120
2229;47.303628;8.73839;558.8;50.6;15:07:58.620
2230;47.303552;8.738358;557.4;50.8;15:07:59.120
2231;47.303484;8.738322;555.7;53;15:07:59.620
2232;47.303428;8.738273;553.6;53;15:08:00.120
2233;47.303355;8.738228;551.5;53;15:08:00.620
2234;47.303277;8.73819;549.8;61.4;15:08:01.120
2235;47.303199;8.738155;548.7;62.9;15:08:01.620
2236;47.303132;8.738115;548;62.9;15:08:02.120
2237;47.303067;8.738074;547.6;63;15:08:02.620
2238;47.302989;8.73804;547.2;62.5;15:08:03.120
2239;47.302908;8.738011;547;62.3;15:08:03.620
2240;47.302815;8.737976;546.7;62.2;15:08:04.120
2241;47.302746;8.737939;546.4;61;15:08:04.620
2242;47.302691;8.7379;546;60.7;15:08:05.120
2243;47.30267;8.737866;545.5;60.7;15:08:05.620
2244;47.30266;8.737826;544.9;58.7;15:08:06.120
2245;47.302619;8.737787;544.5;58.7;15:08:06.620
2246;47.302528;8.737753;544.2;56.4;15:08:07.120
2247;47.302377;8.737726;544;56.2;15:08:07.620
2248;47.302249;8.737698;543.8;56;15:08:08.120
2249;47.302148;8.737663;543.6;55.7;15:08:08.620
2250;47.302084;8.737635;543.3;55.6;15:08:09.120
2251;47.302015;8.73762;542.9;55.9;15:08:09.620
2252;47.301959;8.737618;542.6;55.9;15:08:10.120
2253;47.301926;8.737624;542.3;56.3;15:08:10.620
2254;47.301885;8.737636;542;55.8;15:08:11.120
2255;47.301813;8.737651;541.7;55.8;15:08:11.620
2256;47.301702;8.737677;541.4;55.7;15:08:12.120
2257;47.301604;8.73772;541;55.6;15:08:12.620
2258;47.301531;8.737797;540.5;55.6;15:08:13.120
2259;47.301477;8.737878;539.9;56.4;15:08:13.620
2260;47.30142;8.737959;539.3;57.5;15:08:14.120
2261;47.301364;8.738028;538.9;57.3;15:08:14.620
2262;47.301322;8.738119;538.6;56.7;15:08:15.120
2263;47.301294;8.738216;538;56.7;15:08:15.620
2264;47.301263;8.73832;537.1;56.7;15:08:16.120
2265;47.301231;8.738407;536.1;58.7;15:08:16.620
2266;47.301188;8.738506;535.2;61.3;15:08:17.120
2267;47.30115;8.738601;534.5;61.4;15:08:17.620
2268;47.301106;8.738701;533.8;61.6;15:08:18.120
2269;47.301059;8.738792;533.1;61.6;15:08:18.620
2270;47.301009;8.738899;532.5;61.9;15:08:19.120
2271;47.300961;8.739015;532.2;61.9;15:08:19.620
2272;47.300921;8.739125;532;61.2;15:08:20.120
2273;47.300878;8.73922;532.1;60.8;15:08:20.620
2274;47.300839;8.739305;532.2;59;15:08:21.120
2275;47.300801;8.739393;532.3;57.6;15:08:21.620
2276;47.300768;8.739464;532.5;56.7;15:08:22.120
2277;47.300734;8.73953;532.6;55.5;15:08:22.620
2278;47.300704;8.739592;532.7;55.3;15:08:23.120
2279;47.300686;8.739696;532.7;54.7;15:08:23.620
2280;47.300668;8.739818;532.5;54.3;15:08:24.120
2281;47.300638;8.739959;532.2;55.1;15:08:24.620
2282;47.300591;8.740073;531.7;56;15:08:25.120
2283;47.300551;8.740177;531.2;57.7;15:08:25.620
2284;47.300521;8.740284;530.6;58.7;15:08:26.120
2285;47.300502;8.740398;530.1;60.4;15:08:26.620
2286;47.300473;8.74051;529.5;60.9;15:08:27.120
2287;47.300444;8.740607;529;62.5;15:08:27.620
2288;47.300411;8.740717;528.7;64.5;15:08:28.120
2289;47.300389;8.740829;528.6;64.6;15:08:28.620
2290;47.300369;8.740947;528.9;64.2;15:08:29.120
2291;47.300355;8.741054;529.4;63.3;15:08:29.620
2292;47.300342;8.741181;530.2;61.3;15:08:30.120
2293;47.300333;8.741315;531.3;60.4;15:08:30.620
2294;47.300324;8.74144;532.5;57.6;15:08:31.120
2295;47.300313;8.741545;534;55.7;15:08:31.620
2296;47.300302;8.741636;535.4;52.5;15:08:32.120
2297;47.300293;8.741739;536.8;52.5;15:08:32.620
2298;47.300283;8.741835;538;48;15:08:33.120
2299;47.300268;8.741924;538.9;46.4;15:08:33.620
2300;47.300251;8.741998;539.1;45.9;15:08:34.120
2301;47.300232;8.742087;538.7;47.1;15:08:34.620
2302;47.300213;8.742192;537.6;48.9;15:08:35.120
2303;47.300191;8.742294;536.1;49.9;15:08:35.620
2304;47.300169;8.742383;534.3;51.8;15:08:36.120
2305;47.300156;8.742463;532.7;56.5;15:08:36.620
2306;47.300135;8.742564;531.6;60.2;15:08:37.120
2307;47.300099;8.742671;531.1;61.9;15:08:37.620
2308;47.300035;8.742774;531.1;60.2;15:08:38.120
2309;47.299974;8.742857;531.4;58.3;15:08:38.620
2310;47.299925;8.74295;531.8;55.9;15:08:39.120
2311;47.299894;8.743045;532.2;54.6;15:08:39.620
2312;47.299862;8.743142;532.6;52.9;15:08:40.120
2313;47.299831;8.74322;532.8;52.2;15:08:40.620
2314;47.299796;8.743301;532.9;50.1;15:08:41.120
2315;47.299764;8.74339;532.9;49.5;15:08:41.620
2316;47.299726;8.74348;532.6;48.1;15:08:42.120
2317;47.299685;8.743561;532.3;48;15:08:42.620
2318;47.299644;8.743628;531.9;48.4;15:08:43.120
2319;47.299614;8.743702;531.6;46.9;15:08:43.620
2320;47.299588;8.743771;531.3;46.8;15:08:44.120
2321;47.299558;8.74384;530.8;46.3;15:08:44.620
2322;47.299518;8.743903;530.1;46.7;15:08:45.120
2323;47.299479;8.74398;529.2;46.8;15:08:45.620
2324;47.299445;8.744063;528.2;47.5;15:08:46.120
2325;47.299411;8.744143;526.9;48;15:08:46.620
2326;47.299373;8.744211;525.6;49.3;15:08:47.120
2327;47.299335;8.744292;524.2;50;15:08:47.620
2328;47.299302;8.744391;522.9;51.9;15:08:48.120
2329;47.299274;8.744494;521.7;53.1;15:08:48.620
2330;47.299245;8.744584;520.8;52.3;15:08:49.120
2331;47.299221;8.744658;519.9;51.6;15:08:49.620
2332;47.299198;8.744728;518.8;50.2;15:08:50.120
2333;47.299173;8.744786;517.5;50.7;15:08:50.620
2334;47.299138;8.74485;516;51.7;15:08:51.120
2335;47.299102;8.744931;514.6;52;15:08:51.620
2336;47.29907;8.745054;513.2;51.6;15:08:52.120
2337;47.29905;8.745192;511.9;52.4;15:08:52.620
2338;47.299031;8.745321;510.6;53;15:08:53.120
2339;47.299015;8.745427;509.1;53.2;15:08:53.620
2340;47.299003;8.745504;507.8;54.1;15:08:54.120
2341;47.298996;8.745564;506.7;54;15:08:54.620
2342;47.298999;8.745591;505.9;53.6;15:08:55.120
2343;47.299013;8.745647;505.2;53.1;15:08:55.620
2344;47.299036;8.745742;504.5;50.7;15:08:56.120
2345;47.299059;8.745897;503.7;50.3;15:08:56.620
2346;47.299072;8.746029;502.9;49.7;15:08:57.120
2347;47.299076;8.746124;502.1;49.6;15:08:57.620
2348;47.299076;8.746171;501.4;50.2;15:08:58.120
2349;47.299108;8.746211;500.6;51.6;15:08:58.620
2350;47.299182;8.746244;499.8;51.4;15:08:59.120
2351;47.299308;8.746267;499;51.6;15:08:59.620
2352;47.299432;8.746277;498.1;52;15:09:00.120
2353;47.299536;8.746275;496.9;51.2;15:09:00.620
2354;47.299604;8.74626;495.6;51.3;15:09:01.120
2355;47.29966;8.746237;494.1;52.7;15:09:01.620
2356;47.299713;8.746207;492.7;53.2;15:09:02.120
2357;47.299756;8.746174;491.4;54.7;15:09:02.620
2358;47.299782;8.746134;490.2;55.2;15:09:03.120
2359;47.299816;8.746098;488.9;57.3;15:09:03.620
2360;47.299874;8.746051;487.5;57.8;15:09:04.120
2361;47.299972;8.745981;486.1;58.8;15:09:04.620
2362;47.300058;8.745867;484.6;58.8;15:09:05.120
2363;47.300126;8.745739;483;61.2;15:09:05.620
2364;47.300165;8.74562;481.6;61.9;15:09:06.120
2365;47.300205;8.74552;480.5;62.6;15:09:06.620
2366;47.300242;8.745426;479.9;62.2;15:09:07.120
2367;47.300282;8.745312;479.4;62.1;15:09:07.620
2368;47.300318;8.745204;479.2;62.6;15:09:08.120
2369;47.300361;8.7451;478.9;61.8;15:09:08.620
2370;47.300401;8.745013;478.5;61.3;15:09:09.120
2371;47.300435;8.744923;478;61.4;15:09:09.620
2372;47.30045;8.744843;477.4;60.4;15:09:10.120
2373;47.300456;8.744794;477;60.4;15:09:10.620
2374;47.300482;8.744776;476.5;60.4;15:09:11.120
2375;47.300535;8.744725;476.1;60.4;15:09:11.620
2376;47.30062;8.744605;475.6;60.2;15:09:12.120
2377;47.30069;8.744418;475.2;59.3;15:09:12.620
2378;47.300753;8.744255;474.9;58.4;15:09:13.120
2379;47.3008;8.744136;474.7;57.5;15:09:13.620
2380;47.300849;8.74405;474.5;57;15:09:14.120
2381;47.30089;8.743969;474.5;56.5;15:09:14.620
2382;47.30093;8.7439;474.7;55.7;15:09:15.120
2383;47.30096;8.74384;475;55.5;15:09:15.620
2384;47.300992;8.743777;475.5;55.3;15:09:16.120
2385;47.301034;8.743674;475.9;55;15:09:16.620
2386;47.301092;8.743573;476.4;56;15:09:17.120
2387;47.301156;8.743462;476.8;57.4;15:09:17.620
2388;47.30121;8.74338;477.3;56;15:09:18.120
2389;47.301263;8.743292;477.9;55.6;15:09:18.620
2390;47.301303;8.743217;478.6;51;15:09:19.120
2391;47.301346;8.743153;479.2;49.8;15:09:19.620
2392;47.301378;8.743095;479.4;49.1;15:09:20.120
2393;47.301416;8.74302;479.3;50.1;15:09:20.620
2394;47.301448;8.742916;479.4;54.3;15:09:21.120
2395;47.301491;8.742811;479.8;59.3;15:09:21.620
2396;47.30154;8.742731;480.9;62.7;15:09:22.120
2397;47.301593;8.742639;483.1;69.7;15:09:22.620
2398;47.301633;8.742538;486.5;70;15:09:23.120
2399;47.301654;8.742414;490.9;69.2;15:09:23.620
2400;47.301681;8.742312;496;66.6;15:09:24.120
2401;47.301723;8.742204;501.2;66.3;15:09:24.620
2402;47.301794;8.742073;506.8;67;15:09:25.120
2403;47.301859;8.741941;512.1;65.5;15:09:25.620
2404;47.301927;8.741824;517.6;63.9;15:09:26.120
2405;47.301982;8.741742;522.2;63.5;15:09:26.620
2406;47.302042;8.741655;526.7;69.4;15:09:27.120
2407;47.302099;8.74156;530.6;69.4;15:09:27.620
2408;47.302169;8.741465;535.2;63.3;15:09:28.120
2409;47.302246;8.741381;540.7;62.3;15:09:28.620
2410;47.302321;8.741324;546.5;64.9;15:09:29.120
2411;47.302389;8.741264;552.2;65.7;15:09:29.620
2412;47.302451;8.741208;556.9;65.3;15:09:30.120
2413;47.302526;8.741135;561.8;65.7;15:09:30.620
2414;47.302598;8.74107;566.4;62.1;15:09:31.120
2415;47.302666;8.740995;571.3;60.8;15:09:31.620
2416;47.302725;8.740927;575.5;63.1;15:09:32.120
2417;47.302797;8.740865;579.9;63;15:09:32.620
2418;47.302875;8.740817;583.5;62.3;15:09:33.120
2419;47.30295;8.740768;587.3;61.2;15:09:33.620
2420;47.303014;8.740712;590.4;63.5;15:09:34.120
2421;47.303089;8.740656;594.4;64.8;15:09:34.620
2422;47.30318;8.740609;599.7;64.7;15:09:35.120
2423;47.303273;8.740569;605.8;64;15:09:35.620
2424;47.303342;8.740531;611.6;62.8;15:09:36.120
2425;47.303376;8.740499;616.2;62.8;15:09:36.620
2426;47.30341;8.740465;620.2;50.1;15:09:37.120
2427;47.303457;8.740425;623.3;46.6;15:09:37.620
2428;47.303536;8.740366;625.9;39.9;15:09:38.120
2429;47.303602;8.740311;627.6;37.1;15:09:38.620
2430;47.303659;8.740262;628.9;31.9;15:09:39.120
2431;47.303697;8.740225;629.3;31.9;15:09:39.620
2432;47.30373;8.740178;629;31.3;15:09:40.120
2433;47.303757;8.740131;627.8;31.7;15:09:40.620
2434;47.303778;8.740091;625.9;34.4;15:09:41.120
2435;47.303804;8.74005;623.5;37.8;15:09:41.620
2436;47.303829;8.74;621.5;42.9;15:09:42.120
2437;47.303859;8.739912;619.8;49.2;15:09:42.620
2438;47.303887;8.739822;618.7;50.3;15:09:43.120
2439;47.30392;8.739718;617.7;51.1;15:09:43.620
2440;47.303951;8.73963;617;51.9;15:09:44.120
2441;47.30398;8.739525;616.3;51.8;15:09:44.620
2442;47.304002;8.739425;615.6;52.6;15:09:45.120
2443;47.304026;8.739328;614.9;52.6;15:09:45.620
2444;47.304052;8.739245;614.3;54.4;15:09:46.120
2445;47.304078;8.739152;613.6;54.5;15:09:46.620
2446;47.304096;8.739038;613.1;54.8;15:09:47.120
2447;47.304109;8.738919;612.5;54.9;15:09:47.620
2448;47.304122;8.738823;612;55;15:09:48.120
2449;47.304137;8.738744;611.5;55.4;15:09:48.620
2450;47.304152;8.738656;611;54.8;15:09:49.120
2451;47.30416;8.738544;610.6;54.8;15:09:49.620
2452;47.304164;8.738427;610;55.5;15:09:50.120
2453;47.304165;8.738332;609.7;55.5;15:09:50.620
2454;47.304165;8.738232;609.5;56.5;15:09:51.120
2455;47.30416;8.738136;609.4;56.7;15:09:51.620
2456;47.304149;8.738017;609.4;56.5;15:09:52.120
2457;47.304128;8.737914;609.3;56.5;15:09:52.620
2458;47.304103;8.737796;609.1;56.8;15:09:53.120
2459;47.30407;8.737679;608.7;57.4;15:09:53.620
2460;47.30404;8.73757;608.2;57.3;15:09:54.120
2461;47.304011;8.737494;607.6;57.6;15:09:54.620
2462;47.303994;8.737459;607;57.4;15:09:55.120
2463;47.303986;8.737448;606.4;58;15:09:55.620
2464;47.303986;8.737448;605.7;58;15:09:56.120
2465;47.303986;8.73742;604.8;57.9;15:09:56.620
2466;47.303928;8.737364;603.4;57.9;15:09:57.120
2467;47.303811;8.737282;601.6;60.2;15:09:57.620
2468;47.303624;8.737228;599.6;63;15:09:58.120
2469;47.303474;8.737209;597.9;62.1;15:09:58.620
2470;47.303346;8.737222;596.7;63.3;15:09:59.120
2471;47.303261;8.737248;595.5;64.8;15:09:59.620
2472;47.303173;8.737287;594.3;64.8;15:10:00.120
2473;47.30311;8.737334;592.8;67;15:10:00.620
2474;47.30304;8.737377;591.5;67.2;15:10:01.120
2475;47.302977;8.737402;590.5;67.4;15:10:01.620
2476;47.302904;8.737441;589.6;67.4;15:10:02.120
2477;47.302863;8.737501;588.9;67.4;15:10:02.620
2478;47.302814;8.737606;588.2;67;15:10:03.120
2479;47.302749;8.737711;587.6;67;15:10:03.620
2480;47.302649;8.737827;587;65.7;15:10:04.120
2481;47.30256;8.737934;586.6;64.7;15:10:04.620
2482;47.30249;8.738039;586.4;64.4;15:10:05.120
2483;47.302432;8.738128;586.4;64.4;15:10:05.620
2484;47.302377;8.738206;586.4;62;15:10:06.120
2485;47.302326;8.738288;586.3;61.4;15:10:06.620
2486;47.302293;8.738385;586.1;60.6;15:10:07.120
2487;47.302251;8.738477;585.8;60.6;15:10:07.620
2488;47.302202;8.738578;585.3;59.6;15:10:08.120
2489;47.30214;8.738667;584.7;59.1;15:10:08.620
2490;47.302092;8.738775;583.9;59.1;15:10:09.120
2491;47.302053;8.738877;582.9;59.3;15:10:09.620
2492;47.302016;8.738977;581.7;60.4;15:10:10.120
2493;47.301968;8.739063;580.5;60.4;15:10:10.620
2494;47.301922;8.739167;579.4;63;15:10:11.120
2495;47.301885;8.739278;578.5;63;15:10:11.620
2496;47.301851;8.739396;577.8;64.5;15:10:12.120
2497;47.301816;8.739495;577.4;64.5;15:10:12.620
2498;47.301779;8.739604;577.3;63.4;15:10:13.120
2499;47.301753;8.739706;577.3;63.2;15:10:13.620
2500;47.301721;8.739794;577.5;61.7;15:10:14.120
2501;47.30169;8.739837;577.8;61.7;15:10:14.620
2502;47.301654;8.739895;578.1;60.2;15:10:15.120
2503;47.301633;8.739996;578.5;60.2;15:10:15.620
2504;47.301602;8.740152;579;59;15:10:16.120
2505;47.301553;8.740287;579.6;58.8;15:10:16.620
2506;47.301474;8.740388;580.1;58.7;15:10:17.120
2507;47.3014;8.740461;580.5;58;15:10:17.620
2508;47.301332;8.740529;580.7;58.4;15:10:18.120
2509;47.301261;8.740585;580.5;59.5;15:10:18.620
2510;47.301172;8.740617;580.1;60.3;15:10:19.120
2511;47.301083;8.740637;579.7;62.2;15:10:19.620
2512;47.301006;8.740632;579.6;63;15:10:20.120
2513;47.300944;8.740607;580;61.2;15:10:20.620
2514;47.300879;8.740563;580.6;61.2;15:10:21.120
2515;47.30082;8.740504;581.3;58;15:10:21.620
2516;47.300772;8.740418;582;56.1;15:10:22.120
2517;47.300746;8.740305;582.6;56.1;15:10:22.620
2518;47.300734;8.740193;583.3;53.2;15:10:23.120
2519;47.300733;8.740098;583.8;53.2;15:10:23.620
2520;47.300739;8.740008;584.3;50.1;15:10:24.120
2521;47.300753;8.739904;584.5;50.1;15:10:24.620
2522;47.300772;8.739796;584.8;50.8;15:10:25.120
2523;47.300794;8.739698;585.2;50.2;15:10:25.620
2524;47.300815;8.739617;585.7;49.6;15:10:26.120
2525;47.300832;8.739529;586.5;49.3;15:10:26.620
2526;47.30084;8.739446;587.1;47.9;15:10:27.120
2527;47.300843;8.739361;587.7;48.1;15:10:27.620
2528;47.300843;8.739285;588.1;48.1;15:10:28.120
2529;47.300843;8.739195;588.4;48.6;15:10:28.620
2530;47.300862;8.739108;588.5;49;15:10:29.120
2531;47.300905;8.739025;588.4;50;15:10:29.620
2532;47.300972;8.738952;588.3;50.6;15:10:30.120
2533;47.301028;8.738862;588.1;51.8;15:10:30.620
2534;47.30107;8.738768;588;52.2;15:10:31.120
2535;47.301103;8.738678;587.9;52.2;15:10:31.620
2536;47.301135;8.738603;587.9;52.1;15:10:32.120
2537;47.301168;8.738532;587.9;51.4;15:10:32.620
2538;47.301195;8.738446;588;51.4;15:10:33.120
2539;47.301221;8.738356;588.2;50.1;15:10:33.620
2540;47.301251;8.738252;588.3;50;15:10:34.120
2541;47.301282;8.738165;588.3;49.6;15:10:34.620
2542;47.301316;8.738082;587.9;49.9;15:10:35.120
2543;47.301336;8.738026;587.5;49.9;15:10:35.620
2544;47.301358;8.737992;587.1;49.8;15:10:36.120
2545;47.301383;8.737943;586.8;49.4;15:10:36.620
2546;47.301419;8.737868;586.5;49.4;15:10:37.120
2547;47.301454;8.737745;586.3;49.4;15:10:37.620
2548;47.30149;8.737648;586.2;49.2;15:10:38.120
2549;47.301532;8.737552;586.2;48.6;15:10:38.620
2550;47.301572;8.737467;586.3;48.4;15:10:39.120
2551;47.301601;8.737344;586.2;48.3;15:10:39.620
2552;47.301619;8.737235;586;48.4;15:10:40.120
2553;47.301637;8.737139;585.6;49.5;15:10:40.620
2554;47.301659;8.737063;585;50.5;15:10:41.120
2555;47.301673;8.736968;584.2;50.5;15:10:41.620
2556;47.30169;8.736868;583.4;52.5;15:10:42.120
2557;47.301714;8.736783;582.6;53.3;15:10:42.620
2558;47.301752;8.736715;581.9;54;15:10:43.120
2559;47.30179;8.736651;581.4;53.9;15:10:43.620
2560;47.301821;8.736546;581.1;53.9;15:10:44.120
2561;47.301851;8.736436;580.9;53.2;15:10:44.620
2562;47.301886;8.736312;580.8;52.9;15:10:45.120
2563;47.301925;8.736218;580.7;52.7;15:10:45.620
2564;47.301962;8.736119;580.6;52.4;15:10:46.120
2565;47.301989;8.736023;580.6;52;15:10:46.620
2566;47.302011;8.735925;580.5;52;15:10:47.120
2567;47.302038;8.735835;580.5;52;15:10:47.620
2568;47.302077;8.735761;580.4;52.3;15:10:48.120
2569;47.302134;8.735676;580.5;52.3;15:10:48.620
2570;47.302184;8.735592;580.6;52;15:10:49.120
2571;47.302233;8.735504;580.7;52;15:10:49.620
2572;47.302271;8.735431;580.8;51.9;15:10:50.120
2573;47.302309;8.735362;580.9;51.7;15:10:50.620
2574;47.302343;8.735297;580.9;51.9;15:10:51.120
2575;47.302383;8.735243;580.8;51.9;15:10:51.620
2576;47.302422;8.735173;580.7;51.8;15:10:52.120
2577;47.302453;8.735088;580.6;52;15:10:52.620
2578;47.302478;8.734977;580.6;52.3;15:10:53.120
2579;47.302503;8.734891;580.7;51.4;15:10:53.620
2580;47.302533;8.734822;580.8;50.1;15:10:54.120
2581;47.302553;8.734757;580.9;50;15:10:54.620
2582;47.302583;8.734662;580.9;50.1;15:10:55.120
2583;47.302628;8.734566;580.9;49.6;15:10:55.620
2584;47.302708;8.734486;581;49.6;15:10:56.120
2585;47.302782;8.734438;581.1;49.1;15:10:56.620
2586;47.302846;8.734382;581.1;49.4;15:10:57.120
2587;47.302888;8.734324;581.1;50.3;15:10:57.620
2588;47.302937;8.734245;580.9;51.3;15:10:58.120
2589;47.302985;8.734188;580.7;51.6;15:10:58.620
2590;47.303037;8.734125;580.6;53.9;15:10:59.120
2591;47.303086;8.734064;580.8;54.2;15:10:59.620
2592;47.303138;8.733983;581.2;53.5;15:11:00.120
2593;47.303181;8.733909;581.6;53.8;15:11:00.620
2594;47.303206;8.733847;581.9;53;15:11:01.120
2595;47.303238;8.733788;582.2;53.1;15:11:01.620
2596;47.303295;8.733733;582.4;52.7;15:11:02.120
2597;47.303393;8.73368;582.6;52.7;15:11:02.620
2598;47.303483;8.733635;582.9;52.4;15:11:03.120
2599;47.303556;8.733586;583.4;51.7;15:11:03.620
2600;47.303606;8.733539;583.9;50.8;15:11:04.120
2601;47.303668;8.733499;584.4;49.1;15:11:04.620
2602;47.303733;8.733475;584.6;48.7;15:11:05.120
2603;47.303787;8.733458;584.5;48.4;15:11:05.620
2604;47.303832;8.733447;584.4;48.9;15:11:06.120
2605;47.303876;8.733441;584.4;50.1;15:11:06.620
2606;47.30393;8.733447;584.7;50.8;15:11:07.120
2607;47.303965;8.733466;585.2;49.7;15:11:07.620
2608;47.303983;8.733507;585.7;49.7;15:11:08.120
2609;47.304017;8.733554;586.1;49.7;15:11:08.620
2610;47.304091;8.733599;586.5;49.7;15:11:09.120
2611;47.304204;8.733642;587;50.1;15:11:09.620
2612;47.304293;8.733701;587.5;50.1;15:11:10.120
2613;47.304348;8.733782;587.8;47.7;15:11:10.620
2614;47.304367;8.73387;588.4;43.8;15:11:11.120
2615;47.304378;8.733942;589.3;43.4;15:11:11.620
2616;47.304381;8.73402;590.6;43.4;15:11:12.120
2617;47.304379;8.734107;591;45;15:11:12.620
2618;47.304367;8.734213;590.3;47.3;15:11:13.120
2619;47.304348;8.73431;588.7;53.8;15:11:13.620
2620;47.304323;8.734404;587;56.4;15:11:14.120
2621;47.304296;8.734508;585.3;61.2;15:11:14.620
2622;47.304256;8.73461;583.9;63.5;15:11:15.120
2623;47.304198;8.734709;582.9;64.4;15:11:15.620
2624;47.304136;8.734797;582.4;64.4;15:11:16.120
2625;47.304081;8.73489;582.3;65.6;15:11:16.620
2626;47.30404;8.734973;582.3;65.3;15:11:17.120
2627;47.303992;8.735024;582.2;65.1;15:11:17.620
2628;47.303943;8.735085;582;65.9;15:11:18.120
2629;47.303898;8.735181;581.7;66.3;15:11:18.620
2630;47.303859;8.735333;581.5;66.5;15:11:19.120
2631;47.303818;8.735455;581.5;65.9;15:11:19.620
2632;47.303771;8.735547;581.3;66.2;15:11:20.120
2633;47.303739;8.735609;581.1;66.8;15:11:20.620
2634;47.303689;8.735684;580.8;67.1;15:11:21.120
2635;47.303608;8.735733;580.5;67.5;15:11:21.620
2636;47.303481;8.735766;580.1;68.8;15:11:22.120
2637;47.303351;8.735782;579.9;68.5;15:11:22.620
2638;47.303244;8.735792;579.8;68.3;15:11:23.120
2639;47.30315;8.735768;580.3;64.7;15:11:23.620
2640;47.30308;8.735711;581.1;58.5;15:11:24.120
2641;47.303016;8.735651;582.1;56.1;15:11:24.620
2642;47.302974;8.735589;582.9;53.1;15:11:25.120
2643;47.302939;8.735524;583.4;51.4;15:11:25.620
2644;47.302921;8.735431;583.6;49.4;15:11:26.120
2645;47.302913;8.735352;583.8;47.4;15:11:26.620
2646;47.302911;8.735289;584.1;43.5;15:11:27.120
2647;47.302921;8.735265;584.2;42.3;15:11:27.620
2648;47.302948;8.735225;584.2;41.9;15:11:28.120
2649;47.303;8.735166;584;40.3;15:11:28.620
2650;47.303063;8.735075;584;39.8;15:11:29.120
2651;47.303125;8.735006;584.1;39.8;15:11:29.620
2652;47.303174;8.734966;584.5;37.4;15:11:30.120
2653;47.303216;8.734956;584.8;37.3;15:11:30.620
2654;47.303255;8.734953;585;36.9;15:11:31.120
2655;47.303287;8.734956;584.9;37.6;15:11:31.620
2656;47.303322;8.734965;584.7;38;15:11:32.120
2657;47.30336;8.734975;584.5;39.8;15:11:32.620
2658;47.303406;8.734992;584.3;39.9;15:11:33.120
2659;47.303437;8.735026;584.2;40.2;15:11:33.620
2660;47.303472;8.735076;584.2;40.2;15:11:34.120
2661;47.303514;8.735143;584.2;40.2;15:11:34.620
2662;47.30358;8.735211;584.1;44.6;15:11:35.120
2663;47.30364;8.735282;584.1;44.8;15:11:35.620
2664;47.303686;8.735347;584.1;44.8;15:11:36.120
2665;47.303718;8.735413;583.9;47.7;15:11:36.620
2666;47.303742;8.735493;583.6;50.3;15:11:37.120
2667;47.30376;8.735565;583.1;52.2;15:11:37.620
2668;47.303769;8.73566;582.8;54.5;15:11:38.120
2669;47.303773;8.735768;582.4;55.9;15:11:38.620
2670;47.303773;8.735911;582.1;58.8;15:11:39.120
2671;47.303759;8.736036;581.7;58.8;15:11:39.620
2672;47.303731;8.736126;581.4;61;15:11:40.120
2673;47.303688;8.736211;581.2;61.6;15:11:40.620
2674;47.303646;8.736306;581;60.4;15:11:41.120
2675;47.303594;8.736427;580.8;60.5;15:11:41.620
2676;47.303523;8.736525;580.5;60.5;15:11:42.120
2677;47.303448;8.736604;580;60.5;15:11:42.620
2678;47.303379;8.736674;579.5;60.5;15:11:43.120
2679;47.303325;8.736744;579;60.7;15:11:43.620
2680;47.303271;8.736814;578.4;61.6;15:11:44.120
2681;47.303226;8.736868;577.7;62;15:11:44.620
2682;47.303176;8.736915;576.9;61.4;15:11:45.120
2683;47.303112;8.73695;576.3;60.8;15:11:45.620
2684;47.303023;8.736981;575.7;61.4;15:11:46.120
2685;47.302926;8.737006;574.9;60.9;15:11:46.620
2686;47.30284;8.737033;574;61.9;15:11:47.120
2687;47.302751;8.737049;573.1;61.9;15:11:47.620
2688;47.302668;8.737053;572.4;63.1;15:11:48.120
2689;47.302571;8.73704;572;63.5;15:11:48.620
2690;47.302492;8.73701;571.8;63.5;15:11:49.120
2691;47.302422;8.736956;572.2;59.6;15:11:49.620
2692;47.30237;8.73689;572.9;56.3;15:11:50.120
2693;47.302315;8.736823;573.7;51.9;15:11:50.620
2694;47.302263;8.736763;574;50.9;15:11:51.120
2695;47.302221;8.736689;573.8;50.7;15:11:51.620
2696;47.302202;8.736597;573.2;50.8;15:11:52.120
2697;47.302196;8.736499;572.5;51.3;15:11:52.620
2698;47.30218;8.736423;571.7;50;15:11:53.120
2699;47.302147;8.736356;570.7;49.6;15:11:53.620
2700;47.302098;8.736275;569.6;49.2;15:11:54.120
2701;47.302066;8.736163;568.4;49.5;15:11:54.620
2702;47.302055;8.736056;567.4;49.7;15:11:55.120
2703;47.302064;8.735966;566.8;50.3;15:11:55.620
2704;47.302082;8.735883;566.5;48.4;15:11:56.120
2705;47.302106;8.735802;566.8;48.4;15:11:56.620
2706;47.302142;8.735723;567.4;46.5;15:11:57.120
2707;47.302185;8.735659;568.2;46.2;15:11:57.620
2708;47.302228;8.735592;568.8;43.1;15:11:58.120
2709;47.302269;8.73553;569.1;42.6;15:11:58.620
2710;47.302309;8.73548;569.4;42;15:11:59.120
2711;47.302354;8.735451;569.7;40.5;15:11:59.620
2712;47.302391;8.735442;570.1;38.5;15:12:00.120
2713;47.302426;8.735446;570.4;38.5;15:12:00.620
2714;47.302465;8.735457;570.2;36.9;15:12:01.120
2715;47.302524;8.735476;569.6;38.3;15:12:01.620
2716;47.302584;8.735516;568.5;40.8;15:12:02.120
2717;47.302633;8.735576;567.6;46;15:12:02.620
2718;47.302663;8.735661;567.1;46.9;15:12:03.120
2719;47.302689;8.735743;567;46.6;15:12:03.620
2720;47.302711;8.735835;567;46.6;15:12:04.120
2721;47.302729;8.735917;566.9;47.3;15:12:04.620
2722;47.302736;8.736019;566.4;48.4;15:12:05.120
2723;47.302736;8.736117;565.6;48.6;15:12:05.620
2724;47.302731;8.736222;564.6;57.1;15:12:06.120
2725;47.302728;8.736308;563.8;58.7;15:12:06.620
2726;47.302707;8.736398;563.3;58.9;15:12:07.120
2727;47.30266;8.73648;562.9;59.1;15:12:07.620
2728;47.302578;8.736558;562.2;59.1;15:12:08.120
2729;47.302482;8.736613;561.2;59.1;15:12:08.620
2730;47.302391;8.736667;559.9;59.1;15:12:09.120
2731;47.302311;8.73671;558.4;62.7;15:12:09.620
2732;47.30224;8.736753;557.2;64.2;15:12:10.120
2733;47.302158;8.736771;556.3;65;15:12:10.620
2734;47.30208;8.736768;555.8;64.6;15:12:11.120
2735;47.302004;8.736732;555.7;63.7;15:12:11.620
2736;47.301944;8.736682;556.2;62.3;15:12:12.120
2737;47.301883;8.736623;557;54.5;15:12:12.620
2738;47.301831;8.736563;557.9;52.8;15:12:13.120
2739;47.301789;8.736497;558.4;49.3;15:12:13.620
2740;47.301768;8.736417;558.6;45.9;15:12:14.120
2741;47.30176;8.736335;558.6;41.5;15:12:14.620
2742;47.301767;8.736243;558.4;38.7;15:12:15.120
2743;47.301784;8.736173;558.1;35.4;15:12:15.620
2744;47.301809;8.736114;557.7;34.4;15:12:16.120
2745;47.301838;8.736077;557.4;34.8;15:12:16.620
2746;47.301879;8.736046;556.8;34.8;15:12:17.120
2747;47.301926;8.736023;556.2;36.7;15:12:17.620
2748;47.301977;8.73601;555.1;38.5;15:12:18.120
2749;47.302015;8.736005;553.9;39.4;15:12:18.620
2750;47.302045;8.736013;552.4;43.1;15:12:19.120
2751;47.302059;8.736032;551.5;43.9;15:12:19.620
2752;47.302088;8.736068;550.9;45.4;15:12:20.120
2753;47.302137;8.736122;550.7;45.1;15:12:20.620
2754;47.302216;8.736181;550.5;43.6;15:12:21.120
2755;47.302285;8.736245;550.2;43.6;15:12:21.620
2756;47.302333;8.736309;549.8;43.3;15:12:22.120
2757;47.302357;8.736394;549.1;43.3;15:12:22.620
2758;47.302372;8.736479;548.2;46.3;15:12:23.120
2759;47.302383;8.736565;547.3;49;15:12:23.620
2760;47.302386;8.736643;546.6;49.9;15:12:24.120
2761;47.302382;8.736739;545.9;50;15:12:24.620
2762;47.302373;8.73684;545.1;50.1;15:12:25.120
2763;47.302361;8.736924;544.3;51;15:12:25.620
2764;47.30235;8.736991;543.3;51.7;15:12:26.120
2765;47.302336;8.737074;542.4;51.7;15:12:26.620
2766;47.302318;8.737187;541.4;54.1;15:12:27.120
2767;47.30229;8.737293;540.4;55;15:12:27.620
2768;47.30226;8.737383;539.3;55.5;15:12:28.120
2769;47.302233;8.737471;538.4;56.7;15:12:28.620
2770;47.302211;8.737602;537.7;57.7;15:12:29.120
2771;47.302193;8.737739;537.3;58.1;15:12:29.620
2772;47.302176;8.737868;536.9;58.1;15:12:30.120
2773;47.30216;8.737964;536.7;58.2;15:12:30.620
2774;47.302145;8.738069;536.5;57.9;15:12:31.120
2775;47.302133;8.738171;536.4;57.9;15:12:31.620
2776;47.302122;8.738277;536.3;57.4;15:12:32.120
2777;47.302116;8.738373;536.4;57.7;15:12:32.620
2778;47.302107;8.738489;536.5;57.6;15:12:33.120
2779;47.302094;8.738614;536.7;57;15:12:33.620
2780;47.302071;8.738734;536.8;56.9;15:12:34.120
2781;47.302046;8.738836;536.7;56.9;15:12:34.620
2782;47.302024;8.738927;536.5;57.4;15:12:35.120
2783;47.302005;8.739035;536.2;57.9;15:12:35.620
2784;47.301983;8.739146;536.1;58.2;15:12:36.120
2785;47.301951;8.739252;535.9;58.2;15:12:36.620
2786;47.301907;8.739336;535.6;58.1;15:12:37.120
2787;47.301859;8.739413;534.9;58.3;15:12:37.620
2788;47.301813;8.739501;533.9;59;15:12:38.120
2789;47.301767;8.739589;532.7;58.7;15:12:38.620
2790;47.301707;8.739688;531.3;62.2;15:12:39.120
2791;47.301641;8.739766;529.8;61.6;15:12:39.620
2792;47.301574;8.739836;528.3;62.4;15:12:40.120
2793;47.301513;8.739879;527.1;63.9;15:12:40.620
2794;47.301435;8.739916;525.9;64.8;15:12:41.120
2795;47.301351;8.739948;524.9;65.7;15:12:41.620
2796;47.301261;8.73998;524.2;65.8;15:12:42.120
2797;47.301185;8.739991;523.8;66;15:12:42.620
2798;47.301102;8.739979;523.8;65.6;15:12:43.120
2799;47.301015;8.739942;523.9;65.5;15:12:43.620
2800;47.300931;8.739895;524;65;15:12:44.120
2801;47.300871;8.739826;524;65;15:12:44.620
2802;47.300842;8.739749;524.1;60.6;15:12:45.120
2803;47.300818;8.739661;524.2;58.8;15:12:45.620
2804;47.300787;8.739588;524;58.1;15:12:46.120
2805;47.300742;8.739492;523.9;55.6;15:12:46.620
2806;47.300716;8.739401;524;53.6;15:12:47.120
2807;47.300712;8.739289;524.2;50;15:12:47.620
2808;47.300733;8.739198;524.3;50;15:12:48.120
2809;47.300757;8.7391;524.3;50;15:12:48.620
2810;47.300785;8.739011;524.1;44.6;15:12:49.120
2811;47.300815;8.738929;523.6;44.1;15:12:49.620
2812;47.300858;8.738867;523;43.7;15:12:50.120
2813;47.300906;8.738824;522.1;44.2;15:12:50.620
2814;47.300955;8.738781;521.3;44.7;15:12:51.120
2815;47.300998;8.738742;520.5;44.6;15:12:51.620
2816;47.301053;8.738709;519.9;45.1;15:12:52.120
2817;47.301113;8.738692;519.5;45.6;15:12:52.620
2818;47.301177;8.738682;519.2;46.4;15:12:53.120
2819;47.301232;8.738679;519;46.6;15:12:53.620
2820;47.301292;8.738684;518.8;47.2;15:12:54.120
2821;47.301359;8.7387;518.6;47.5;15:12:54.620
2822;47.301428;8.738735;518;48.8;15:12:55.120
2823;47.30149;8.738784;517.4;48.5;15:12:55.620
2824;47.301539;8.738839;516.9;51.1;15:12:56.120
2825;47.301588;8.738898;516.6;52.6;15:12:56.620
2826;47.301631;8.73896;516.6;50.5;15:12:57.120
2827;47.301667;8.739041;516.6;50.3;15:12:57.620
2828;47.301684;8.739121;516.5;50.4;15:12:58.120
2829;47.301705;8.739201;516.2;51.8;15:12:58.620
2830;47.301735;8.739275;515.8;53;15:12:59.120
2831;47.301784;8.739369;515.2;54.5;15:12:59.620
2832;47.301826;8.739471;514.5;55.2;15:13:00.120
2833;47.301862;8.739557;513.7;57.1;15:13:00.620
2834;47.301886;8.73963;513.1;57.1;15:13:01.120
2835;47.301906;8.739719;512.7;56.8;15:13:01.620
2836;47.301916;8.739857;512.5;56.5;15:13:02.120
2837;47.301919;8.74;512.4;55.6;15:13:02.620
2838;47.301916;8.740123;512.6;55.2;15:13:03.120
2839;47.301911;8.740213;513;55.4;15:13:03.620
2840;47.301904;8.740316;513.7;54.7;15:13:04.120
2841;47.301895;8.740438;514.2;54.6;15:13:04.620
2842;47.301885;8.740563;514.4;54.6;15:13:05.120
2843;47.301873;8.740669;514.4;54.6;15:13:05.620
2844;47.30186;8.740743;514.4;54.8;15:13:06.120
2845;47.301849;8.740832;514.1;54.8;15:13:06.620
2846;47.301839;8.740927;513.6;55.5;15:13:07.120
2847;47.301829;8.741056;512.9;56;15:13:07.620
2848;47.30182;8.741172;512.3;57.4;15:13:08.120
2849;47.30181;8.741311;512;64.6;15:13:08.620
2850;47.301801;8.74144;512.1;76;15:13:09.120
2851;47.301793;8.741578;512.7;83.9;15:13:09.620
2852;47.301787;8.741682;514.4;83;15:13:10.120
2853;47.301783;8.741768;517.2;83;15:13:10.620
2854;47.301781;8.741862;520.5;83.7;15:13:11.120
2855;47.301778;8.742009;523.9;84.8;15:13:11.620
2856;47.301777;8.742231;527.4;86.6;15:13:12.120
2857;47.301775;8.742476;532.6;88.9;15:13:12.620
2858;47.301772;8.742719;539.1;88.9;15:13:13.120
2859;47.301768;8.742914;546.7;81.5;15:13:13.620
2860;47.301766;8.743074;554.2;81.5;15:13:14.120
2861;47.301767;8.743198;561.2;77.6;15:13:14.620
2862;47.301772;8.743331;568.2;68.2;15:13:15.120
2863;47.30178;8.743463;574.7;65.1;15:13:15.620
2864;47.301792;8.743594;582.2;60.9;15:13:16.120
2865;47.30181;8.743698;588.8;60.5;15:13:16.620
2866;47.301831;8.743807;595.8;60.5;15:13:17.120
2867;47.301858;8.743909;601.5;57.4;15:13:17.620
2868;47.301881;8.743997;607.1;61.2;15:13:18.120
2869;47.301903;8.744075;612;61.7;15:13:18.620
2870;47.301921;8.744159;617;61.7;15:13:19.120
2871;47.301938;8.744288;621.5;54.8;15:13:19.620
2872;47.301957;8.744407;625.1;50.4;15:13:20.120
2873;47.301978;8.744528;627.2;49.3;15:13:20.620
2874;47.301997;8.744618;628.1;48.4;15:13:21.120
2875;47.30201;8.744724;628.4;48.2;15:13:21.620
2876;47.302015;8.744835;628.6;49.1;15:13:22.120
2877;47.30201;8.744944;628.9;50.7;15:13:22.620
2878;47.301993;8.745023;629.3;50.2;15:13:23.120
2879;47.301968;8.745085;629.7;49.9;15:13:23.620
2880;47.301942;8.745151;630.1;50.7;15:13:24.120
2881;47.301909;8.745235;630.6;51.2;15:13:24.620
2882;47.301857;8.745301;631;51.9;15:13:25.120
2883;47.301783;8.745339;631.4;52.1;15:13:25.620
2884;47.301719;8.745335;631.7;52.8;15:13:26.120
2885;47.301668;8.745309;632;53.3;15:13:26.620
2886;47.301626;8.745257;632.4;51.6;15:13:27.120
2887;47.301575;8.745195;632.8;51.6;15:13:27.620
2888;47.301531;8.745109;633.1;51.3;15:13:28.120
2889;47.301502;8.745006;633;51.3;15:13:28.620
2890;47.30149;8.744895;632.6;52.1;15:13:29.120
2891;47.301491;8.744789;632;52.2;15:13:29.620
2892;47.301499;8.7447;631.2;54.7;15:13:30.120
2893;47.301517;8.744602;630.7;55.7;15:13:30.620
2894;47.301536;8.744509;630.6;56.5;15:13:31.120
2895;47.301556;8.744414;631;55.4;15:13:31.620
2896;47.301567;8.744343;631.9;54.5;15:13:32.120
2897;47.301586;8.744261;633.3;52;15:13:32.620
2898;47.301617;8.744185;634.7;49.7;15:13:33.120
2899;47.301669;8.744091;636;47;15:13:33.620
2900;47.301715;8.744009;636.8;45.9;15:13:34.120
2901;47.301748;8.74391;637;45.9;15:13:34.620
2902;47.301762;8.743804;636.6;47.6;15:13:35.120
2903;47.301769;8.743698;635.8;50.3;15:13:35.620
2904;47.30177;8.743603;634.8;52.1;15:13:36.120
2905;47.301768;8.743521;633.8;54.3;15:13:36.620
2906;47.301766;8.743416;633;56.5;15:13:37.120
2907;47.301762;8.743305;632.6;57.2;15:13:37.620
2908;47.301759;8.743189;632.4;56.7;15:13:38.120
2909;47.301754;8.743106;632.4;56.7;15:13:38.620
2910;47.301751;8.743043;632.6;55.6;15:13:39.120
2911;47.30175;8.743014;633;54.1;15:13:39.620
2912;47.301751;8.742955;633.4;51.9;15:13:40.120
2913;47.301757;8.742851;633.6;51.9;15:13:40.620
2914;47.301768;8.742678;633.5;50.6;15:13:41.120
2915;47.301789;8.742514;633.2;50.6;15:13:41.620
2916;47.301813;8.742386;632.9;50.5;15:13:42.120
2917;47.301849;8.742307;632.7;49.9;15:13:42.620
2918;47.301888;8.742249;632.9;48.9;15:13:43.120
2919;47.30193;8.742197;633.4;41.5;15:13:43.620
2920;47.30197;8.742158;634.2;39.9;15:13:44.120
2921;47.302013;8.742132;634.9;36.7;15:13:44.620
2922;47.302051;8.742123;635.3;35.8;15:13:45.120
2923;47.302087;8.742125;635.3;35.4;15:13:45.620
2924;47.302129;8.742133;635.1;38;15:13:46.120
2925;47.30219;8.742147;634.9;38;15:13:46.620
2926;47.30226;8.742166;634.7;38.7;15:13:47.120
2927;47.302324;8.742187;634.5;38.6;15:13:47.620
2928;47.302372;8.742217;634.2;38;15:13:48.120
2929;47.30241;8.742252;633.7;38.2;15:13:48.620
2930;47.302454;8.742292;633;38.9;15:13:49.120
2931;47.302499;8.742329;632.5;41.6;15:13:49.620
2932;47.302541;8.742378;631.9;42.1;15:13:50.120
2933;47.302573;8.742431;631.4;42.9;15:13:50.620
2934;47.302609;8.742491;630.6;44.9;15:13:51.120
2935;47.302654;8.742537;630;46;15:13:51.620
2936;47.302694;8.742574;629.3;48.3;15:13:52.120
2937;47.302728;8.742622;628.9;48.3;15:13:52.620
2938;47.30276;8.742692;628.8;48.8;15:13:53.120
2939;47.3028;8.742798;629;48.8;15:13:53.620
2940;47.302834;8.7429;629.4;47.6;15:13:54.120
2941;47.302857;8.743012;629.9;47.6;15:13:54.620
2942;47.30287;8.743101;630.4;46.8;15:13:55.120
2943;47.302879;8.743188;630.8;46.9;15:13:55.620
2944;47.302884;8.743264;631.1;46.9;15:13:56.120
2945;47.302883;8.743357;631.3;47.8;15:13:56.620
2946;47.302877;8.743454;631.4;48.2;15:13:57.120
2947;47.302866;8.743547;631.6;49.2;15:13:57.620
2948;47.302843;8.74361;631.8;48.9;15:13:58.120
2949;47.302812;8.743677;632.2;48.8;15:13:58.620
2950;47.302767;8.743749;632.4;49.4;15:13:59.120
2951;47.30272;8.743837;632.3;51.5;15:13:59.620
2952;47.302655;8.743902;632.1;52.7;15:14:00.120
2953;47.302586;8.743944;632.1;56.2;15:14:00.620
2954;47.30251;8.743958;632.3;57.5;15:14:01.120
2955;47.302444;8.743959;632.7;57.6;15:14:01.620
2956;47.302371;8.743949;633.3;57.2;15:14:02.120
2957;47.302303;8.743927;633.8;56.8;15:14:02.620
2958;47.302247;8.743891;634.2;57.1;15:14:03.120
2959;47.302198;8.743841;634.2;57;15:14:03.620
2960;47.30214;8.743785;634;58.4;15:14:04.120
2961;47.302054;8.743725;633.9;59.2;15:14:04.620
2962;47.301972;8.743664;634.1;58.9;15:14:05.120
2963;47.301902;8.743586;634.5;57.6;15:14:05.620
2964;47.301854;8.743508;635.2;57.1;15:14:06.120
2965;47.301802;8.743432;635.9;55.5;15:14:06.620
2966;47.301759;8.743362;636.5;53.5;15:14:07.120
2967;47.301725;8.743273;637;51.7;15:14:07.620
2968;47.301708;8.743165;637.4;50.4;15:14:08.120
2969;47.301704;8.743062;637.8;48.3;15:14:08.620
2970;47.301717;8.742979;638.3;46.1;15:14:09.120
2971;47.301742;8.742925;638.8;42.4;15:14:09.620
2972;47.301777;8.742885;639.5;41;15:14:10.120
2973;47.301809;8.742862;640;40.6;15:14:10.620
2974;47.301852;8.742857;640.7;41;15:14:11.120
2975;47.301897;8.742871;641.4;40.4;15:14:11.620
2976;47.301954;8.742906;642.2;40;15:14:12.120
2977;47.301998;8.742949;643.1;38.5;15:14:12.620
2978;47.302041;8.742998;644;37.7;15:14:13.120
2979;47.302072;8.743043;644.6;34.9;15:14:13.620
2980;47.302102;8.743097;644.9;34.8;15:14:14.120
2981;47.302126;8.743165;644.9;36;15:14:14.620
2982;47.302151;8.74324;644.8;38.1;15:14:15.120
2983;47.302173;8.743317;644.9;41.5;15:14:15.620
2984;47.302188;8.743386;645.2;43.1;15:14:16.120
2985;47.302192;8.743454;645.8;41.8;15:14:16.620
2986;47.302189;8.743508;646.1;42.6;15:14:17.120
2987;47.302174;8.74354;646.1;43.8;15:14:17.620
2988;47.302153;8.743584;645.8;45.9;15:14:18.120
2989;47.302118;8.743655;645.7;50.6;15:14:18.620
2990;47.302075;8.743763;645.9;51;15:14:19.120
2991;47.302012;8.743842;646.4;50.5;15:14:19.620
2992;47.301936;8.743881;646.7;51.8;15:14:20.120
2993;47.301861;8.74387;646.9;52;15:14:20.620
2994;47.3018;8.743831;647.1;51.9;15:14:21.120
2995;47.301756;8.743775;647.3;51.2;15:14:21.620
2996;47.301714;8.74371;647.8;48.9;15:14:22.120
2997;47.301677;8.743647;648.4;47;15:14:22.620
2998;47.301646;8.74357;649;45.1;15:14:23.120
2999;47.301627;8.743488;649.2;44;15:14:23.620
3000;47.301613;8.7434;649;44;15:14:24.120
3001;47.301602;8.743324;648.4;45.9;15:14:24.620
3002;47.301594;8.743236;647.9;46.6;15:14:25.120
3003;47.301592;8.74315;647.8;49.4;15:14:25.620
3004;47.301597;8.743059;648.1;50.8;15:14:26.120
3005;47.30161;8.742976;648.8;49.1;15:14:26.620
3006;47.301628;8.74288;649.5;48.6;15:14:27.120
3007;47.301649;8.742782;650.4;47;15:14:27.620
3008;47.301671;8.742692;651.3;44.9;15:14:28.120
3009;47.301699;8.74262;652;42.3;15:14:28.620
3010;47.301729;8.742563;652.7;40.5;15:14:29.120
3011;47.301762;8.742503;653.4;40.1;15:14:29.620
3012;47.301794;8.74245;654.2;39.3;15:14:30.120
3013;47.301834;8.742405;655;36.7;15:14:30.620
3014;47.301876;8.742379;655.5;34.4;15:14:31.120
3015;47.301919;8.742361;655.5;33.5;15:14:31.620
3016;47.301956;8.742349;655;34.6;15:14:32.120
3017;47.302005;8.742337;654;39.2;15:14:32.620
3018;47.302059;8.742331;653.3;42.9;15:14:33.120
3019;47.302111;8.742343;652.9;44.6;15:14:33.620
3020;47.302139;8.74238;652.7;43.5;15:14:34.120
3021;47.302166;8.742435;652.6;42.8;15:14:34.620
3022;47.302202;8.742495;652;45.2;15:14:35.120
3023;47.30226;8.742556;650.9;47.2;15:14:35.620
3024;47.302309;8.742635;649.3;51.5;15:14:36.120
3025;47.30234;8.742722;647.8;53.1;15:14:36.620
3026;47.302358;8.742819;646.4;58.7;15:14:37.120
3027;47.302372;8.742916;645.6;59.4;15:14:37.620
3028;47.302388;8.743022;645.1;61.2;15:14:38.120
3029;47.302395;8.74311;644.9;61.2;15:14:38.620
3030;47.302398;8.743193;644.8;60.7;15:14:39.120
3031;47.302395;8.74329;644.9;60.7;15:14:39.620
3032;47.302387;8.743432;645.2;60.7;15:14:40.120
3033;47.302368;8.743584;645.9;55.3;15:14:40.620
3034;47.30233;8.74371;646.7;54;15:14:41.120
3035;47.302279;8.743796;647.3;53;15:14:41.620
3036;47.302227;8.74385;647.5;53.3;15:14:42.120
3037;47.30218;8.743911;647.2;54.9;15:14:42.620
3038;47.302131;8.743972;646.9;57.7;15:14:43.120
3039;47.302065;8.744042;646.8;57.7;15:14:43.620
3040;47.301992;8.744092;647.3;58.4;15:14:44.120
3041;47.301918;8.744131;648.1;58.1;15:14:44.620
3042;47.301855;8.744159;648.9;57.6;15:14:45.120
3043;47.301781;8.744176;649.5;57.9;15:14:45.620
3044;47.301694;8.744179;649.6;58;15:14:46.120
3045;47.301605;8.744162;649.4;59.2;15:14:46.620
3046;47.301539;8.744127;649.3;60.7;15:14:47.120
3047;47.301489;8.74408;649.3;61.4;15:14:47.620
3048;47.301438;8.744022;649.6;60.2;15:14:48.120
3049;47.301364;8.743958;649.9;60.2;15:14:48.620
3050;47.301293;8.743874;650.2;57.3;15:14:49.120
3051;47.301239;8.743775;650.3;56.8;15:14:49.620
3052;47.301211;8.743675;650.1;56;15:14:50.120
3053;47.301192;8.74358;649.7;55.7;15:14:50.620
3054;47.301174;8.743491;649.5;55.5;15:14:51.120
3055;47.301164;8.743383;649.6;53.3;15:14:51.620
3056;47.301165;8.743281;650.1;53.3;15:14:52.120
3057;47.301181;8.743187;650.6;47.6;15:14:52.620
3058;47.301202;8.743112;650.8;47.6;15:14:53.120
3059;47.301226;8.743029;650.5;45.5;15:14:53.620
3060;47.301255;8.742938;650;45.5;15:14:54.120
3061;47.301297;8.742855;649.5;49.4;15:14:54.620
3062;47.301354;8.742799;649.4;50.3;15:14:55.120
3063;47.301411;8.742761;649.5;47.6;15:14:55.620
3064;47.301461;8.742728;649.6;46.2;15:14:56.120
3065;47.301505;8.742691;649.5;45.6;15:14:56.620
3066;47.301562;8.742662;649.3;47;15:14:57.120
3067;47.301625;8.742646;649.2;47.8;15:14:57.620
3068;47.301684;8.742647;649.5;49.1;15:14:58.120
3069;47.30173;8.742658;650;49.8;15:14:58.620
3070;47.30178;8.742679;650.7;45.7;15:14:59.120
3071;47.301842;8.742705;651.1;44.6;15:14:59.620
3072;47.301904;8.742735;651.3;43;15:15:00.120
3073;47.30196;8.742772;651.2;42.2;15:15:00.620
3074;47.302016;8.74281;651;45;15:15:01.120
3075;47.302078;8.742848;650.9;45.6;15:15:01.620
3076;47.302136;8.742882;651;44.8;15:15:02.120
3077;47.302187;8.742924;651.1;44.5;15:15:02.620
3078;47.30223;8.742967;651.1;44;15:15:03.120
3079;47.302281;8.743014;650.8;43.4;15:15:03.620
3080;47.302329;8.74306;650.3;43.4;15:15:04.120
3081;47.302376;8.743118;649.8;47.7;15:15:04.620
3082;47.302416;8.743176;649.3;47.7;15:15:05.120
3083;47.302464;8.743235;648.7;47.9;15:15:05.620
3084;47.302512;8.743288;647.9;47.9;15:15:06.120
3085;47.302558;8.743363;647;49.9;15:15:06.620
3086;47.30259;8.743461;646.3;49.9;15:15:07.120
3087;47.302617;8.74357;645.9;54.2;15:15:07.620
3088;47.30264;8.743654;645.7;54.1;15:15:08.120
3089;47.302658;8.743725;645.8;53.5;15:15:08.620
3090;47.302667;8.743792;645.9;52.1;15:15:09.120
3091;47.30267;8.743872;645.9;50.5;15:15:09.620
3092;47.302669;8.743926;645.7;50;15:15:10.120
3093;47.302666;8.743953;645.4;50.7;15:15:10.620
3094;47.302659;8.744009;644.9;51.9;15:15:11.120
3095;47.302646;8.74412;644.7;51.9;15:15:11.620
3096;47.302622;8.744302;644.5;51.8;15:15:12.120
3097;47.302593;8.744454;644.2;51.8;15:15:12.620
3098;47.302566;8.744587;643.8;54.3;15:15:13.120
3099;47.302535;8.74468;643.3;54.8;15:15:13.620
3100;47.302488;8.744766;642.8;57.2;15:15:14.120
3101;47.302412;8.744832;642.5;58.6;15:15:14.620
3102;47.302334;8.744877;642.4;59.6;15:15:15.120
3103;47.302262;8.744926;642.5;60.6;15:15:15.620
3104;47.302202;8.744973;642.5;61.4;15:15:16.120
3105;47.302128;8.745034;642.5;61.9;15:15:16.620
3106;47.302049;8.745083;642.5;61.9;15:15:17.120
3107;47.301973;8.745135;642.5;62.4;15:15:17.620
3108;47.301908;8.745182;642.6;62.4;15:15:18.120
3109;47.301832;8.745228;642.9;60.9;15:15:18.620
3110;47.301741;8.74526;643.5;60.9;15:15:19.120
3111;47.301646;8.745277;644.1;59.6;15:15:19.620
3112;47.301565;8.745282;644.6;59.6;15:15:20.120
3113;47.301498;8.745279;644.8;62.1;15:15:20.620
3114;47.301434;8.745272;644.6;63.2;15:15:21.120
3115;47.301382;8.745252;644.4;63.4;15:15:21.620
3116;47.30135;8.745222;644.3;63.9;15:15:22.120
3117;47.30131;8.745182;644.8;63.6;15:15:22.620
3118;47.301245;8.745155;645.7;58.5;15:15:23.120
3119;47.301138;8.745104;646.8;58;15:15:23.620
3120;47.30105;8.745018;647.9;56;15:15:24.120
3121;47.300989;8.74487;648.6;56;15:15:24.620
3122;47.300963;8.744734;649.1;53.7;15:15:25.120
3123;47.300942;8.744617;649.4;52.4;15:15:25.620
3124;47.300929;8.744544;649.6;50.6;15:15:26.120
3125;47.300923;8.744455;649.9;48.7;15:15:26.620
3126;47.300929;8.744373;650.2;48;15:15:27.120
3127;47.300946;8.744271;650.3;47.1;15:15:27.620
3128;47.30097;8.744187;650.2;47.1;15:15:28.120
3129;47.300999;8.744096;650.1;48.2;15:15:28.620
3130;47.301031;8.744021;650.2;48.6;15:15:29.120
3131;47.301079;8.743958;650.5;49;15:15:29.620
3132;47.301141;8.743918;651;47.5;15:15:30.120
3133;47.301207;8.743891;651.6;44.4;15:15:30.620
3134;47.301264;8.743874;652.3;44.4;15:15:31.120
3135;47.301311;8.743866;652.8;41.5;15:15:31.620
3136;47.301362;8.743872;653.3;41.1;15:15:32.120
3137;47.301414;8.743887;653.7;40.4;15:15:32.620
3138;47.301465;8.743915;654.2;39;15:15:33.120
3139;47.301506;8.743947;654.5;38.2;15:15:33.620
3140;47.301547;8.743977;654.6;38;15:15:34.120
3141;47.301583;8.74401;654.5;38;15:15:34.620
3142;47.301614;8.74405;654.1;40.5;15:15:35.120
3143;47.301637;8.744122;653.6;41.2;15:15:35.620
3144;47.301661;8.744196;653.2;42.7;15:15:36.120
3145;47.301692;8.744286;653.1;43.7;15:15:36.620
3146;47.301717;8.744366;653.2;44.1;15:15:37.120
3147;47.301734;8.744452;653.5;45.4;15:15:37.620
3148;47.301743;8.744527;654.2;45.6;15:15:38.120
3149;47.301751;8.7446;655;44.9;15:15:38.620
3150;47.301752;8.744684;655.8;44.6;15:15:39.120
3151;47.301747;8.744783;656.1;45.2;15:15:39.620
3152;47.301731;8.744897;656;46.6;15:15:40.120
3153;47.301708;8.744996;655.6;48.5;15:15:40.620
3154;47.301675;8.74508;655.4;51;15:15:41.120
3155;47.30164;8.745137;655.4;51.3;15:15:41.620
3156;47.301611;8.745208;655.6;51.7;15:15:42.120
3157;47.301584;8.745281;655.6;52;15:15:42.620
3158;47.301546;8.745369;655.6;52.2;15:15:43.120
3159;47.301493;8.745437;655.5;53.5;15:15:43.620
3160;47.301442;8.745505;655.4;53.5;15:15:44.120
3161;47.301396;8.745573;655.6;53.5;15:15:44.620
3162;47.301344;8.745635;655.8;51.8;15:15:45.120
3163;47.301277;8.745678;656;51.8;15:15:45.620
3164;47.301205;8.745701;656;54.8;15:15:46.120
3165;47.301136;8.745714;656;55.2;15:15:46.620
3166;47.301061;8.745721;656.1;54.3;15:15:47.120
3167;47.300991;8.745722;656.3;53.7;15:15:47.620
3168;47.300934;8.745721;656.8;53.3;15:15:48.120
3169;47.300892;8.745721;657.3;52.7;15:15:48.620
3170;47.300846;8.745721;657.9;52.1;15:15:49.120
3171;47.300786;8.745721;658.3;52.2;15:15:49.620
3172;47.300738;8.745721;658.4;52.4;15:15:50.120
3173;47.300704;8.745721;658.6;52.4;15:15:50.620
3174;47.300681;8.745721;659.1;52.4;15:15:51.120
3175;47.300652;8.745637;660.1;52.4;15:15:51.620
3176;47.300624;8.745457;661.3;47.6;15:15:52.120
3177;47.300604;8.745165;662.3;45.7;15:15:52.620
3178;47.300591;8.74492;663.1;45.7;15:15:53.120
3179;47.300583;8.744744;663.6;44.7;15:15:53.620
3180;47.300578;8.744656;663.8;45;15:15:54.120
3181;47.30058;8.744582;663.6;45.6;15:15:54.620
3182;47.300588;8.744496;663.1;46.8;15:15:55.120
3183;47.300603;8.744406;662.4;48;15:15:55.620
3184;47.30063;8.744313;661.5;48.6;15:15:56.120
3185;47.300664;8.744237;660.7;51.6;15:15:56.620
3186;47.300704;8.744156;659.8;52.3;15:15:57.120
3187;47.300743;8.74407;659.3;54.8;15:15:57.620
3188;47.300793;8.743987;659.3;55.4;15:15:58.120
3189;47.300853;8.743922;659.9;54.5;15:15:58.620
3190;47.300915;8.743881;660.7;51.5;15:15:59.120
3191;47.300973;8.743854;661.7;48.3;15:15:59.620
3192;47.301023;8.74384;662.7;43.9;15:16:00.120
3193;47.301082;8.743836;663.5;39.7;15:16:00.620
3194;47.301137;8.743848;663.9;38.7;15:16:01.120
3195;47.301187;8.743872;664.1;40;15:16:01.620
3196;47.301225;8.743897;664.3;39.9;15:16:02.120
3197;47.30126;8.743912;664.4;39.7;15:16:02.620
3198;47.301289;8.743945;664.4;39.9;15:16:03.120
3199;47.301314;8.744009;664.3;39.8;15:16:03.620
3200;47.301334;8.744121;664;40.8;15:16:04.120
3201;47.30136;8.744226;663.6;40.8;15:16:04.620
3202;47.301386;8.744316;663.2;43.1;15:16:05.120
3203;47.301411;8.744387;662.8;45.6;15:16:05.620
3204;47.301425;8.744477;662.5;46.8;15:16:06.120
3205;47.301433;8.744573;662.4;47.4;15:16:06.620
3206;47.301433;8.744653;662.5;47.5;15:16:07.120
3207;47.301429;8.744719;662.7;48;15:16:07.620
3208;47.301425;8.744793;663;50.1;15:16:08.120
3209;47.301415;8.744892;663.5;51;15:16:08.620
3210;47.301394;8.744978;664.4;49.8;15:16:09.120
3211;47.301355;8.745051;665.4;49.4;15:16:09.620
3212;47.301309;8.745118;666.3;48.3;15:16:10.120
3213;47.30126;8.745211;667;47.9;15:16:10.620
3214;47.301218;8.745296;667.4;48.5;15:16:11.120
3215;47.30117;8.745367;667.6;48.9;15:16:11.620
3216;47.301122;8.745417;667.7;49.8;15:16:12.120
3217;47.30107;8.745467;667.8;50;15:16:12.620
3218;47.301023;8.745507;668;49.2;15:16:13.120
3219;47.300974;8.745546;668.2;48.4;15:16:13.620
3220;47.300922;8.745594;668.3;48.9;15:16:14.120
3221;47.300875;8.745661;668.3;48.5;15:16:14.620
3222;47.300824;8.745724;668.3;47.9;15:16:15.120
3223;47.300787;8.74576;668.5;48.2;15:16:15.620
3224;47.300755;8.745794;668.7;48.2;15:16:16.120
3225;47.300742;8.745847;669;48.2;15:16:16.620
3226;47.300712;8.745931;669.1;46.9;15:16:17.120
3227;47.300656;8.745998;669.1;46.9;15:16:17.620
3228;47.300567;8.746041;668.9;49.5;15:16:18.120
3229;47.300495;8.746057;668.8;50.5;15:16:18.620
3230;47.300433;8.74607;668.8;51;15:16:19.120
3231;47.300373;8.746076;668.8;51.8;15:16:19.620
3232;47.300283;8.746075;668.9;51.6;15:16:20.120
3233;47.300196;8.746063;669;51.6;15:16:20.620
3234;47.300131;8.746044;669.1;50.3;15:16:21.120
3235;47.300087;8.746006;669.1;49.4;15:16:21.620
3236;47.300037;8.745965;668.9;47.6;15:16:22.120
3237;47.299964;8.745913;668.5;47.5;15:16:22.620
3238;47.299896;8.745863;667.8;46.3;15:16:23.120
3239;47.299838;8.745799;667;46.2;15:16:23.620
3240;47.299799;8.745739;666.1;46.2;15:16:24.120
3241;47.299758;8.745679;665.5;43.9;15:16:24.620
3242;47.299722;8.745624;664.9;42.5;15:16:25.120
3243;47.299691;8.745564;664.3;41;15:16:25.620
3244;47.299671;8.745488;663.4;40.4;15:16:26.120
3245;47.299653;8.745413;662.1;40.8;15:16:26.620
3246;47.299638;8.745328;660.7;42.1;15:16:27.120
3247;47.299627;8.745264;659.1;44.2;15:16:27.620
3248;47.299619;8.74521;657.5;44.9;15:16:28.120
3249;47.299616;8.745187;656.2;46.3;15:16:28.620
3250;47.299618;8.745136;655.1;47.2;15:16:29.120
3251;47.299626;8.745044;654.2;47.9;15:16:29.620
3252;47.299638;8.744884;653.3;48;15:16:30.120
3253;47.299648;8.744735;652.5;48;15:16:30.620
3254;47.299664;8.744611;651.7;49.2;15:16:31.120
3255;47.299687;8.744533;650.9;48.9;15:16:31.620
3256;47.299722;8.744451;649.9;48.3;15:16:32.120
3257;47.299761;8.744362;649;48.5;15:16:32.620
3258;47.299799;8.744272;647.8;50.2;15:16:33.120
3259;47.299843;8.744193;646.5;50.6;15:16:33.620
3260;47.299889;8.744139;644.9;51.3;15:16:34.120
3261;47.299929;8.744081;643.5;52.7;15:16:34.620
3262;47.299966;8.744028;642.7;53.9;15:16:35.120
3263;47.300013;8.743959;642.4;52.1;15:16:35.620
3264;47.300077;8.743899;642.6;52.1;15:16:36.120
3265;47.300139;8.743834;642.9;48.9;15:16:36.620
3266;47.300195;8.74378;643.1;48.9;15:16:37.120
3267;47.300251;8.743734;643.3;45;15:16:37.620
3268;47.300316;8.743704;643.2;43.8;15:16:38.120
3269;47.300379;8.74368;642.8;42.8;15:16:38.620
3270;47.300434;8.743664;642.3;43.5;15:16:39.120
3271;47.300473;8.743655;641.7;45.6;15:16:39.620
3272;47.300524;8.743657;641.2;46.2;15:16:40.120
3273;47.300578;8.743664;640.8;48.5;15:16:40.620
3274;47.300651;8.743673;640.6;48.9;15:16:41.120
3275;47.300705;8.743678;640.5;50;15:16:41.620
3276;47.300766;8.743698;640.6;50.3;15:16:42.120
3277;47.300816;8.743742;640.9;50.3;15:16:42.620
3278;47.300881;8.743819;641.3;48.6;15:16:43.120
3279;47.300934;8.743903;641.7;47.9;15:16:43.620
3280;47.300987;8.743977;642.2;45.6;15:16:44.120
3281;47.301034;8.744037;642.4;45.2;15:16:44.620
3282;47.301078;8.744092;642.5;44.2;15:16:45.120
3283;47.301117;8.74416;642.2;44.5;15:16:45.620
3284;47.301151;8.744227;641.7;45.4;15:16:46.120
3285;47.301192;8.744282;641;47;15:16:46.620
3286;47.30123;8.744309;640.4;47;15:16:47.120
3287;47.301263;8.744353;639.9;46.9;15:16:47.620
3288;47.301285;8.744422;639.7;46.7;15:16:48.120
3289;47.301308;8.744537;639.5;46.1;15:16:48.620
3290;47.301337;8.74464;639.3;46.1;15:16:49.120
3291;47.301365;8.744745;639.1;45.9;15:16:49.620
3292;47.301385;8.744843;638.9;45.9;15:16:50.120
3293;47.301398;8.744944;638.6;46.2;15:16:50.620
3294;47.301413;8.745032;638.4;46.6;15:16:51.120
3295;47.301431;8.745111;638.1;47.2;15:16:51.620
3296;47.301444;8.745203;637.8;47.5;15:16:52.120
3297;47.30145;8.745301;637.5;47.9;15:16:52.620
3298;47.301446;8.745395;637.1;49.5;15:16:53.120
3299;47.30144;8.745461;636.7;50.9;15:16:53.620
3300;47.301435;8.745511;636.2;51.2;15:16:54.120
3301;47.301433;8.745536;636;50.6;15:16:54.620
3302;47.301409;8.74558;636.1;50.6;15:16:55.120
3303;47.301353;8.745649;636.4;49.3;15:16:55.620
3304;47.301266;8.745763;636.7;48.4;15:16:56.120
3305;47.301185;8.745859;636.8;48.2;15:16:56.620
3306;47.301116;8.745925;636.8;49.7;15:16:57.120
3307;47.301049;8.745952;636.6;50;15:16:57.620
3308;47.300983;8.745961;636.6;50.8;15:16:58.120
3309;47.300918;8.745952;636.8;52.5;15:16:58.620
3310;47.300865;8.745927;637.5;52.8;15:16:59.120
3311;47.300807;8.745888;638.8;52.5;15:16:59.620
3312;47.300753;8.745834;640.2;52.6;15:17:00.120
3313;47.300707;8.745752;641.6;52.1;15:17:00.620
3314;47.300679;8.745659;642.6;50.9;15:17:01.120
3315;47.30066;8.745566;643.4;50.8;15:17:01.620
3316;47.300651;8.745499;644;50.8;15:17:02.120
3317;47.300651;8.745423;644.7;49.6;15:17:02.620
3318;47.300661;8.745334;645.3;49.6;15:17:03.120
3319;47.300676;8.745218;645.6;47;15:17:03.620
3320;47.3007;8.745115;645.9;46.6;15:17:04.120
3321;47.300727;8.745031;646;44.5;15:17:04.620
3322;47.300758;8.744958;646.3;44.1;15:17:05.120
3323;47.300788;8.744893;646.5;44.2;15:17:05.620
3324;47.300828;8.744832;646.9;44.3;15:17:06.120
3325;47.30087;8.74479;647.4;44.3;15:17:06.620
3326;47.300919;8.744757;648;43.3;15:17:07.120
3327;47.300959;8.744736;648.6;43.3;15:17:07.620
3328;47.301009;8.744717;649.3;42.1;15:17:08.120
3329;47.301062;8.744703;649.7;39.1;15:17:08.620
3330;47.301125;8.7447;649.8;38.7;15:17:09.120
3331;47.301171;8.744715;649.6;38.3;15:17:09.620
3332;47.30121;8.744741;649.3;39.6;15:17:10.120
3333;47.301248;8.744777;648.8;40.7;15:17:10.620
3334;47.301296;8.744823;648.3;41.7;15:17:11.120
3335;47.301337;8.744894;647.8;44.7;15:17:11.620
3336;47.301363;8.744988;647.5;46.7;15:17:12.120
3337;47.301372;8.745085;647.1;47.4;15:17:12.620
3338;47.301372;8.745161;646.9;47.4;15:17:13.120
3339;47.301367;8.745224;646.7;48.8;15:17:13.620
3340;47.301363;8.74529;646.5;48.6;15:17:14.120
3341;47.30136;8.74537;646.1;48.6;15:17:14.620
3342;47.30136;8.745441;645.5;48.6;15:17:15.120
3343;47.30136;8.745508;644.8;51.5;15:17:15.620
3344;47.301327;8.745577;644.4;51.5;15:17:16.120
3345;47.301252;8.745638;644.2;51.1;15:17:16.620
3346;47.301135;8.745682;644.2;51.1;15:17:17.120
3347;47.301043;8.7457;644.3;51.2;15:17:17.620
3348;47.30097;8.745708;644.5;53.2;15:17:18.120
3349;47.300908;8.745706;644.7;54;15:17:18.620
3350;47.300813;8.745699;645.4;55.3;15:17:19.120
3351;47.300722;8.745689;647;55.3;15:17:19.620
3352;47.300652;8.745683;649.5;50.7;15:17:20.120
3353;47.300623;8.745663;652.3;42.3;15:17:20.620
3354;47.300592;8.74563;654.6;42.3;15:17:21.120
3355;47.300546;8.745574;656;39.7;15:17:21.620
3356;47.300474;8.745515;656.7;39.7;15:17:22.120
3357;47.300416;8.745443;657.1;42.5;15:17:22.620
3358;47.30038;8.745369;657.4;43.3;15:17:23.120
3359;47.300367;8.745305;657.8;42.4;15:17:23.620
3360;47.300361;8.745251;658.3;39.8;15:17:24.120
3361;47.300361;8.745187;658.4;38.2;15:17:24.620
3362;47.300367;8.745091;658.1;38;15:17:25.120
3363;47.300381;8.74499;657.2;40.3;15:17:25.620
3364;47.30041;8.744914;656.2;44.6;15:17:26.120
3365;47.30045;8.744865;655.3;50.7;15:17:26.620
3366;47.30049;8.744822;655.2;52.2;15:17:27.120
3367;47.300529;8.74477;655.4;50.4;15:17:27.620
3368;47.300578;8.744731;656;48.2;15:17:28.120
3369;47.300644;8.744714;656.4;47.2;15:17:28.620
3370;47.300712;8.744726;656.9;46.7;15:17:29.120
3371;47.300771;8.744759;657.4;46.6;15:17:29.620
3372;47.300827;8.744801;657.9;44.8;15:17:30.120
3373;47.300882;8.744851;658.4;44.1;15:17:30.620
3374;47.300931;8.7449;658.8;42.3;15:17:31.120
3375;47.300967;8.744963;659.1;42.1;15:17:31.620
3376;47.30099;8.745028;659.2;42.7;15:17:32.120
3377;47.301008;8.745102;659.2;43.4;15:17:32.620
3378;47.301019;8.745163;659;43.6;15:17:33.120
3379;47.301023;8.745242;658.7;44.6;15:17:33.620
3380;47.301018;8.745319;658.4;45.8;15:17:34.120
3381;47.301004;8.745415;658.2;46.6;15:17:34.620
3382;47.300984;8.745498;658;46.6;15:17:35.120
3383;47.300962;8.745594;657.8;47.6;15:17:35.620
3384;47.300938;8.745689;657.6;48.5;15:17:36.120
3385;47.300903;8.745776;657.7;48.4;15:17:36.620
3386;47.300853;8.745845;657.9;48.3;15:17:37.120
3387;47.300796;8.745894;658.3;50.2;15:17:37.620
3388;47.300744;8.74594;658.8;49.3;15:17:38.120
3389;47.300698;8.745983;659.2;48.8;15:17:38.620
3390;47.300654;8.746026;659.6;49.4;15:17:39.120
3391;47.300616;8.746071;659.9;49.4;15:17:39.620
3392;47.300594;8.74611;660.2;50.9;15:17:40.120
3393;47.300558;8.746132;660.5;51.8;15:17:40.620
3394;47.300493;8.74613;661.2;49.8;15:17:41.120
3395;47.300388;8.746102;661.9;49;15:17:41.620
3396;47.300299;8.746059;662.8;47.1;15:17:42.120
3397;47.300241;8.745991;663.8;45.9;15:17:42.620
3398;47.300223;8.745918;665;44.1;15:17:43.120
3399;47.300221;8.745841;665.8;41;15:17:43.620
3400;47.300231;8.745775;666.3;39.9;15:17:44.120
3401;47.30025;8.745704;666.3;37.9;15:17:44.620
3402;47.300279;8.745642;666.1;38.2;15:17:45.120
3403;47.300325;8.745588;665.7;42.5;15:17:45.620
3404;47.300382;8.745556;665.3;44.8;15:17:46.120
3405;47.30044;8.745521;665.1;48.8;15:17:46.620
3406;47.300493;8.745484;665.3;49.4;15:17:47.120
3407;47.300531;8.745436;665.9;47.9;15:17:47.620
3408;47.300561;8.745397;666.3;44.5;15:17:48.120
3409;47.300576;8.74537;666.4;40.9;15:17:48.620
3410;47.300608;8.745354;666.2;40.4;15:17:49.120
3411;47.300665;8.745344;666.3;43.2;15:17:49.620
3412;47.300762;8.74534;667.1;47.8;15:17:50.120
3413;47.300847;8.745351;668.4;41.5;15:17:50.620
3414;47.300911;8.745383;669.5;37.2;15:17:51.120
3415;47.300943;8.745426;670.1;36.2;15:17:51.620
3416;47.300966;8.745467;670;38.9;15:17:52.120
3417;47.300979;8.745515;669.2;40.7;15:17:52.620
3418;47.300984;8.745584;667.8;42.4;15:17:53.120
3419;47.300972;8.74568;666.3;49.6;15:17:53.620
3420;47.300939;8.745763;665.3;53.5;15:17:54.120
3421;47.30088;8.74583;665.1;54.1;15:17:54.620
3422;47.30082;8.745888;665.6;52.2;15:17:55.120
3423;47.300762;8.745968;666.6;49.6;15:17:55.620
3424;47.300714;8.746039;667.6;47;15:17:56.120
3425;47.300654;8.746094;668.4;47.8;15:17:56.620
3426;47.300596;8.746127;669;48.9;15:17:57.120
3427;47.300539;8.74616;669.5;47.7;15:17:57.620
3428;47.300493;8.74619;670.3;47.7;15:17:58.120
3429;47.300439;8.746212;671.2;42.8;15:17:58.620
3430;47.300376;8.746222;672.3;40.9;15:17:59.120
3431;47.300311;8.746216;672.8;41.9;15:17:59.620
3432;47.300258;8.74619;672.8;42.5;15:18:00.120
3433;47.300223;8.746146;672.6;44.2;15:18:00.620
3434;47.3002;8.746089;672.5;45.9;15:18:01.120
3435;47.300189;8.746039;672.8;45.6;15:18:01.620
3436;47.300179;8.745972;673.1;43;15:18:02.120
3437;47.300176;8.7459;673.2;43;15:18:02.620
3438;47.300179;8.745806;673;41.9;15:18:03.120
3439;47.300206;8.745737;672.7;42.4;15:18:03.620
3440;47.30025;8.745682;672.5;47.7;15:18:04.120
3441;47.300306;8.745657;672.6;47.5;15:18:04.620
3442;47.300355;8.745644;673;46.5;15:18:05.120
3443;47.300402;8.745656;673.6;45.9;15:18:05.620
3444;47.300436;8.745694;674.4;44.2;15:18:06.120
3445;47.300457;8.745755;675.1;42.2;15:18:06.620
3446;47.30047;8.745812;675.6;42.5;15:18:07.120
3447;47.300485;8.745868;675.7;43.2;15:18:07.620
3448;47.300508;8.745937;675.8;44.6;15:18:08.120
3449;47.300518;8.746046;675.8;45.2;15:18:08.620
3450;47.30051;8.746159;675.8;45.2;15:18:09.120
3451;47.30048;8.746257;675.8;50.4;15:18:09.620
3452;47.300445;8.746327;675.9;50.2;15:18:10.120
3453;47.300409;8.746404;676;48.5;15:18:10.620
3454;47.300378;8.746489;676.2;48.1;15:18:11.120
3455;47.300346;8.746573;676.1;48.1;15:18:11.620
3456;47.300319;8.746638;675.8;48.4;15:18:12.120
3457;47.300284;8.746682;675.4;50.9;15:18:12.620
3458;47.300233;8.746716;675.2;51.5;15:18:13.120
3459;47.300161;8.746739;675.5;50.9;15:18:13.620
3460;47.30008;8.746752;676;49.7;15:18:14.120
3461;47.300009;8.746752;676.6;49.9;15:18:14.620
3462;47.299946;8.746737;677.4;47.4;15:18:15.120
3463;47.299897;8.746705;678.3;47.4;15:18:15.620
3464;47.299851;8.746662;679.3;39;15:18:16.120
3465;47.299806;8.74661;680;37.9;15:18:16.620
3466;47.299771;8.746555;680.3;35.5;15:18:17.120
3467;47.299752;8.746493;680.1;35;15:18:17.620
3468;47.299754;8.746442;679.8;35.4;15:18:18.120
3469;47.299763;8.746394;679.3;38.4;15:18:18.620
3470;47.299774;8.746349;678.8;39;15:18:19.120
3471;47.29979;8.746294;678.1;42.1;15:18:19.620
3472;47.299819;8.746258;677.2;43.2;15:18:20.120
3473;47.299864;8.746211;676;46.9;15:18:20.620
3474;47.299923;8.746143;674.8;48.6;15:18:21.120
3475;47.29998;8.74603;673.6;51.9;15:18:21.620
3476;47.300044;8.745924;672.8;51.9;15:18:22.120
3477;47.300105;8.745846;672.5;56.4;15:18:22.620
3478;47.300182;8.745807;672.5;56.3;15:18:23.120
3479;47.300257;8.745786;672.6;55.8;15:18:23.620
3480;47.30033;8.745774;673.1;56.2;15:18:24.120
3481;47.300389;8.745772;673.9;55.6;15:18:24.620
3482;47.300451;8.745781;675.5;50.1;15:18:25.120
3483;47.30051;8.745802;677.1;50.1;15:18:25.620
3484;47.300566;8.745843;678.5;45;15:18:26.120
3485;47.300603;8.745894;679.3;45.4;15:18:26.620
3486;47.300629;8.745959;679.7;43.9;15:18:27.120
3487;47.30064;8.746027;679.6;44.2;15:18:27.620
3488;47.300643;8.746114;679;44.2;15:18:28.120
3489;47.300626;8.746204;678.2;48.7;15:18:28.620
3490;47.300586;8.746285;677.3;52.4;15:18:29.120
3491;47.300523;8.746345;676.6;54.3;15:18:29.620
3492;47.300458;8.746388;676.3;55.4;15:18:30.120
3493;47.300398;8.746423;676.4;52.4;15:18:30.620
3494;47.300331;8.746447;676.8;52.3;15:18:31.120
3495;47.30026;8.746462;677.4;52.8;15:18:31.620
3496;47.300196;8.74647;678.5;51.3;15:18:32.120
3497;47.300146;8.746476;679.9;45.6;15:18:32.620
3498;47.300095;8.746478;681.5;42.1;15:18:33.120
3499;47.300023;8.746475;682.7;41;15:18:33.620
3500;47.299944;8.746464;683.6;41;15:18:34.120
3501;47.299871;8.746451;683.9;41.7;15:18:34.620
3502;47.299817;8.746426;683.9;42.6;15:18:35.120
3503;47.299775;8.746394;683.8;43.6;15:18:35.620
3504;47.299731;8.746351;683.7;43;15:18:36.120
3505;47.299688;8.746304;683.7;43;15:18:36.620
3506;47.299647;8.74624;683.8;45.2;15:18:37.120
3507;47.299619;8.746174;684.1;45.5;15:18:37.620
3508;47.299594;8.7461;684.7;44.8;15:18:38.120
3509;47.299575;8.746029;685.3;44.9;15:18:38.620
3510;47.299558;8.745939;685.8;45.6;15:18:39.120
3511;47.299548;8.745839;686.1;45.8;15:18:39.620
3512;47.299541;8.745741;686.3;46.6;15:18:40.120
3513;47.299541;8.745669;686.5;47.3;15:18:40.620
3514;47.299544;8.745604;686.6;48.3;15:18:41.120
3515;47.299555;8.745525;686.7;48.3;15:18:41.620
3516;47.299573;8.745419;686.8;48.1;15:18:42.120
3517;47.299606;8.74532;686.6;48.4;15:18:42.620
3518;47.299645;8.745239;686.4;49.4;15:18:43.120
3519;47.299688;8.745167;686;51.2;15:18:43.620
3520;47.29973;8.745094;685.5;52.6;15:18:44.120
3521;47.299776;8.745031;685.1;54.9;15:18:44.620
3522;47.299838;8.744992;685;55.1;15:18:45.120
3523;47.299906;8.744977;685.3;53.7;15:18:45.620
3524;47.299986;8.744986;685.8;52.9;15:18:46.120
3525;47.300051;8.745013;686.4;51.3;15:18:46.620
3526;47.300113;8.745053;687;50;15:18:47.120
3527;47.300155;8.745102;687.7;49.1;15:18:47.620
3528;47.300188;8.745173;688.4;48.6;15:18:48.120
3529;47.300203;8.745269;688.9;44.3;15:18:48.620
3530;47.300203;8.745368;689.3;43;15:18:49.120
3531;47.300195;8.74545;689.5;43.2;15:18:49.620
3532;47.300179;8.745516;689.7;43.5;15:18:50.120
3533;47.300155;8.745567;689.9;43;15:18:50.620
3534;47.300118;8.745614;690.2;42.9;15:18:51.120
3535;47.300078;8.745657;690.4;42.9;15:18:51.620
3536;47.300033;8.745709;690.5;44.5;15:18:52.120
3537;47.299998;8.745743;690.5;47;15:18:52.620
3538;47.299967;8.745762;690.7;48.3;15:18:53.120
3539;47.299951;8.745763;691.1;47.5;15:18:53.620
3540;47.299943;8.745747;691.3;46.1;15:18:54.120
3541;47.299913;8.7457;691;46.4;15:18:54.620
3542;47.29985;8.745624;690.3;48.8;15:18:55.120
3543;47.299753;8.74554;689.8;53.7;15:18:55.620
3544;47.299686;8.745458;689.7;53.9;15:18:56.120
3545;47.299654;8.745365;690.6;53.8;15:18:56.620
3546;47.29966;8.74526;692;49;15:18:57.120
3547;47.299678;8.745159;693.8;44.3;15:18:57.620
3548;47.299704;8.745084;695.1;41.3;15:18:58.120
3549;47.299732;8.745037;695.7;40.4;15:18:58.620
3550;47.299749;8.744994;695.6;40.1;15:18:59.120
3551;47.299775;8.744953;695;41.3;15:18:59.620
3552;47.29982;8.744901;694.3;44.4;15:19:00.120
3553;47.299892;8.744863;693.7;44.4;15:19:00.620
3554;47.299964;8.744831;693.4;47.4;15:19:01.120
3555;47.300026;8.744819;693.6;45.8;15:19:01.620
3556;47.300086;8.744817;694.1;42.5;15:19:02.120
3557;47.300146;8.744831;694.7;41.7;15:19:02.620
3558;47.300201;8.744857;695.2;39;15:19:03.120
3559;47.300242;8.744903;695.4;38.2;15:19:03.620
3560;47.300272;8.744957;695.2;40;15:19:04.120
3561;47.300297;8.745021;694.9;42.7;15:19:04.620
3562;47.300314;8.745077;694.7;42.9;15:19:05.120
3563;47.300324;8.745151;694.7;42.7;15:19:05.620
3564;47.300326;8.745224;694.8;42.4;15:19:06.120
3565;47.300326;8.745314;694.7;41.9;15:19:06.620
3566;47.300316;8.745391;694.5;43;15:19:07.120
3567;47.300296;8.74548;694.4;43.7;15:19:07.620
3568;47.300266;8.745558;694.4;42.8;15:19:08.120
3569;47.300235;8.745629;694.5;40.9;15:19:08.620
3570;47.300195;8.745676;694.4;41.2;15:19:09.120
3571;47.300146;8.74572;694;42.9;15:19:09.620
3572;47.300094;8.745761;693.3;44.6;15:19:10.120
3573;47.300043;8.745808;692.2;49.4;15:19:10.620
3574;47.299993;8.745839;691.5;50;15:19:11.120
3575;47.299949;8.745856;691.2;51;15:19:11.620
3576;47.299903;8.745848;691.3;48.6;15:19:12.120
3577;47.299848;8.745827;691.3;48.7;15:19:12.620
3578;47.299769;8.745791;691;49.4;15:19:13.120
3579;47.299688;8.745742;690.3;50.3;15:19:13.620
3580;47.29962;8.745668;689.4;50.3;15:19:14.120
3581;47.299576;8.745572;688.7;56.2;15:19:14.620
3582;47.299544;8.745472;688.2;58;15:19:15.120
3583;47.299517;8.745374;688.4;58.4;15:19:15.620
3584;47.299495;8.745283;689;55.6;15:19:16.120
3585;47.299478;8.745173;690;52.9;15:19:16.620
3586;47.299471;8.74507;690.9;52.2;15:19:17.120
3587;47.299475;8.744974;692;50.3;15:19:17.620
3588;47.299487;8.7449;693;49;15:19:18.120
3589;47.299504;8.744826;694.1;46.2;15:19:18.620
3590;47.299515;8.744763;694.8;44.6;15:19:19.120
3591;47.299544;8.744718;695.1;44.5;15:19:19.620
3592;47.299598;8.744706;695;44.5;15:19:20.120
3593;47.299683;8.744723;694.8;44.5;15:19:20.620
3594;47.299754;8.744774;694.7;45.6;15:19:21.120
3595;47.299802;8.744841;694.6;46.1;15:19:21.620
3596;47.299826;8.744919;694.7;44.9;15:19:22.120
3597;47.299841;8.74499;694.8;45.1;15:19:22.620
3598;47.299847;8.745072;694.9;44.6;15:19:23.120
3599;47.299842;8.74515;695;44.7;15:19:23.620
3600;47.299829;8.745217;695.2;44.5;15:19:24.120
3601;47.299801;8.745271;695.5;44.6;15:19:24.620
3602;47.299767;8.74533;695.9;42.9;15:19:25.120
3603;47.299721;8.745405;696.2;42.8;15:19:25.620
3604;47.299684;8.745476;696.2;43.1;15:19:26.120
3605;47.299654;8.745533;695.9;44.2;15:19:26.620
3606;47.299642;8.745576;695.4;44.2;15:19:27.120
3607;47.299636;8.745608;695.1;46.9;15:19:27.620
3608;47.299603;8.745625;695.1;45.8;15:19:28.120
3609;47.29953;8.74562;695.3;45.8;15:19:28.620
3610;47.299417;8.745598;695.5;46.6;15:19:29.120
3611;47.299326;8.745555;695.9;43.5;15:19:29.620
3612;47.299263;8.745503;696.2;41.5;15:19:30.120
3613;47.299224;8.745457;696.2;40.6;15:19:30.620
3614;47.29918;8.745416;695.6;41.4;15:19:31.120
3615;47.299137;8.745361;694.3;42.7;15:19:31.620
3616;47.2991;8.745284;692.8;44.7;15:19:32.120
3617;47.299069;8.745211;691.8;46.1;15:19:32.620
3618;47.299033;8.745147;691.3;49.8;15:19:33.120
3619;47.298997;8.745081;691.1;48.9;15:19:33.620
3620;47.298962;8.74498;690.8;48.1;15:19:34.120
3621;47.298937;8.744874;690.4;47.3;15:19:34.620
3622;47.298916;8.744773;689.5;47.6;15:19:35.120
3623;47.298899;8.744694;688.3;47.6;15:19:35.620
3624;47.298887;8.744604;686.8;50.3;15:19:36.120
3625;47.298883;8.744514;685.1;50.8;15:19:36.620
3626;47.298887;8.744436;683.2;53.8;15:19:37.120
3627;47.298901;8.744363;681.1;54.6;15:19:37.620
3628;47.298922;8.74427;678.9;57.8;15:19:38.120
3629;47.29895;8.74413;677.1;61.9;15:19:38.620
3630;47.298982;8.743996;675.8;62.1;15:19:39.120
3631;47.299028;8.743884;675.1;61.4;15:19:39.620
3632;47.299074;8.743806;674.8;58.05;15:19:40.120
3633;47.299121;8.743718;674.5;58.3;15:19:40.620
3634;47.299165;8.743632;674.3;56.7;15:19:41.120
3635;47.29922;8.743555;674;54.6;15:19:41.620
3636;47.299287;8.743499;673.7;53.2;15:19:42.120
3637;47.299352;8.743447;673.1;51.2;15:19:42.620
3638;47.29941;8.743396;672.3;50;15:19:43.120
3639;47.299462;8.74335;671.2;49.4;15:19:43.620
3640;47.299528;8.74332;670;49.6;15:19:44.120
3641;47.299595;8.743306;668.7;49.3;15:19:44.620
3642;47.299653;8.743301;667.5;49;15:19:45.120
3643;47.299681;8.743301;666.4;49;15:19:45.620
3644;47.299713;8.743317;665.3;51.1;15:19:46.120
3645;47.299758;8.743358;664.4;51.3;15:19:46.620
3646;47.299831;8.743435;663.6;51;15:19:47.120
3647;47.29989;8.743534;662.9;51;15:19:47.620
3648;47.299935;8.743633;662.3;52.4;15:19:48.120
3649;47.299956;8.743727;661.9;52.4;15:19:48.620
3650;47.29997;8.743818;661.5;54.8;15:19:49.120
3651;47.299973;8.743916;661.1;55;15:19:49.620
3652;47.299972;8.743997;661;54.8;15:19:50.120
3653;47.299966;8.744071;661.2;54.5;15:19:50.620
3654;47.29996;8.744156;661.8;54;15:19:51.120
3655;47.29995;8.744281;662.8;50.7;15:19:51.620
3656;47.299932;8.744405;663.7;47.4;15:19:52.120
3657;47.299899;8.744505;664.5;45.7;15:19:52.620
3658;47.299861;8.744574;664.8;43.9;15:19:53.120
3659;47.299826;8.744648;664.8;43.3;15:19:53.620
3660;47.299797;8.744733;664.3;43.7;15:19:54.120
3661;47.299769;8.744815;663.7;44.4;15:19:54.620
3662;47.299734;8.744884;663.2;46.1;15:19:55.120
3663;47.299697;8.744938;662.8;45.1;15:19:55.620
3664;47.299658;8.744998;662.4;44.5;15:19:56.120
3665;47.299621;8.745056;661.9;45.4;15:19:56.620
3666;47.299582;8.745105;661.2;46.8;15:19:57.120
3667;47.29954;8.74513;660.5;48.4;15:19:57.620
3668;47.299504;8.745152;659.5;49.8;15:19:58.120
3669;47.299473;8.745179;658.3;49.9;15:19:58.620
3670;47.299427;8.745224;656.9;54.2;15:19:59.120
3671;47.299348;8.74526;655.9;54.2;15:19:59.620
3672;47.299238;8.745289;655.3;55.9;15:20:00.120
3673;47.299135;8.745305;655.3;55.5;15:20:00.620
3674;47.299051;8.745318;655.5;54.7;15:20:01.120
3675;47.298975;8.745329;655.7;52.9;15:20:01.620
3676;47.298903;8.745347;655.7;52.5;15:20:02.120
3677;47.298836;8.745373;655.4;52.3;15:20:02.620
3678;47.298793;8.745396;654.9;51.7;15:20:03.120
3679;47.298762;8.745423;654.1;50.8;15:20:03.620
3680;47.298747;8.745467;653.4;48.9;15:20:04.120
3681;47.298719;8.745543;652.9;47.7;15:20:04.620
3682;47.298677;8.74564;652.7;47.5;15:20:05.120
3683;47.298607;8.74573;652.6;46.9;15:20:05.620
3684;47.298552;8.745805;652.5;43.9;15:20:06.120
3685;47.298512;8.745868;652.5;41.7;15:20:06.620
3686;47.298499;8.745946;652.2;41.3;15:20:07.120
3687;47.298493;8.746028;651.8;41.7;15:20:07.620
3688;47.298499;8.746113;651;42.3;15:20:08.120
3689;47.298508;8.746183;650.3;42.1;15:20:08.620
3690;47.298523;8.74626;649.5;42;15:20:09.120
3691;47.29854;8.746332;648.7;43.7;15:20:09.620
3692;47.298566;8.746407;647.5;45.3;15:20:10.120
3693;47.298594;8.746471;646.5;45.3;15:20:10.620
3694;47.298621;8.746545;645.4;47.3;15:20:11.120
3695;47.298635;8.74662;644.4;47.3;15:20:11.620
3696;47.298662;8.746691;643.3;48.5;15:20:12.120
3697;47.298713;8.746751;642.2;48.5;15:20:12.620
3698;47.298794;8.746803;641.1;50.5;15:20:13.120
3699;47.298872;8.746861;639.8;50.5;15:20:13.620
3700;47.298939;8.746913;638.8;53.7;15:20:14.120
3701;47.299007;8.746958;637.8;54.5;15:20:14.620
3702;47.299073;8.746989;637.1;54.6;15:20:15.120
3703;47.299139;8.747018;636.5;54.9;15:20:15.620
3704;47.299195;8.747046;636;55;15:20:16.120
3705;47.299252;8.747071;635.9;57.2;15:20:16.620
3706;47.299321;8.747092;636.4;57;15:20:17.120
3707;47.299392;8.747106;637.2;53.6;15:20:17.620
3708;47.299473;8.747118;638.1;51.7;15:20:18.120
3709;47.299542;8.747125;638.6;50.7;15:20:18.620
3710;47.29962;8.747129;638.9;49.6;15:20:19.120
3711;47.299687;8.747123;639.1;49.3;15:20:19.620
3712;47.299754;8.747098;639.5;48.9;15:20:20.120
3713;47.299801;8.747057;640.2;46.8;15:20:20.620
3714;47.299838;8.747011;641.2;46.2;15:20:21.120
3715;47.29986;8.746959;642.1;45;15:20:21.620
3716;47.299869;8.74689;642.7;45.2;15:20:22.120
3717;47.29986;8.746786;642.7;46.6;15:20:22.620
3718;47.299835;8.74668;642.4;52.8;15:20:23.120
3719;47.299799;8.746591;641.9;54.2;15:20:23.620
3720;47.299762;8.746544;641.4;57.6;15:20:24.120
3721;47.299739;8.746516;641.4;56.5;15:20:24.620
3722;47.299698;8.746506;641.7;56.7;15:20:25.120
3723;47.299627;8.74651;642.4;56.7;15:20:25.620
3724;47.299516;8.74654;643.2;53;15:20:26.120
3725;47.299425;8.746591;644;51;15:20:26.620
3726;47.299365;8.746645;644.8;49.2;15:20:27.120
3727;47.299336;8.7467;645.7;46.8;15:20:27.620
3728;47.299318;8.746766;646.9;44.3;15:20:28.120
3729;47.29931;8.746853;648.1;39.8;15:20:28.620
3730;47.299317;8.746945;649.2;38.2;15:20:29.120
3731;47.299328;8.747021;649.9;36.6;15:20:29.620
3732;47.29934;8.747087;650.1;36.3;15:20:30.120
3733;47.299361;8.747128;650.1;35.3;15:20:30.620
3734;47.299392;8.74715;650;37.1;15:20:31.120
3735;47.299447;8.747145;649.8;38.6;15:20:31.620
3736;47.299504;8.747123;649.6;39;15:20:32.120
3737;47.299565;8.747088;649.3;39.4;15:20:32.620
3738;47.299608;8.747029;648.7;43.4;15:20:33.120
3739;47.299638;8.746946;648.3;44.4;15:20:33.620
3740;47.299656;8.746853;648.1;48.7;15:20:34.120
3741;47.299662;8.746759;648.2;48.8;15:20:34.620
3742;47.299661;8.746678;648.1;48;15:20:35.120
3743;47.299646;8.746592;648;48.8;15:20:35.620
3744;47.299619;8.746512;647.7;52.1;15:20:36.120
3745;47.29958;8.746438;647.5;54.9;15:20:36.620
3746;47.299543;8.746388;647.4;55.2;15:20:37.120
3747;47.29952;8.746348;647.8;50.7;15:20:37.620
3748;47.299483;8.746326;648.3;51.8;15:20:38.120
3749;47.299417;8.74632;649;49.5;15:20:38.620
3750;47.299315;8.746338;649.6;47.8;15:20:39.120
3751;47.299231;8.746373;650.1;47;15:20:39.620
3752;47.299174;8.746433;650.6;45.4;15:20:40.120
3753;47.299145;8.746499;650.9;45.4;15:20:40.620
3754;47.299125;8.746583;651.2;43.8;15:20:41.120
3755;47.299113;8.746646;651.5;44;15:20:41.620
3756;47.299115;8.746722;652;44.2;15:20:42.120
3757;47.299124;8.746786;652.7;41.8;15:20:42.620
3758;47.29915;8.746865;653.6;38.7;15:20:43.120
3759;47.299184;8.746917;654.7;36.4;15:20:43.620
3760;47.299231;8.746953;655.6;34.9;15:20:44.120
3761;47.299274;8.746963;656;34.9;15:20:44.620
3762;47.299323;8.74696;655.7;35;15:20:45.120
3763;47.29937;8.746939;655;35.4;15:20:45.620
3764;47.299416;8.746892;654.1;41.3;15:20:46.120
3765;47.299449;8.746823;653.4;43;15:20:46.620
3766;47.299467;8.746747;653.2;45.1;15:20:47.120
3767;47.299474;8.746668;653.4;45;15:20:47.620
3768;47.299475;8.746593;653.9;44.6;15:20:48.120
3769;47.299468;8.746516;654.6;44.6;15:20:48.620
3770;47.299448;8.746454;655.2;44.3;15:20:49.120
3771;47.299417;8.746405;655.6;43.2;15:20:49.620
3772;47.299389;8.746366;655.5;43.2;15:20:50.120
3773;47.299372;8.746327;655;44.9;15:20:50.620
3774;47.299343;8.746311;654.4;47.1;15:20:51.120
3775;47.299289;8.746324;653.8;47.1;15:20:51.620
3776;47.299204;8.746366;653.5;50;15:20:52.120
3777;47.299132;8.746409;653.6;50;15:20:52.620
3778;47.299087;8.746475;654.2;49.9;15:20:53.120
3779;47.299069;8.746549;655;43.6;15:20:53.620
3780;47.299067;8.746647;655.7;43;15:20:54.120
3781;47.299075;8.746719;656.1;41.1;15:20:54.620
3782;47.2991;8.746785;656.2;38.8;15:20:55.120
3783;47.299123;8.746827;656.2;38.7;15:20:55.620
3784;47.299146;8.746869;656;39.1;15:20:56.120
3785;47.299157;8.746886;656;39.3;15:20:56.620
3786;47.299163;8.746881;655.9;38.8;15:20:57.120
3787;47.29919;8.746845;655.6;39.4;15:20:57.620
3788;47.299249;8.746794;655.1;42.4;15:20:58.120
3789;47.299342;8.746731;654.7;44.4;15:20:58.620
3790;47.299415;8.746667;654.5;46.4;15:20:59.120
3791;47.299458;8.746586;654.6;46.6;15:20:59.620
3792;47.299465;8.746504;654.7;46.1;15:21:00.120
3793;47.299455;8.746421;654.4;48.3;15:21:00.620
3794;47.299434;8.74635;653.8;50.6;15:21:01.120
3795;47.299402;8.746276;653.3;54.5;15:21:01.620
3796;47.299361;8.74621;653.1;55;15:21:02.120
3797;47.29931;8.746164;653.4;54;15:21:02.620
3798;47.299264;8.746148;654.2;48.5;15:21:03.120
3799;47.299236;8.746157;655.3;46.5;15:21:03.620
3800;47.299202;8.746186;656.2;44.3;15:21:04.120
3801;47.299147;8.746224;656.8;44.3;15:21:04.620
3802;47.299056;8.746267;656.8;43.8;15:21:05.120
3803;47.298977;8.746303;656.6;44.8;15:21:05.620
3804;47.298921;8.746358;656.4;44.6;15:21:06.120
3805;47.298899;8.746423;656.3;43.9;15:21:06.620
3806;47.298887;8.746515;656.4;41.6;15:21:07.120
3807;47.29889;8.746584;656.6;40.7;15:21:07.620
3808;47.298901;8.746655;656.7;39.1;15:21:08.120
3809;47.298918;8.746715;656.7;38.8;15:21:08.620
3810;47.298929;8.746788;656.5;37.7;15:21:09.120
3811;47.29895;8.746844;656.2;37.9;15:21:09.620
3812;47.298985;8.746883;655.9;37.6;15:21:10.120
3813;47.299047;8.746905;655.5;37.9;15:21:10.620
3814;47.299107;8.746918;655;38.4;15:21:11.120
3815;47.299174;8.746925;654.5;41.2;15:21:11.620
3816;47.299229;8.746924;654.2;43.3;15:21:12.120
3817;47.299281;8.746915;654.4;42.2;15:21:12.620
3818;47.299325;8.746901;655;38.9;15:21:13.120
3819;47.299376;8.746885;655.5;36.9;15:21:13.620
3820;47.299433;8.746869;655.4;36.4;15:21:14.120
3821;47.299488;8.746848;654.8;37.5;15:21:14.620
3822;47.299535;8.746819;653.9;39.8;15:21:15.120
3823;47.299569;8.746788;652.8;45.4;15:21:15.620
3824;47.299598;8.746758;652;48.4;15:21:16.120
3825;47.299613;8.746731;651.7;50.1;15:21:16.620
3826;47.299647;8.746697;652.1;50.1;15:21:17.120
3827;47.299708;8.746662;652.8;48.1;15:21:17.620
3828;47.299811;8.746626;653.6;47.4;15:21:18.120
3829;47.299902;8.746599;654.3;44.5;15:21:18.620
3830;47.299976;8.746571;654.8;43.8;15:21:19.120
3831;47.300024;8.746542;655.1;42.7;15:21:19.620
3832;47.30008;8.746515;655.1;43;15:21:20.120
3833;47.300135;8.746494;654.9;43.4;15:21:20.620
3834;47.300189;8.746484;654.7;46.1;15:21:21.120
3835;47.300227;8.746481;654.6;46.1;15:21:21.620
3836;47.300259;8.74647;654.6;47.2;15:21:22.120
3837;47.300299;8.74644;654.8;45.9;15:21:22.620
3838;47.300355;8.746391;655;45.4;15:21:23.120
3839;47.300434;8.746327;655.2;46.4;15:21:23.620
3840;47.300499;8.746265;655;47.3;15:21:24.120
3841;47.300555;8.746192;654.4;48.1;15:21:24.620
3842;47.300589;8.74612;653.5;48.1;15:21:25.120
3843;47.300613;8.746022;652.7;48.1;15:21:25.620
3844;47.30062;8.74591;651.8;53.2;15:21:26.120
3845;47.300605;8.745792;650.8;56;15:21:26.620
3846;47.300565;8.745697;649.7;58.8;15:21:27.120
3847;47.300509;8.745634;648.5;58.8;15:21:27.620
3848;47.300447;8.745594;647.2;61.6;15:21:28.120
3849;47.300396;8.745575;646.4;61.7;15:21:28.620
3850;47.300353;8.745577;646;60.4;15:21:29.120
3851;47.300331;8.7456;646.2;60.4;15:21:29.620
3852;47.300288;8.745641;646.7;59.3;15:21:30.120
3853;47.300217;8.745687;647.4;59.3;15:21:30.620
3854;47.3001;8.745738;647.9;51.3;15:21:31.120
3855;47.299996;8.745779;648.1;50.1;15:21:31.620
3856;47.299918;8.745832;648.1;48;15:21:32.120
3857;47.299874;8.745894;647.8;46;15:21:32.620
3858;47.29984;8.745972;647.4;45.1;15:21:33.120
3859;47.299804;8.746033;647;44.6;15:21:33.620
3860;47.299775;8.746092;646.7;42.9;15:21:34.120
3861;47.299752;8.746157;646.5;41.4;15:21:34.620
3862;47.299743;8.746245;646.2;41.1;15:21:35.120
3863;47.29974;8.746331;645.7;41.8;15:21:35.620
3864;47.29974;8.746394;645;42.9;15:21:36.120
3865;47.29974;8.74646;644.3;46;15:21:36.620
3866;47.299723;8.746542;644.1;48.8;15:21:37.120
3867;47.299684;8.746649;644.4;46.8;15:21:37.620
3868;47.299619;8.74673;645.1;46.8;15:21:38.120
3869;47.299561;8.746799;645.7;44.3;15:21:38.620
3870;47.299517;8.746856;646;44.7;15:21:39.120
3871;47.299492;8.746935;646;45.5;15:21:39.620
3872;47.299468;8.747012;645.7;46.1;15:21:40.120
3873;47.299447;8.747098;645.4;48.7;15:21:40.620
3874;47.299426;8.747183;645.1;48.4;15:21:41.120
3875;47.299403;8.747285;644.7;48.4;15:21:41.620
3876;47.299377;8.747382;644.4;49.2;15:21:42.120
3877;47.299359;8.747474;644.1;50.3;15:21:42.620
3878;47.299337;8.747539;643.9;50.7;15:21:43.120
3879;47.299312;8.747602;643.9;50.7;15:21:43.620
3880;47.299269;8.747662;643.7;50.2;15:21:44.120
3881;47.299231;8.747751;643.2;50.2;15:21:44.620
3882;47.299197;8.747859;642.5;51.2;15:21:45.120
3883;47.299177;8.747988;641.7;52.6;15:21:45.620
3884;47.299161;8.748102;641;54;15:21:46.120
3885;47.299148;8.748188;640.3;55.6;15:21:46.620
3886;47.299137;8.748263;639.5;56.3;15:21:47.120
3887;47.29913;8.748344;638.8;56.4;15:21:47.620
3888;47.299127;8.748459;638.4;56.2;15:21:48.120
3889;47.299126;8.74857;638.2;56.1;15:21:48.620
3890;47.299126;8.748676;638.2;56.1;15:21:49.120
3891;47.299125;8.748782;637.9;56;15:21:49.620
3892;47.299125;8.748908;637.4;56.3;15:21:50.120
3893;47.299124;8.749054;636.4;57;15:21:50.620
3894;47.299125;8.749181;635.2;58.7;15:21:51.120
3895;47.299125;8.749291;634;58.7;15:21:51.620
3896;47.299126;8.749382;632.9;58.7;15:21:52.120
3897;47.299127;8.749459;632.1;60.6;15:21:52.620
3898;47.299129;8.749505;631.7;60.4;15:21:53.120
3899;47.299129;8.749571;631.6;58.6;15:21:53.620
3900;47.299129;8.749683;631.8;54.8;15:21:54.120
3901;47.299127;8.749871;632.3;53.7;15:21:54.620
3902;47.299126;8.750036;632.9;51.3;15:21:55.120
3903;47.299123;8.750164;633.7;47.9;15:21:55.620
3904;47.299118;8.750243;634.3;45.8;15:21:56.120
3905;47.29911;8.750333;634.7;43.5;15:21:56.620
3906;47.299101;8.750417;634.6;42.7;15:21:57.120
3907;47.299093;8.750496;634.2;42.3;15:21:57.620
3908;47.299086;8.750565;633.6;42.3;15:21:58.120
3909;47.299082;8.75065;633;44;15:21:58.620
3910;47.299083;8.75074;632.4;44.2;15:21:59.120
3911;47.299088;8.750815;631.9;44.9;15:21:59.620
3912;47.299096;8.750877;631.6;45.5;15:22:00.120
3913;47.299104;8.750949;631.4;45.8;15:22:00.620
3914;47.299114;8.751056;631.4;46;15:22:01.120
3915;47.299132;8.751165;631.7;43.7;15:22:01.620
3916;47.299163;8.751246;632;42.4;15:22:02.120
3917;47.299197;8.751298;632.1;41.3;15:22:02.620
3918;47.299229;8.751354;631.8;41.7;15:22:03.120
3919;47.299257;8.751429;631.4;43.1;15:22:03.620
3920;47.299295;8.751502;630.9;43.1;15:22:04.120
3921;47.299338;8.751557;630.4;45.1;15:22:04.620
3922;47.299378;8.751594;630;46.3;15:22:05.120
3923;47.299418;8.751618;629.7;46.7;15:22:05.620
3924;47.299463;8.751631;629.5;46.7;15:22:06.120
3925;47.299536;8.751629;629.3;49.7;15:22:06.620
3926;47.299607;8.751617;629.2;49.6;15:22:07.120
3927;47.299676;8.751592;628.9;50.7;15:22:07.620
3928;47.299729;8.751559;628.4;52.1;15:22:08.120
3929;47.299795;8.751512;627.9;55.5;15:22:08.620
3930;47.299872;8.751464;627.8;55.9;15:22:09.120
3931;47.299946;8.751406;628.3;55.3;15:22:09.620
3932;47.30001;8.751355;629.1;54.1;15:22:10.120
3933;47.300073;8.751312;630;52.9;15:22:10.620
3934;47.300138;8.751279;630.6;52.9;15:22:11.120
3935;47.3002;8.751237;631;52.3;15:22:11.620
3936;47.300251;8.751179;631.2;53;15:22:12.120
3937;47.300309;8.751126;631.4;52.7;15:22:12.620
3938;47.300368;8.751079;631.5;51.7;15:22:13.120
3939;47.30042;8.75103;631.4;50.7;15:22:13.620
3940;47.300447;8.75095;631.2;50.5;15:22:14.120
3941;47.300456;8.750861;631;50.4;15:22:14.620
3942;47.300456;8.750769;630.6;50.4;15:22:15.120
3943;47.300456;8.750692;630.1;51;15:22:15.620
3944;47.300473;8.7506;629.5;51.8;15:22:16.120
3945;47.300503;8.750508;628.9;52;15:22:16.620
3946;47.300539;8.750413;628.4;54.7;15:22:17.120
3947;47.300546;8.750334;628.1;54.6;15:22:17.620
3948;47.300523;8.750254;627.8;54.5;15:22:18.120
3949;47.300474;8.75019;627.5;54.7;15:22:18.620
3950;47.300415;8.750146;627.3;55.7;15:22:19.120
3951;47.300365;8.750139;627.1;55.1;15:22:19.620
3952;47.300318;8.750152;627.2;54.5;15:22:20.120
3953;47.300273;8.750197;627.3;54.6;15:22:20.620
3954;47.300219;8.750255;627.6;54.3;15:22:21.120
3955;47.300175;8.750339;627.8;51;15:22:21.620
3956;47.300143;8.75042;627.7;51;15:22:22.120
3957;47.300123;8.75052;627.3;51;15:22:22.620
3958;47.30012;8.750613;626.5;51;15:22:23.120
3959;47.300129;8.750702;625.6;49.8;15:22:23.620
3960;47.300149;8.750759;624.7;49.8;15:22:24.120
3961;47.30016;8.750797;624;50.9;15:22:24.620
3962;47.300192;8.750813;623.6;46.3;15:22:25.120
3963;47.300252;8.750821;623.5;47.2;15:22:25.620
3964;47.300344;8.750806;623.3;46.2;15:22:26.120
3965;47.300417;8.750767;622.9;46.4;15:22:26.620
3966;47.300468;8.750693;622.1;46.3;15:22:27.120
3967;47.300501;8.750614;621.3;46.6;15:22:27.620
3968;47.300544;8.750533;620.7;50.1;15:22:28.120
3969;47.300581;8.75046;620.7;50.2;15:22:28.620
3970;47.300607;8.750368;621.2;44.6;15:22:29.120
3971;47.300621;8.750271;621.7;43.7;15:22:29.620
3972;47.300632;8.75018;622;41.6;15:22:30.120
3973;47.300643;8.750104;621.9;40.8;15:22:30.620
3974;47.300655;8.750035;621.5;40.5;15:22:31.120
3975;47.300667;8.749951;620.7;40.5;15:22:31.620
3976;47.300679;8.749869;619.4;43.1;15:22:32.120
3977;47.300695;8.749789;617.4;45.1;15:22:32.620
3978;47.300714;8.749714;615;49;15:22:33.120
3979;47.300736;8.749617;612.5;52.2;15:22:33.620
3980;47.300749;8.749513;610.2;52.2;15:22:34.120
3981;47.300769;8.749407;608.2;62.3;15:22:34.620
3982;47.300794;8.74933;606.6;62.3;15:22:35.120
3983;47.300832;8.74923;605.6;67.2;15:22:35.620
3984;47.300864;8.749123;605;67.2;15:22:36.120
3985;47.300894;8.748994;604.9;65.6;15:22:36.620
3986;47.300925;8.748886;604.9;64.8;15:22:37.120
3987;47.300956;8.748769;605;64.3;15:22:37.620
3988;47.300985;8.748621;605.2;63.5;15:22:38.120
3989;47.301007;8.74847;605.5;63;15:22:38.620
3990;47.30103;8.748332;605.8;62;15:22:39.120
3991;47.301048;8.748233;606.1;61.7;15:22:39.620
3992;47.301059;8.748128;606.3;60.6;15:22:40.120
3993;47.301063;8.74803;606.5;60.6;15:22:40.620
3994;47.301086;8.747947;606.3;59.7;15:22:41.120
3995;47.301137;8.747877;605.8;59.7;15:22:41.620
3996;47.301218;8.747793;605;59.5;15:22:42.120
3997;47.301292;8.74767;604.3;59.5;15:22:42.620
3998;47.301353;8.747554;603.9;59.2;15:22:43.120
3999;47.301408;8.747457;603.8;57.2;15:22:43.620
4000;47.301462;8.747388;603.8;57.2;15:22:44.120
4001;47.301513;8.747308;603.8;55.4;15:22:44.620
4002;47.301547;8.747216;603.6;54.1;15:22:45.120
4003;47.301591;8.74713;603.2;53.8;15:22:45.620
4004;47.301643;8.74706;602.6;53.1;15:22:46.120
4005;47.301712;8.747001;601.8;53.1;15:22:46.620
4006;47.301765;8.74693;600.8;53.6;15:22:47.120
4007;47.301809;8.746855;599.7;54.3;15:22:47.620
4008;47.301853;8.746781;598.4;54.3;15:22:48.120
4009;47.301912;8.746717;597.1;54.3;15:22:48.620
4010;47.301974;8.746642;595.6;57.9;15:22:49.120
4011;47.302027;8.746565;594.4;59.2;15:22:49.620
4012;47.302078;8.74648;593.1;60.8;15:22:50.120
4013;47.302125;8.7464;592;61.1;15:22:50.620
4014;47.302174;8.746299;591;62;15:22:51.120
4015;47.302216;8.746186;590.4;62.1;15:22:51.620
4016;47.302258;8.746076;590;62.1;15:22:52.120
4017;47.302291;8.745976;589.9;61.8;15:22:52.620
4018;47.30231;8.745885;589.9;61.2;15:22:53.120
4019;47.302316;8.745788;589.8;60.8;15:22:53.620
4020;47.302335;8.74571;589.3;60.2;15:22:54.120
4021;47.302377;8.74563;588.3;59;15:22:54.620
4022;47.30244;8.745532;587;59.4;15:22:55.120
4023;47.302488;8.745398;585.5;59.4;15:22:55.620
4024;47.302518;8.745282;584;62.4;15:22:56.120
4025;47.302533;8.745184;582.6;63.4;15:22:56.620
4026;47.302548;8.745087;581.2;64.8;15:22:57.120
4027;47.302563;8.744933;579.8;64.8;15:22:57.620
4028;47.302574;8.744755;578.4;67;15:22:58.120
4029;47.302581;8.744585;577.3;67.2;15:22:58.620
4030;47.302586;8.744453;576.4;67.5;15:22:59.120
4031;47.30259;8.744344;575.8;67.5;15:22:59.620
4032;47.302594;8.744218;575.1;66.4;15:23:00.120
4033;47.302597;8.744087;574.6;65.9;15:23:00.620
4034;47.302601;8.743951;574.2;65.6;15:23:01.120
4035;47.302607;8.74384;573.9;64.7;15:23:01.620
4036;47.302616;8.743718;573.6;64;15:23:02.120
4037;47.302626;8.743603;573.4;63.8;15:23:02.620
4038;47.302639;8.743483;573.1;63.8;15:23:03.120
4039;47.302656;8.743376;572.7;63.7;15:23:03.620
4040;47.302675;8.743247;572;63.8;15:23:04.120
4041;47.302696;8.74311;571.4;63.9;15:23:04.620
4042;47.302718;8.742979;570.8;63.7;15:23:05.120
4043;47.302743;8.742871;570.3;63.2;15:23:05.620
4044;47.302764;8.742776;569.9;62.3;15:23:06.120
4045;47.302784;8.742677;569.4;61.5;15:23:06.620
4046;47.302809;8.742588;569.1;61.2;15:23:07.120
4047;47.302847;8.742506;568.8;60.4;15:23:07.620
4048;47.30289;8.742415;568.5;59.2;15:23:08.120
4049;47.302927;8.742282;568.2;58.7;15:23:08.620
4050;47.302955;8.742132;567.8;57.8;15:23:09.120
4051;47.302981;8.741993;567.2;58.1;15:23:09.620
4052;47.303013;8.741887;566.6;58;15:23:10.120
4053;47.303048;8.741801;565.9;58.6;15:23:10.620
4054;47.303081;8.741704;565.1;58;15:23:11.120
4055;47.303111;8.741604;564.4;57.5;15:23:11.620
4056;47.303149;8.741502;563.7;57.1;15:23:12.120
4057;47.303192;8.741421;563;55.8;15:23:12.620
4058;47.303233;8.741337;562.1;56.7;15:23:13.120
4059;47.303269;8.74126;561.2;56.9;15:23:13.620
4060;47.303314;8.741182;560.5;57.5;15:23:14.120
4061;47.303384;8.741115;559.9;57.6;15:23:14.620
4062;47.303459;8.741038;559.4;57.9;15:23:15.120
4063;47.303529;8.740959;559.2;58;15:23:15.620
4064;47.303584;8.740884;559.1;57.9;15:23:16.120
4065;47.303646;8.740823;559.3;57.7;15:23:16.620
4066;47.303708;8.740769;559.7;57.6;15:23:17.120
4067;47.303769;8.740707;560.2;57.5;15:23:17.620
4068;47.303824;8.740649;561;57.3;15:23:18.120
4069;47.303881;8.740595;561.8;55.7;15:23:18.620
4070;47.303932;8.740552;562.9;54.7;15:23:19.120
4071;47.303981;8.740509;563.9;53.3;15:23:19.620
4072;47.304034;8.740471;564.7;52.5;15:23:20.120
4073;47.30411;8.740437;565.2;52;15:23:20.620
4074;47.304199;8.740402;565.5;51.8;15:23:21.120
4075;47.304281;8.740353;565.8;51.8;15:23:21.620
4076;47.304345;8.740298;566;52.3;15:23:22.120
4077;47.304398;8.740246;566.3;52;15:23:22.620
4078;47.304458;8.740203;566.5;52;15:23:23.120
4079;47.304518;8.74016;566.8;53.1;15:23:23.620
4080;47.304576;8.740101;567.2;53.6;15:23:24.120
4081;47.30462;8.740036;567.7;53.4;15:23:24.620
4082;47.304661;8.739964;568.5;49.5;15:23:25.120
4083;47.3047;8.739895;569.4;49;15:23:25.620
4084;47.304736;8.739808;570.2;47.3;15:23:26.120
4085;47.304762;8.739712;570.8;47.1;15:23:26.620
4086;47.30478;8.739618;571.3;47.3;15:23:27.120
4087;47.304793;8.739533;571.7;46.6;15:23:27.620
4088;47.3048;8.739454;571.9;46.6;15:23:28.120
4089;47.304802;8.73937;572;47.9;15:23:28.620
4090;47.304796;8.73929;572.1;48.2;15:23:29.120
4091;47.304776;8.739215;572.1;48.5;15:23:29.620
4092;47.304751;8.739133;572.1;49.8;15:23:30.120
4093;47.304712;8.739045;572;51.8;15:23:30.620
4094;47.304666;8.738959;572;52.9;15:23:31.120
4095;47.304611;8.7389;572.2;54.3;15:23:31.620
4096;47.30456;8.738868;572.6;53;15:23:32.120
4097;47.304528;8.738858;572.9;53.6;15:23:32.620
4098;47.304516;8.738867;572.9;55.1;15:23:33.120
4099;47.304479;8.738889;572.7;57;15:23:33.620
4100;47.304396;8.738923;572.2;57.1;15:23:34.120
4101;47.304267;8.738967;571.7;59.5;15:23:34.620
4102;47.30416;8.739042;571.3;59.5;15:23:35.120
4103;47.304092;8.739146;571.2;59.5;15:23:35.620
4104;47.304062;8.739264;571.2;61.1;15:23:36.120
4105;47.304042;8.73937;571.3;61.1;15:23:36.620
4106;47.304029;8.739466;571.4;59.1;15:23:37.120
4107;47.304024;8.739557;571.6;59;15:23:37.620
4108;47.304023;8.739653;571.7;59.1;15:23:38.120
4109;47.304023;8.739768;571.8;58.7;15:23:38.620
4110;47.304023;8.7399;572.1;58.7;15:23:39.120
4111;47.304023;8.740037;572.8;58.7;15:23:39.620
4112;47.304039;8.74015;573.8;56.3;15:23:40.120
4113;47.304078;8.740239;575.2;53.1;15:23:40.620
4114;47.304139;8.740298;576.6;53.1;15:23:41.120
4115;47.304195;8.740361;577.9;46.9;15:23:41.620
4116;47.304244;8.740418;578.8;45.5;15:23:42.120
4117;47.304293;8.740486;579.2;45.3;15:23:42.620
4118;47.304348;8.740531;579.3;45.9;15:23:43.120
4119;47.304405;8.740557;579.3;46.1;15:23:43.620
4120;47.304453;8.740547;579.5;46.6;15:23:44.120
4121;47.3045;8.74052;579.7;47.3;15:23:44.620
4122;47.304548;8.740475;579.9;48.3;15:23:45.120
4123;47.304594;8.740433;580;49.6;15:23:45.620
4124;47.304637;8.740365;580.2;51.7;15:23:46.120
4125;47.304663;8.740285;580.5;52.2;15:23:46.620
4126;47.304679;8.740186;581.1;52.4;15:23:47.120
4127;47.30468;8.740102;581.8;50.3;15:23:47.620
4128;47.304671;8.740025;582.4;50.1;15:23:48.120
4129;47.304643;8.739938;582.9;50.9;15:23:48.620
4130;47.30459;8.739857;583.6;50.7;15:23:49.120
4131;47.30452;8.739782;584.3;49.7;15:23:49.620
4132;47.304449;8.739744;585.1;46.7;15:23:50.120
4133;47.304385;8.739723;585.8;46.6;15:23:50.620
4134;47.30433;8.739723;586.3;48.6;15:23:51.120
4135;47.304269;8.739734;586.2;52.1;15:23:51.620
4136;47.304211;8.739764;585.9;54.5;15:23:52.120
4137;47.304158;8.739825;585.5;54;15:23:52.620
4138;47.304124;8.739906;585.4;52.8;15:23:53.120
4139;47.304103;8.739995;585.5;52.7;15:23:53.620
4140;47.304094;8.740065;585.8;54.2;15:23:54.120
4141;47.304097;8.740147;586.2;54.8;15:23:54.620
4142;47.304116;8.740235;586.8;52.4;15:23:55.120
4143;47.304157;8.740341;587.5;50.9;15:23:55.620
4144;47.304215;8.740415;588.3;50.2;15:23:56.120
4145;47.30428;8.740458;589;48.2;15:23:56.620
4146;47.30434;8.740462;589.5;45.5;15:23:57.120
4147;47.304383;8.740451;589.7;45;15:23:57.620
4148;47.304415;8.740422;589.8;45.9;15:23:58.120
4149;47.304432;8.740388;589.8;48.4;15:23:58.620
4150;47.30444;8.740325;590;49;15:23:59.120
4151;47.304453;8.74025;590.3;49.6;15:23:59.620
4152;47.304476;8.740145;591.1;49.5;15:24:00.120
4153;47.30451;8.740056;591.9;46.5;15:24:00.620
4154;47.304524;8.739963;592.9;45.9;15:24:01.120
4155;47.304517;8.739882;593.5;45;15:24:01.620
4156;47.304481;8.739806;593.8;45;15:24:02.120
4157;47.304431;8.739746;593.7;45;15:24:02.620
4158;47.304376;8.739704;593.5;49.6;15:24:03.120
4159;47.304323;8.739669;593.4;50.6;15:24:03.620
4160;47.304271;8.739647;593.7;49.4;15:24:04.120
4161;47.304205;8.739632;594;49.8;15:24:04.620
4162;47.304128;8.73963;594;51.2;15:24:05.120
4163;47.304057;8.739655;593.8;54.3;15:24:05.620
4164;47.304002;8.739703;593.5;54.3;15:24:06.120
4165;47.303973;8.739785;593.4;58.3;15:24:06.620
4166;47.303957;8.739871;593.6;58.3;15:24:07.120
4167;47.303955;8.739964;594;55.5;15:24:07.620
4168;47.303965;8.740058;594.4;55.5;15:24:08.120
4169;47.303995;8.740148;594.7;55.5;15:24:08.620
4170;47.304054;8.74024;594.8;54.2;15:24:09.120
4171;47.304123;8.740303;594.8;54.5;15:24:09.620
4172;47.304196;8.740351;594.9;55.1;15:24:10.120
4173;47.304247;8.740371;595.4;55.3;15:24:10.620
4174;47.304286;8.740376;596.3;54.5;15:24:11.120
4175;47.304304;8.740367;597.4;54.3;15:24:11.620
4176;47.304313;8.74033;598.8;51.5;15:24:12.120
4177;47.304339;8.740281;600;49.7;15:24:12.620
4178;47.30439;8.740206;601;45.8;15:24:13.120
4179;47.304463;8.740144;601.8;45.4;15:24:13.620
4180;47.304506;8.740066;602.4;46.1;15:24:14.120
4181;47.304512;8.73999;602.9;46.2;15:24:14.620
4182;47.304481;8.739895;603.5;46.2;15:24:15.120
4183;47.30443;8.739827;603.8;44.2;15:24:15.620
4184;47.304376;8.739784;604;46.3;15:24:16.120
4185;47.30432;8.739771;604.1;48.5;15:24:16.620
4186;47.304272;8.739778;604.4;47.6;15:24:17.120
4187;47.304216;8.739799;604.9;47.8;15:24:17.620
4188;47.304156;8.739837;605.4;47.5;15:24:18.120
4189;47.3041;8.739884;605.7;47.6;15:24:18.620
4190;47.304061;8.739958;605.8;47.6;15:24:19.120
4191;47.304039;8.740045;605.8;49.9;15:24:19.620
4192;47.304031;8.740128;606.1;49.9;15:24:20.120
4193;47.304034;8.740196;606.7;49;15:24:20.620
4194;47.304046;8.740269;607.6;46.5;15:24:21.120
4195;47.304067;8.740357;608.4;45.9;15:24:21.620
4196;47.304101;8.740443;608.8;45.4;15:24:22.120
4197;47.30414;8.74051;609;46.7;15:24:22.620
4198;47.304186;8.74056;608.9;46.8;15:24:23.120
4199;47.304227;8.740596;609.1;49.3;15:24:23.620
4200;47.304265;8.740613;609.7;46.9;15:24:24.120
4201;47.304286;8.74061;611.1;44.3;15:24:24.620
4202;47.304296;8.740584;612.5;44.3;15:24:25.120
4203;47.304319;8.740546;613.8;40;15:24:25.620
4204;47.304365;8.740489;614.5;37.8;15:24:26.120
4205;47.304431;8.74044;614.8;38.4;15:24:26.620
4206;47.304472;8.740396;614.7;39.7;15:24:27.120
4207;47.304483;8.740346;614.6;39.7;15:24:27.620
4208;47.304461;8.740271;614.6;43.4;15:24:28.120
4209;47.304419;8.740173;614.9;45.8;15:24:28.620
4210;47.304367;8.740102;615.3;45.6;15:24:29.120
4211;47.304309;8.740064;615.5;46.3;15:24:29.620
4212;47.304257;8.74007;615.7;47.2;15:24:30.120
4213;47.304199;8.740091;615.7;47.9;15:24:30.620
4214;47.30414;8.740134;615.7;49.6;15:24:31.120
4215;47.304085;8.740189;615.6;50.2;15:24:31.620
4216;47.304046;8.740275;615.5;52.5;15:24:32.120
4217;47.304027;8.740369;615.6;53.6;15:24:32.620
4218;47.304023;8.740459;615.9;50.8;15:24:33.120
4219;47.30403;8.740531;616.4;50.3;15:24:33.620
4220;47.304047;8.740607;617;50.5;15:24:34.120
4221;47.304073;8.7407;617.6;50.6;15:24:34.620
4222;47.304115;8.740788;618.2;49;15:24:35.120
4223;47.304167;8.740858;618.9;48.5;15:24:35.620
4224;47.30422;8.740913;619.7;48.4;15:24:36.120
4225;47.304262;8.740957;620.8;47.5;15:24:36.620
4226;47.304283;8.740988;621.7;45.7;15:24:37.120
4227;47.30429;8.741;622.6;43.6;15:24:37.620
4228;47.30429;8.740992;623.2;42.9;15:24:38.120
4229;47.30432;8.740961;623.8;41.9;15:24:38.620
4230;47.304383;8.740911;624.2;41.4;15:24:39.120
4231;47.30448;8.740852;624.5;40.9;15:24:39.620
4232;47.304551;8.740793;624.7;40.9;15:24:40.120
4233;47.304586;8.74072;624.6;41.4;15:24:40.620
4234;47.304578;8.740638;624.4;41.4;15:24:41.120
4235;47.304548;8.740557;623.8;42.6;15:24:41.620
4236;47.304497;8.740499;623.1;45.2;15:24:42.120
4237;47.304435;8.740464;622.1;49.6;15:24:42.620
4238;47.304373;8.740444;621.1;53.3;15:24:43.120
4239;47.304316;8.740434;620.1;54.7;15:24:43.620
4240;47.304257;8.740432;619.5;57.2;15:24:44.120
4241;47.304207;8.740445;619.2;58.3;15:24:44.620
4242;47.304155;8.740479;619.1;58.3;15:24:45.120
4243;47.304094;8.740549;618.8;61.2;15:24:45.620
4244;47.304014;8.740636;618.7;62.9;15:24:46.120
4245;47.303943;8.740733;619.1;63;15:24:46.620
4246;47.303895;8.740819;620;56.1;15:24:47.120
4247;47.303871;8.740921;621.2;56;15:24:47.620
4248;47.303863;8.74102;622.1;56.8;15:24:48.120
4249;47.303874;8.741119;622.6;56.4;15:24:48.620
4250;47.303902;8.741197;623;55.1;15:24:49.120
4251;47.303933;8.741267;623.6;53.1;15:24:49.620
4252;47.303953;8.741314;624.4;51.8;15:24:50.120
4253;47.30396;8.74134;625.5;50.6;15:24:50.620
4254;47.30396;8.741339;626.6;48;15:24:51.120
4255;47.303994;8.741316;627.6;44.2;15:24:51.620
4256;47.304065;8.741267;628.4;44.2;15:24:52.120
4257;47.304174;8.741207;629.2;45.3;15:24:52.620
4258;47.304254;8.741152;630.1;45.3;15:24:53.120
4259;47.304295;8.741123;631;42.5;15:24:53.620
4260;47.304293;8.741086;631.9;39.8;15:24:54.120
4261;47.304276;8.741033;632.7;39;15:24:54.620
4262;47.304239;8.740952;633.3;39.2;15:24:55.120
4263;47.304191;8.740899;633.5;40.2;15:24:55.620
4264;47.304138;8.740882;633.1;44.7;15:24:56.120
4265;47.304092;8.740901;632.4;47.3;15:24:56.620
4266;47.304047;8.740925;631.4;48.1;15:24:57.120
4267;47.30401;8.740971;630.8;52.6;15:24:57.620
4268;47.303983;8.741052;630.7;54.1;15:24:58.120
4269;47.303972;8.741183;631.2;54.6;15:24:58.620
4270;47.303973;8.74131;632.1;52.4;15:24:59.120
4271;47.303985;8.741423;633.2;50.1;15:24:59.620
4272;47.304;8.741506;634;49.3;15:25:00.120
4273;47.304022;8.741589;634.4;49;15:25:00.620
4274;47.304051;8.741654;634.6;49.3;15:25:01.120
4275;47.304094;8.741708;634.7;49.3;15:25:01.620
4276;47.304142;8.741758;634.8;48;15:25:02.120
4277;47.30419;8.741821;634.9;46.8;15:25:02.620
4278;47.304226;8.741876;634.9;46;15:25:03.120
4279;47.304257;8.741911;634.9;47.3;15:25:03.620
4280;47.304301;8.74192;634.5;49.1;15:25:04.120
4281;47.304365;8.741914;633.8;49.8;15:25:04.620
4282;47.304459;8.741892;633.2;50.5;15:25:05.120
4283;47.30454;8.74186;633;53.2;15:25:05.620
4284;47.304614;8.741818;633.4;53.2;15:25:06.120
4285;47.304663;8.741771;634;47.6;15:25:06.620
4286;47.304706;8.741703;634.4;44.2;15:25:07.120
4287;47.304731;8.741627;634.4;43.5;15:25:07.620
4288;47.304748;8.741543;634;44.3;15:25:08.120
4289;47.304751;8.741468;633.4;44;15:25:08.620
4290;47.304746;8.741384;632.8;49.7;15:25:09.120
4291;47.304733;8.741303;632.6;49.8;15:25:09.620
4292;47.304712;8.741237;632.6;45.8;15:25:10.120
4293;47.304685;8.741187;632.7;46.1;15:25:10.620
4294;47.304651;8.741136;632.6;45.9;15:25:11.120
4295;47.304611;8.741073;632.2;45.9;15:25:11.620
4296;47.304556;8.741021;631.7;47.3;15:25:12.120
4297;47.304479;8.740986;631.3;50.2;15:25:12.620
4298;47.304402;8.740963;631;51.4;15:25:13.120
4299;47.304332;8.740933;631.1;52.3;15:25:13.620
4300;47.304275;8.740905;631.5;52.2;15:25:14.120
4301;47.304204;8.740885;632.2;51.6;15:25:14.620
4302;47.304122;8.740876;633.1;51.5;15:25:15.120
4303;47.304042;8.740872;633.8;52.1;15:25:15.620
4304;47.303984;8.740868;634.3;52.9;15:25:16.120
4305;47.303956;8.740867;634.4;54.2;15:25:16.620
4306;47.303917;8.740873;634.1;54.8;15:25:17.120
4307;47.303858;8.740893;633.6;54.4;15:25:17.620
4308;47.303764;8.740942;632.6;55.4;15:25:18.120
4309;47.303687;8.741006;631.4;56.8;15:25:18.620
4310;47.303627;8.741088;629.9;59.6;15:25:19.120
4311;47.303604;8.741171;628.7;59.6;15:25:19.620
4312;47.303596;8.741276;627.6;59.6;15:25:20.120
4313;47.303613;8.74138;626.9;61.2;15:25:20.620
4314;47.303645;8.741482;626.3;62.1;15:25:21.120
4315;47.303699;8.741561;626.2;58.8;15:25:21.620
4316;47.303758;8.741636;626.4;60.4;15:25:22.120
4317;47.303825;8.741694;627;60.6;15:25:22.620
4318;47.303879;8.741735;628.1;61.3;15:25:23.120
4319;47.303927;8.741746;629.8;57.9;15:25:23.620
4320;47.303969;8.741744;631.7;57.9;15:25:24.120
4321;47.304021;8.74172;633.7;48.5;15:25:24.620
4322;47.30409;8.741684;635.3;43.9;15:25:25.120
4323;47.304159;8.741628;636.5;42.4;15:25:25.620
4324;47.304216;8.741571;637.4;41.8;15:25:26.120
4325;47.304249;8.741497;638.2;40.1;15:25:26.620
4326;47.304268;8.741411;638.7;39.8;15:25:27.120
4327;47.304271;8.74132;639.2;41.3;15:25:27.620
4328;47.304263;8.741242;639.6;40.8;15:25:28.120
4329;47.304246;8.74119;640.2;38.5;15:25:28.620
4330;47.304229;8.741153;640.8;38.5;15:25:29.120
4331;47.304208;8.741135;641.4;39.1;15:25:29.620
4332;47.304171;8.741106;641.8;43.4;15:25:30.120
4333;47.304115;8.741066;642.1;45.2;15:25:30.620
4334;47.304062;8.741013;642.3;44.2;15:25:31.120
4335;47.304016;8.740985;642.8;43.8;15:25:31.620
4336;47.303975;8.740992;643.3;43.3;15:25:32.120
4337;47.303926;8.741034;644;43;15:25:32.620
4338;47.303886;8.741102;644.6;40.9;15:25:33.120
4339;47.303863;8.741175;645.1;40.3;15:25:33.620
4340;47.303858;8.741248;645.3;40.8;15:25:34.120
4341;47.303859;8.741315;645.2;41.8;15:25:34.620
4342;47.30386;8.741399;645;43.7;15:25:35.120
4343;47.303865;8.741501;644.8;46;15:25:35.620
4344;47.303877;8.741602;644.8;47.4;15:25:36.120
4345;47.303895;8.741689;644.9;48;15:25:36.620
4346;47.303912;8.741766;645;49;15:25:37.120
4347;47.303928;8.741846;645;50.3;15:25:37.620
4348;47.30395;8.741938;644.9;51.5;15:25:38.120
4349;47.30399;8.742021;645.2;52.1;15:25:38.620
4350;47.304043;8.742103;646;47.6;15:25:39.120
4351;47.304098;8.742161;647.2;43.9;15:25:39.620
4352;47.304147;8.742215;648.3;42.3;15:25:40.120
4353;47.304188;8.74225;649.1;40.2;15:25:40.620
4354;47.304238;8.742275;649.5;37.9;15:25:41.120
4355;47.304289;8.742284;649.7;37.5;15:25:41.620
4356;47.304334;8.742285;649.6;36.8;15:25:42.120
4357;47.304358;8.742282;649.2;36.8;15:25:42.620
4358;47.304385;8.742274;648.6;38.5;15:25:43.120
4359;47.304423;8.74226;648;38.8;15:25:43.620
4360;47.304488;8.742241;647.6;40.2;15:25:44.120
4361;47.304548;8.742228;647.3;40;15:25:44.620
4362;47.304609;8.742221;647;40.2;15:25:45.120
4363;47.304659;8.742195;646.7;40.2;15:25:45.620
4364;47.304705;8.742136;646.2;40.2;15:25:46.120
4365;47.304742;8.742035;645.8;41;15:25:46.620
4366;47.304774;8.741945;645.4;40.3;15:25:47.120
4367;47.304811;8.741873;645.1;40.3;15:25:47.620
4368;47.30485;8.741827;644.8;39.5;15:25:48.120
4369;47.304888;8.74178;644.3;39;15:25:48.620
4370;47.304918;8.741721;643.8;39;15:25:49.120
4371;47.304938;8.741657;643.2;40.1;15:25:49.620
4372;47.304959;8.741578;642.9;42.5;15:25:50.120
4373;47.304978;8.741508;642.9;41.3;15:25:50.620
4374;47.304996;8.74144;642.8;38.1;15:25:51.120
4375;47.305002;8.741378;642.4;39.1;15:25:51.620
4376;47.304993;8.741322;641.7;40.5;15:25:52.120
4377;47.304972;8.741252;640.9;42.5;15:25:52.620
4378;47.304943;8.741186;640.1;46.6;15:25:53.120
4379;47.304909;8.741114;639.6;47.8;15:25:53.620
4380;47.304862;8.741061;639.2;48.2;15:25:54.120
4381;47.30481;8.741009;638.7;48.5;15:25:54.620
4382;47.304765;8.740955;637.9;50.4;15:25:55.120
4383;47.304741;8.740908;637.2;50.7;15:25:55.620
4384;47.304704;8.740873;636.8;52;15:25:56.120
4385;47.304637;8.740855;637;50;15:25:56.620
4386;47.304533;8.740843;637.6;48.6;15:25:57.120
4387;47.30444;8.740831;638.4;47.6;15:25:57.620
4388;47.304367;8.740821;639.2;47.3;15:25:58.120
4389;47.304303;8.74081;639.7;47.3;15:25:58.620
4390;47.304238;8.7408;640;48.3;15:25:59.120
4391;47.304174;8.740788;640;49.9;15:25:59.620
4392;47.30412;8.740776;639.7;51;15:26:00.120
4393;47.304055;8.740768;639.1;53.5;15:26:00.620
4394;47.303977;8.740769;638.5;53.5;15:26:01.120
4395;47.303896;8.740777;638.4;53.7;15:26:01.620
4396;47.303831;8.74081;638.7;52.9;15:26:02.120
4397;47.303789;8.74086;639.3;52;15:26:02.620
4398;47.303753;8.740939;639.6;52.8;15:26:03.120
4399;47.303724;8.74102;639.3;52.8;15:26:03.620
4400;47.303694;8.741124;638.6;55.7;15:26:04.120
4401;47.303688;8.741226;638.1;57.6;15:26:04.620
4402;47.303698;8.741329;637.8;57.2;15:26:05.120
4403;47.303729;8.741398;637.7;56.7;15:26:05.620
4404;47.303759;8.741448;637.6;57;15:26:06.120
4405;47.303809;8.741474;637.6;57;15:26:06.620
4406;47.303874;8.741487;638.3;57;15:26:07.120
4407;47.303959;8.741467;639.8;54.6;15:26:07.620
4408;47.304022;8.741411;642.2;53.9;15:26:08.120
4409;47.304056;8.741319;644.3;50.1;15:26:08.620
4410;47.304065;8.741224;646.1;47.9;15:26:09.120
4411;47.304069;8.741138;647.2;47.9;15:26:09.620
4412;47.304074;8.741067;648.1;48.3;15:26:10.120
4413;47.304067;8.740995;648.7;49.1;15:26:10.620
4414;47.304045;8.740931;649;46.4;15:26:11.120
4415;47.303993;8.740884;649.2;44.2;15:26:11.620
4416;47.303928;8.740863;649.2;42.9;15:26:12.120
4417;47.303851;8.740867;648.8;44.8;15:26:12.620
4418;47.303789;8.740901;648.4;48.7;15:26:13.120
4419;47.303744;8.740958;648.3;50.6;15:26:13.620
4420;47.303719;8.741031;648.5;51.6;15:26:14.120
4421;47.303706;8.741103;648.9;50.3;15:26:14.620
4422;47.30371;8.741188;649.2;49.4;15:26:15.120
4423;47.303724;8.741269;649.2;48.8;15:26:15.620
4424;47.303743;8.741337;648.8;50.1;15:26:16.120
4425;47.303754;8.741369;648.3;50.1;15:26:16.620
4426;47.303787;8.741366;647.8;52.6;15:26:17.120
4427;47.303844;8.741339;647.6;56.3;15:26:17.620
4428;47.30393;8.741278;647.9;58.2;15:26:18.120
4429;47.303989;8.741199;648.7;58.2;15:26:18.620
4430;47.304012;8.741091;649.7;56.8;15:26:19.120
4431;47.304001;8.740987;650.7;54.7;15:26:19.620
4432;47.303968;8.740896;651.6;51.7;15:26:20.120
4433;47.303926;8.740832;652;50.1;15:26:20.620
4434;47.303872;8.740794;652.3;49.8;15:26:21.120
4435;47.303839;8.740772;652.7;50.6;15:26:21.620
4436;47.303797;8.74077;653.5;47.3;15:26:22.120
4437;47.30374;8.740787;654.6;46.3;15:26:22.620
4438;47.303651;8.740812;655.5;46.7;15:26:23.120
4439;47.303581;8.740863;656.1;47.1;15:26:23.620
4440;47.303543;8.740938;656.3;45.7;15:26:24.120
4441;47.303546;8.74104;656.4;45.7;15:26:24.620
4442;47.303571;8.741127;656.2;45.7;15:26:25.120
4443;47.303611;8.741187;656;44.4;15:26:25.620
4444;47.303657;8.741219;655.8;44.7;15:26:26.120
4445;47.303702;8.741235;655.8;45.4;15:26:26.620
4446;47.303754;8.741234;655.7;45;15:26:27.120
4447;47.303805;8.741222;655.4;44.8;15:26:27.620
4448;47.303856;8.741187;655;45.6;15:26:28.120
4449;47.303894;8.741142;654.7;45.6;15:26:28.620
4450;47.303927;8.741067;654.5;49;15:26:29.120
4451;47.303946;8.740986;654.5;49;15:26:29.620
4452;47.303951;8.740883;654.5;50.3;15:26:30.120
4453;47.303936;8.740792;654.7;50.3;15:26:30.620
4454;47.303915;8.740711;655;47.6;15:26:31.120
4455;47.303875;8.740655;655.4;47.2;15:26:31.620
4456;47.30383;8.740607;655.6;48.3;15:26:32.120
4457;47.303768;8.740574;655.7;49.5;15:26:32.620
4458;47.303709;8.740558;655.6;50.1;15:26:33.120
4459;47.303645;8.740565;655.2;52.4;15:26:33.620
4460;47.303595;8.740593;654.5;54.2;15:26:34.120
4461;47.303564;8.740654;653.9;57.9;15:26:34.620
4462;47.303542;8.740748;653.8;59.2;15:26:35.120
4463;47.303519;8.740857;654.3;53;15:26:35.620
4464;47.303484;8.740956;654.9;53.6;15:26:36.120
4465;47.303473;8.741024;655.4;53.6;15:26:36.620
4466;47.303495;8.741073;655.7;52.2;15:26:37.120
4467;47.303559;8.7411;656;52.2;15:26:37.620
4468;47.303637;8.741109;656.4;54.9;15:26:38.120
4469;47.303711;8.741085;657.1;55.5;15:26:38.620
4470;47.303765;8.74103;658.4;51.9;15:26:39.120
4471;47.303795;8.740946;660;49.1;15:26:39.620
4472;47.30381;8.740856;662;40.5;15:26:40.120
4473;47.303814;8.740783;663.3;39.9;15:26:40.620
4474;47.303812;8.740726;664.2;40;15:26:41.120
4475;47.303799;8.740667;664.4;40;15:26:41.620
4476;47.30377;8.740596;664.5;42.6;15:26:42.120
4477;47.303725;8.740537;664.6;43.2;15:26:42.620
4478;47.303674;8.740506;664.7;43.7;15:26:43.120
4479;47.303624;8.740515;664.8;47.4;15:26:43.620
4480;47.303583;8.740547;664.9;48.2;15:26:44.120
4481;47.303547;8.740597;665.1;49.1;15:26:44.620
4482;47.30352;8.740661;665.6;49.1;15:26:45.120
4483;47.303507;8.740747;666.3;45;15:26:45.620
4484;47.303514;8.740837;666.9;45;15:26:46.120
4485;47.303532;8.740914;667.6;45.1;15:26:46.620
4486;47.303552;8.740963;668.2;43.7;15:26:47.120
4487;47.303565;8.740991;668.4;43.7;15:26:47.620
4488;47.303595;8.740993;668;42.5;15:26:48.120
4489;47.30365;8.740976;667.1;42.9;15:26:48.620
4490;47.303736;8.740934;666.3;51.7;15:26:49.120
4491;47.303804;8.740877;666.1;51.7;15:26:49.620
4492;47.303839;8.740806;666.4;52.7;15:26:50.120
4493;47.303838;8.740729;667.2;52.7;15:26:50.620
4494;47.30382;8.740653;668.1;48.8;15:26:51.120
4495;47.303781;8.740574;669;46.4;15:26:51.620
4496;47.303731;8.740507;669.9;45.3;15:26:52.120
4497;47.303673;8.740458;670.6;46;15:26:52.620
4498;47.30362;8.740437;671.2;49.2;15:26:53.120
4499;47.30356;8.74044;671.8;49;15:26:53.620
4500;47.303506;8.740464;672.2;48.5;15:26:54.120
4501;47.303461;8.740518;672.6;48.5;15:26:54.620
4502;47.303433;8.740582;673;50.5;15:26:55.120
4503;47.303411;8.740642;673.7;47.6;15:26:55.620
4504;47.303391;8.740698;674.5;43.4;15:26:56.120
4505;47.303381;8.740767;675.2;41.4;15:26:56.620
4506;47.30338;8.740857;675.5;41.4;15:26:57.120
4507;47.303403;8.74093;675.6;39.9;15:26:57.620
4508;47.303445;8.740974;675.4;40.9;15:26:58.120
4509;47.303506;8.740982;675.2;42.4;15:26:58.620
4510;47.303564;8.740967;675;43.8;15:26:59.120
4511;47.303605;8.740928;674.8;46.7;15:26:59.620
4512;47.303629;8.740871;674.8;47.8;15:27:00.120
4513;47.30364;8.740806;675.2;47.7;15:27:00.620
4514;47.30364;8.740729;676;44.6;15:27:01.120
4515;47.303623;8.740654;676.9;45.1;15:27:01.620
4516;47.303585;8.740587;677.6;45.4;15:27:02.120
4517;47.303538;8.740547;678;45.4;15:27:02.620
4518;47.303484;8.740524;677.9;46.3;15:27:03.120
4519;47.30343;8.740526;677.5;46.3;15:27:03.620
4520;47.303365;8.740546;677;53.2;15:27:04.120
4521;47.303302;8.740591;676.7;52;15:27:04.620
4522;47.303251;8.740647;676.9;48.4;15:27:05.120
4523;47.303224;8.740724;677.3;46;15:27:05.620
4524;47.303216;8.740803;677.5;44.8;15:27:06.120
4525;47.303225;8.74087;677.4;44;15:27:06.620
4526;47.303244;8.740922;677.2;43.7;15:27:07.120
4527;47.303265;8.740973;676.9;42.5;15:27:07.620
4528;47.303295;8.741034;676.8;42.6;15:27:08.120
4529;47.303339;8.74108;676.8;43.1;15:27:08.620
4530;47.303401;8.741102;676.9;42.8;15:27:09.120
4531;47.303461;8.741095;677.3;41.3;15:27:09.620
4532;47.30351;8.74107;677.9;41;15:27:10.120
4533;47.303557;8.741038;678.5;40.1;15:27:10.620
4534;47.303609;8.741001;679.1;39.5;15:27:11.120
4535;47.30366;8.740965;679.5;39.5;15:27:11.620
4536;47.303702;8.740915;679.4;40.8;15:27:12.120
4537;47.30373;8.740858;679.2;43.2;15:27:12.620
4538;47.303751;8.740793;679.3;45.2;15:27:13.120
4539;47.303761;8.740732;679.6;45.3;15:27:13.620
4540;47.303776;8.740657;680.4;44.3;15:27:14.120
4541;47.303798;8.740568;681.1;44.6;15:27:14.620
4542;47.303833;8.740474;681.6;42.8;15:27:15.120
4543;47.303861;8.740386;682.1;42.5;15:27:15.620
4544;47.303878;8.740313;682.6;43.1;15:27:16.120
4545;47.303882;8.740233;683.5;43.1;15:27:16.620
4546;47.303882;8.740159;684.4;39.7;15:27:17.120
4547;47.303876;8.740084;685.2;38.3;15:27:17.620
4548;47.303866;8.740018;685.5;38.9;15:27:18.120
4549;47.303852;8.739939;685.4;41.5;15:27:18.620
4550;47.30383;8.739863;685.1;44.9;15:27:19.120
4551;47.303796;8.7398;685;48.7;15:27:19.620
4552;47.303754;8.739752;685.4;49;15:27:20.120
4553;47.303713;8.739697;686.3;46.9;15:27:20.620
4554;47.303676;8.739616;687.1;46.2;15:27:21.120
4555;47.30363;8.739537;687.7;45.9;15:27:21.620
4556;47.303573;8.739472;687.8;46.2;15:27:22.120
4557;47.303512;8.739429;687.8;47.9;15:27:22.620
4558;47.303456;8.739384;687.7;50.6;15:27:23.120
4559;47.303408;8.739339;688.1;51.1;15:27:23.620
4560;47.303349;8.739299;688.8;47.2;15:27:24.120
4561;47.303288;8.739275;689.9;45.1;15:27:24.620
4562;47.303226;8.73926;690.9;43.7;15:27:25.120
4563;47.303183;8.739254;691.8;43.5;15:27:25.620
4564;47.303153;8.739253;691.9;42.2;15:27:26.120
4565;47.303116;8.73926;691.5;42.5;15:27:26.620
4566;47.303062;8.739275;690.6;44.1;15:27:27.120
4567;47.302985;8.739303;689.7;43.5;15:27:27.620
4568;47.302921;8.739337;688.7;41;15:27:28.120
4569;47.302864;8.739379;687.4;40.6;15:27:28.620
4570;47.302826;8.739424;685.9;41.6;15:27:29.120
4571;47.302789;8.739488;684.1;42.3;15:27:29.620
4572;47.302761;8.739557;682.4;45.2;15:27:30.120
4573;47.302737;8.739629;680.9;46.9;15:27:30.620
4574;47.302714;8.739699;679.8;46.3;15:27:31.120
4575;47.302696;8.739788;678.9;46.2;15:27:31.620
4576;47.302685;8.739881;678;46.1;15:27:32.120
4577;47.302683;8.739959;677;46.1;15:27:32.620
4578;47.302683;8.740022;676.2;46.3;15:27:33.120
4579;47.302687;8.740097;675.5;47.2;15:27:33.620
4580;47.30269;8.7402;674.9;46.8;15:27:34.120
4581;47.302695;8.740294;674.4;44.8;15:27:34.620
4582;47.302703;8.740372;673.8;44.7;15:27:35.120
4583;47.302713;8.740444;673.1;45.5;15:27:35.620
4584;47.302725;8.740549;672.5;45.3;15:27:36.120
4585;47.30274;8.740656;672;45.3;15:27:36.620
4586;47.302763;8.740751;671.6;45.1;15:27:37.120
4587;47.3028;8.740816;671;45.1;15:27:37.620
4588;47.302844;8.740877;670.5;44.4;15:27:38.120
4589;47.302891;8.740934;669.8;44.4;15:27:38.620
4590;47.302927;8.740985;669;44.2;15:27:39.120
4591;47.302973;8.741021;668.1;44.5;15:27:39.620
4592;47.303018;8.741042;667.4;44.9;15:27:40.120
4593;47.303082;8.741052;666.7;47.2;15:27:40.620
4594;47.303144;8.741053;666.3;48.4;15:27:41.120
4595;47.303219;8.741044;666.2;49.2;15:27:41.620
4596;47.303284;8.741027;666.3;49.6;15:27:42.120
4597;47.303344;8.741;666.6;49.3;15:27:42.620
4598;47.303395;8.74097;667.1;48;15:27:43.120
4599;47.303454;8.740941;667.5;47.7;15:27:43.620
4600;47.303526;8.740916;667.8;47.7;15:27:44.120
4601;47.303596;8.740887;668.2;47.9;15:27:44.620
4602;47.303655;8.740856;668.7;48;15:27:45.120
4603;47.303701;8.740828;669.7;48.3;15:27:45.620
4604;47.303753;8.740806;671.1;46.1;15:27:46.120
4605;47.303806;8.740783;672.7;40;15:27:46.620
4606;47.303857;8.740755;674.1;35;15:27:47.120
4607;47.303896;8.74073;674.9;33.2;15:27:47.620
4608;47.303937;8.740709;675.3;31.1;15:27:48.120
4609;47.303976;8.740687;675.1;31.1;15:27:48.620
4610;47.304018;8.740652;674.6;35.8;15:27:49.120
4611;47.304059;8.740612;674.1;37.5;15:27:49.620
4612;47.304109;8.740574;673.7;41.5;15:27:50.120
4613;47.304164;8.74054;673.8;41.4;15:27:50.620
4614;47.304215;8.740505;674;41.5;15:27:51.120
4615;47.304259;8.740461;674.5;41;15:27:51.620
4616;47.304291;8.740418;675;39;15:27:52.120
4617;47.304319;8.740376;675.2;37.2;15:27:52.620
4618;47.304333;8.74034;675;37;15:27:53.120
4619;47.304357;8.740295;674.4;38.5;15:27:53.620
4620;47.304397;8.74025;673.6;40.3;15:27:54.120
4621;47.304466;8.740211;673;44.5;15:27:54.620
4622;47.304534;8.740192;672.8;44.5;15:27:55.120
4623;47.30459;8.740154;673;44.4;15:27:55.620
4624;47.304624;8.740083;673.4;42.7;15:27:56.120
4625;47.304646;8.739972;673.6;41.4;15:27:56.620
4626;47.304664;8.739871;673.7;41.3;15:27:57.120
4627;47.304679;8.73979;673.6;40;15:27:57.620
4628;47.304692;8.73973;673.5;40.4;15:27:58.120
4629;47.304699;8.739679;673.3;41.4;15:27:58.620
4630;47.304701;8.739623;673.1;41.6;15:27:59.120
4631;47.3047;8.739553;672.9;40.9;15:27:59.620
4632;47.304696;8.739458;672.5;41.6;15:28:00.120
4633;47.304688;8.739376;672;41.8;15:28:00.620
4634;47.304675;8.739305;671.4;42.8;15:28:01.120
4635;47.304659;8.739233;670.8;43.4;15:28:01.620
4636;47.304641;8.739122;670.1;45.8;15:28:02.120
4637;47.304624;8.739002;669.5;47.4;15:28:02.620
4638;47.304606;8.738894;669;48.4;15:28:03.120
4639;47.304583;8.738812;668.7;49.1;15:28:03.620
4640;47.304562;8.738736;668.6;49.3;15:28:04.120
4641;47.304541;8.738645;668.5;49.2;15:28:04.620
4642;47.304526;8.738549;668.3;49.3;15:28:05.120
4643;47.304504;8.738458;668.2;50.3;15:28:05.620
4644;47.304475;8.738385;668.3;49.1;15:28:06.120
4645;47.304436;8.738307;668.6;45.5;15:28:06.620
4646;47.3044;8.738221;669;45.1;15:28:07.120
4647;47.304365;8.738138;669.3;43.9;15:28:07.620
4648;47.304326;8.738071;669.1;44.3;15:28:08.120
4649;47.304284;8.738018;668.9;44.9;15:28:08.620
4650;47.304241;8.737957;669;46.2;15:28:09.120
4651;47.304206;8.737895;669.5;45.6;15:28:09.620
4652;47.304165;8.737833;670.3;41.1;15:28:10.120
4653;47.304122;8.737784;671;40.4;15:28:10.620
4654;47.304078;8.737732;671.3;40.9;15:28:11.120
4655;47.304041;8.737673;671.1;41.7;15:28:11.620
4656;47.304006;8.737608;670.6;45.6;15:28:12.120
4657;47.303966;8.737545;670.4;47;15:28:12.620
4658;47.303925;8.737498;670.5;49.1;15:28:13.120
4659;47.303875;8.737444;671;48.7;15:28:13.620
4660;47.303829;8.737392;671.5;47.2;15:28:14.120
4661;47.303776;8.737319;671.8;47.4;15:28:14.620
4662;47.303732;8.73725;671.9;48.3;15:28:15.120
4663;47.30369;8.737168;672.3;49.2;15:28:15.620
4664;47.303656;8.737098;672.9;47.3;15:28:16.120
4665;47.303615;8.737032;673.5;44;15:28:16.620
4666;47.303567;8.73698;673.7;43;15:28:17.120
4667;47.30352;8.736923;673.4;43.3;15:28:17.620
4668;47.303484;8.736869;672.9;43.8;15:28:18.120
4669;47.303449;8.736826;672.2;43.9;15:28:18.620
4670;47.303401;8.736806;671.3;44.1;15:28:19.120
4671;47.303333;8.736798;669.8;44.5;15:28:19.620
4672;47.303266;8.736796;668.2;45.7;15:28:20.120
4673;47.303209;8.736795;666.8;47;15:28:20.620
4674;47.303153;8.736807;665.8;47;15:28:21.120
4675;47.303096;8.736832;665.2;47;15:28:21.620
4676;47.303038;8.736882;664.4;48;15:28:22.120
4677;47.302993;8.736941;663.6;48;15:28:22.620
4678;47.302952;8.737009;662.5;50.3;15:28:23.120
4679;47.302921;8.737072;661.4;50;15:28:23.620
4680;47.302891;8.737147;660.3;49.8;15:28:24.120
4681;47.302858;8.737231;659.3;49.3;15:28:24.620
4682;47.30281;8.737315;658.3;49.6;15:28:25.120
4683;47.302759;8.737392;657.4;49;15:28:25.620
4684;47.302714;8.737451;656.6;48.5;15:28:26.120
4685;47.302685;8.737521;655.9;48.2;15:28:26.620
4686;47.302659;8.737586;655.3;47.6;15:28:27.120
4687;47.302624;8.737666;654.6;47.6;15:28:27.620
4688;47.302577;8.737737;653.8;48;15:28:28.120
4689;47.302533;8.737824;653.1;48.4;15:28:28.620
4690;47.3025;8.737922;652.3;48.8;15:28:29.120
4691;47.302475;8.73802;651.4;49.9;15:28:29.620
4692;47.302456;8.738108;650.2;50.4;15:28:30.120
4693;47.302443;8.738189;649.2;51.1;15:28:30.620
4694;47.302442;8.738286;648.2;51.9;15:28:31.120
4695;47.302449;8.738384;647.8;51.1;15:28:31.620
4696;47.302474;8.738462;647.7;48.1;15:28:32.120
4697;47.30251;8.7385;647.8;46;15:28:32.620
4698;47.302564;8.73851;647.7;44.3;15:28:33.120
4699;47.302617;8.73851;647.4;43.9;15:28:33.620
4700;47.302677;8.738518;646.7;44;15:28:34.120
4701;47.30273;8.738526;646;44;15:28:34.620
4702;47.302779;8.738535;645;44.8;15:28:35.120
4703;47.30281;8.738527;643.9;44.8;15:28:35.620
4704;47.302832;8.738493;642.3;45.2;15:28:36.120
4705;47.302831;8.738424;639.7;44.8;15:28:36.620
4706;47.302814;8.738328;636.2;47.5;15:28:37.120
4707;47.302768;8.738252;632.4;51.6;15:28:37.620
4708;47.302708;8.738213;629.3;58.9;15:28:38.120
4709;47.302623;8.738214;627;63.7;15:28:38.620
4710;47.302542;8.738239;625.4;64.6;15:28:39.120
4711;47.302467;8.738288;624;65.2;15:28:39.620
4712;47.302416;8.738371;623;65;15:28:40.120
4713;47.302358;8.738458;622.5;63.4;15:28:40.620
4714;47.302294;8.738538;622.9;61.7;15:28:41.120
4715;47.302215;8.738604;623.6;61.2;15:28:41.620
4716;47.302154;8.738683;624.7;54.3;15:28:42.120
4717;47.302105;8.738761;626;48.4;15:28:42.620
4718;47.302067;8.738834;627.5;45.2;15:28:43.120
4719;47.302029;8.73889;628.6;41.2;15:28:43.620
4720;47.301995;8.738952;629.4;38.8;15:28:44.120
4721;47.30197;8.739015;629.7;38.2;15:28:44.620
4722;47.301942;8.739073;629.5;38.6;15:28:45.120
4723;47.301913;8.739102;628.8;39.6;15:28:45.620
4724;47.301881;8.73914;627.6;41.3;15:28:46.120
4725;47.301853;8.739208;626.2;42.9;15:28:46.620
4726;47.301819;8.739316;624.5;48.5;15:28:47.120
4727;47.301778;8.739423;623.3;48.5;15:28:47.620
4728;47.301734;8.739509;622.6;50.3;15:28:48.120
4729;47.301693;8.739584;622.7;49;15:28:48.620
4730;47.30166;8.739654;623.3;46.5;15:28:49.120
4731;47.301626;8.739722;623.9;44.9;15:28:49.620
4732;47.301595;8.73978;624.2;42.3;15:28:50.120
4733;47.301566;8.739848;624.2;40.4;15:28:50.620
4734;47.301544;8.739919;624;39.4;15:28:51.120
4735;47.301518;8.739978;623.5;39.3;15:28:51.620
4736;47.301489;8.740026;622.5;40;15:28:52.120
4737;47.301459;8.740085;621;41.5;15:28:52.620
4738;47.301433;8.740179;619.1;43.5;15:28:53.120
4739;47.301408;8.740279;616.9;47.1;15:28:53.620
4740;47.301372;8.740368;614.8;49.5;15:28:54.120
4741;47.301331;8.740436;613;52.9;15:28:54.620
4742;47.301289;8.740517;611.2;55.1;15:28:55.120
4743;47.301251;8.7406;610;55.6;15:28:55.620
4744;47.301205;8.740687;608.9;55.5;15:28:56.120
4745;47.301157;8.740758;608.5;53.4;15:28:56.620
4746;47.301108;8.740834;608.2;51.5;15:28:57.120
4747;47.301069;8.740919;608.1;51;15:28:57.620
4748;47.301028;8.741005;607.9;48.7;15:28:58.120
4749;47.300984;8.741073;607.6;48.4;15:28:58.620
4750;47.30094;8.741127;606.9;48.2;15:28:59.120
4751;47.300898;8.741188;605.8;47.9;15:28:59.620
4752;47.300861;8.741264;604.6;48.8;15:29:00.120
4753;47.300817;8.741345;602.9;48.8;15:29:00.620
4754;47.300776;8.741424;601;51;15:29:01.120
4755;47.300736;8.741511;598.6;55.2;15:29:01.620
4756;47.300701;8.741598;595.9;55.2;15:29:02.120
4757;47.300663;8.741686;593.1;59.6;15:29:02.620
4758;47.300619;8.74177;590.4;61.9;15:29:03.120
4759;47.300576;8.74188;587.9;65.3;15:29:03.620
4760;47.300529;8.742016;585.9;67.4;15:29:04.120
4761;47.300488;8.74215;584.4;70.1;15:29:04.620
4762;47.300443;8.742269;583.6;71.1;15:29:05.120
4763;47.300403;8.742375;583;71.3;15:29:05.620
4764;47.300368;8.742505;582.9;71;15:29:06.120
4765;47.30034;8.74264;583.2;69.4;15:29:06.620
4766;47.300309;8.742767;583.8;67.3;15:29:07.120
4767;47.300276;8.742869;584.6;65.7;15:29:07.620
4768;47.300241;8.742976;585.7;63.1;15:29:08.120
4769;47.300211;8.74308;586.5;61.5;15:29:08.620
4770;47.300178;8.743185;587.4;60.8;15:29:09.120
4771;47.300137;8.743275;588;60.8;15:29:09.620
4772;47.300093;8.743377;588.5;56.7;15:29:10.120
4773;47.300056;8.743483;588.8;56.3;15:29:10.620
4774;47.300027;8.743583;589.2;54.7;15:29:11.120
4775;47.299995;8.743654;589.3;54.4;15:29:11.620
4776;47.299954;8.743718;589.2;54.4;15:29:12.120
4777;47.299912;8.743787;588.8;55.2;15:29:12.620
4778;47.299875;8.743872;588.2;55.4;15:29:13.120
4779;47.299839;8.743956;587.4;57.3;15:29:13.620
4780;47.299806;8.744058;586.4;58.7;15:29:14.120
4781;47.299775;8.744191;585.4;61;15:29:14.620
4782;47.299748;8.744347;584.5;61;15:29:15.120
4783;47.299715;8.744486;583.5;64;15:29:15.620
4784;47.299675;8.744595;582.7;64.1;15:29:16.120
4785;47.299633;8.744686;582.1;65.2;15:29:16.620
4786;47.299596;8.744776;581.7;65.3;15:29:17.120
4787;47.299565;8.744852;581.5;65.3;15:29:17.620
4788;47.299528;8.744933;581.6;64.2;15:29:18.120
4789;47.299491;8.745032;581.8;63.6;15:29:18.620
4790;47.299453;8.745181;582.1;62.4;15:29:19.120
4791;47.299422;8.745323;582.3;61.7;15:29:19.620
4792;47.29939;8.745449;582.4;60.5;15:29:20.120
4793;47.299359;8.745543;582.6;60.5;15:29:20.620
4794;47.299327;8.745654;582.7;58.5;15:29:21.120
4795;47.299298;8.745775;582.7;58.2;15:29:21.620
4796;47.299261;8.745895;582.6;57.9;15:29:22.120
4797;47.299219;8.745999;582.3;57.5;15:29:22.620
4798;47.299177;8.746086;582;57.9;15:29:23.120
4799;47.299141;8.746182;581.8;58.2;15:29:23.620
4800;47.299113;8.746275;582;57.7;15:29:24.120
4801;47.299086;8.746356;582.6;54.7;15:29:24.620
4802;47.299064;8.746426;583.5;52.9;15:29:25.120
4803;47.299046;8.746511;584.4;49.9;15:29:25.620
4804;47.299035;8.746623;585.3;48;15:29:26.120
4805;47.299027;8.746729;586.2;46.8;15:29:26.620
4806;47.299023;8.746818;586.9;46.1;15:29:27.120
4807;47.299025;8.746902;587.6;45.2;15:29:27.620
4808;47.299033;8.746999;588.2;45.2;15:29:28.120
4809;47.299048;8.747097;588.7;45.1;15:29:28.620
4810;47.299075;8.747176;589.2;45.5;15:29:29.120
4811;47.29911;8.747235;589.7;45.2;15:29:29.620
4812;47.299152;8.747286;590.2;46.1;15:29:30.120
4813;47.299191;8.747327;590.5;45.6;15:29:30.620
4814;47.299239;8.747366;590.6;45.8;15:29:31.120
4815;47.299287;8.747407;590.7;45.6;15:29:31.620
4816;47.299338;8.747462;590.8;44.3;15:29:32.120
4817;47.299388;8.747507;590.8;44.2;15:29:32.620
4818;47.299451;8.747536;590.6;45.1;15:29:33.120
4819;47.29952;8.747542;590.3;46.2;15:29:33.620
4820;47.299586;8.747535;590;46.2;15:29:34.120
4821;47.299644;8.747521;589.8;46.8;15:29:34.620
4822;47.299695;8.747499;589.7;46.5;15:29:35.120
4823;47.299747;8.747471;589.5;47;15:29:35.620
4824;47.299796;8.747436;589.1;48.9;15:29:36.120
4825;47.299835;8.747383;588.5;50.3;15:29:36.620
4826;47.299878;8.747319;588.1;52.4;15:29:37.120
4827;47.299925;8.747247;587.9;54.4;15:29:37.620
4828;47.299988;8.74718;588.1;53.2;15:29:38.120
4829;47.300037;8.747096;588.4;52.2;15:29:38.620
4830;47.300071;8.746981;588.7;51.8;15:29:39.120
4831;47.300088;8.746861;588.9;51.5;15:29:39.620
4832;47.300104;8.746754;588.8;51.5;15:29:40.120
4833;47.300123;8.746672;588.7;52;15:29:40.620
4834;47.300136;8.746593;588.6;52;15:29:41.120
4835;47.300143;8.746508;588.4;52.5;15:29:41.620
4836;47.300139;8.746419;588.2;52.7;15:29:42.120
4837;47.300127;8.746311;587.9;54;15:29:42.620
4838;47.300106;8.746197;587.7;53.6;15:29:43.120
4839;47.30008;8.746078;587.6;52.7;15:29:43.620
4840;47.300048;8.745982;587.5;51.4;15:29:44.120
4841;47.300002;8.745909;587.3;51.6;15:29:44.620
4842;47.299949;8.745869;586.9;51;15:29:45.120
4843;47.299889;8.745851;586.5;51.4;15:29:45.620
4844;47.299836;8.745856;586.4;52.3;15:29:46.120
4845;47.299779;8.745883;586.4;52.3;15:29:46.620
4846;47.299732;8.745945;586.6;52.3;15:29:47.120
4847;47.299696;8.746034;586.7;47.5;15:29:47.620
4848;47.299678;8.746126;586.6;47.1;15:29:48.120
4849;47.299669;8.74621;586.4;47.1;15:29:48.620
4850;47.29967;8.746269;586.3;45.7;15:29:49.120
4851;47.299677;8.746342;586.2;45.7;15:29:49.620
4852;47.299694;8.746417;586.3;44.4;15:29:50.120
4853;47.299714;8.746504;586.3;43.6;15:29:50.620
4854;47.29974;8.746555;586.4;43.8;15:29:51.120
4855;47.299768;8.746612;586.5;43.2;15:29:51.620
4856;47.299797;8.746685;586.4;43.1;15:29:52.120
4857;47.299824;8.746799;586.3;43.4;15:29:52.620
4858;47.299851;8.7469;586.2;44.4;15:29:53.120
4859;47.299882;8.746968;586;44.4;15:29:53.620
4860;47.299911;8.747021;585.8;44.4;15:29:54.120
4861;47.299949;8.747074;585.7;47.2;15:29:54.620
4862;47.299992;8.747147;585.8;47.5;15:29:55.120
4863;47.300054;8.747211;585.9;47.2;15:29:55.620
4864;47.300112;8.747277;586.3;46;15:29:56.120
4865;47.300169;8.747329;586.9;45.5;15:29:56.620
4866;47.300213;8.74737;587.7;41.2;15:29:57.120
4867;47.300255;8.747404;588.4;40.3;15:29:57.620
4868;47.300287;8.747424;588.7;39.5;15:29:58.120
4869;47.300321;8.747436;588.4;40.3;15:29:58.620
4870;47.300366;8.747435;588.2;43;15:29:59.120
4871;47.300436;8.747424;588.3;43;15:29:59.620
4872;47.300508;8.747403;588.9;44;15:30:00.120
4873;47.300567;8.747369;589.6;40.6;15:30:00.620
4874;47.300608;8.74733;590.2;40.6;15:30:01.120
4875;47.300652;8.74729;590.3;40;15:30:01.620
4876;47.300704;8.747252;589.8;41.8;15:30:02.120
4877;47.300758;8.747203;589;44;15:30:02.620
4878;47.300799;8.747141;588.2;45.9;15:30:03.120
4879;47.300832;8.747075;587.6;47.3;15:30:03.620
4880;47.300864;8.747024;587.5;46.9;15:30:04.120
4881;47.300902;8.746983;587.8;45.7;15:30:04.620
4882;47.300941;8.746934;588.3;45;15:30:05.120
4883;47.300986;8.746868;588.7;43.3;15:30:05.620
4884;47.301041;8.746798;589;40.7;15:30:06.120
4885;47.301091;8.746739;588.8;40.7;15:30:06.620
4886;47.301133;8.746679;588.4;41.1;15:30:07.120
4887;47.30116;8.746619;587.8;41.5;15:30:07.620
4888;47.301186;8.746553;587.1;42;15:30:08.120
4889;47.301205;8.746487;586.5;42;15:30:08.620
4890;47.301218;8.746402;586;42.7;15:30:09.120
4891;47.30122;8.746308;585.3;43.5;15:30:09.620
4892;47.301212;8.746216;584.5;44.4;15:30:10.120
4893;47.301196;8.746139;583.8;46.5;15:30:10.620
4894;47.30118;8.746071;583.4;46.9;15:30:11.120
4895;47.301161;8.746003;583.4;43.1;15:30:11.620
4896;47.301136;8.745943;583.6;42.3;15:30:12.120
4897;47.301101;8.745889;583.6;42.3;15:30:12.620
4898;47.301069;8.745833;583.4;40.7;15:30:13.120
4899;47.301042;8.745752;582.8;41;15:30:13.620
4900;47.301014;8.745656;581.9;43.3;15:30:14.120
4901;47.300972;8.745563;580.7;46.2;15:30:14.620
4902;47.300926;8.745499;579.6;47;15:30:15.120
4903;47.300882;8.745442;578.8;50.2;15:30:15.620
4904;47.30085;8.745369;578;51.5;15:30:16.120
4905;47.300823;8.745267;577.5;52.3;15:30:16.620
4906;47.300793;8.745173;577;52.8;15:30:17.120
4907;47.300763;8.745117;576.7;53;15:30:17.620
4908;47.300731;8.745064;576.6;53.5;15:30:18.120
4909;47.300703;8.744975;576.6;53.5;15:30:18.620
4910;47.300668;8.744834;576.5;53.4;15:30:19.120
4911;47.300628;8.744703;576.5;53.1;15:30:19.620
4912;47.300587;8.744604;576.5;52.4;15:30:20.120
4913;47.300546;8.744531;576.5;51.7;15:30:20.620
4914;47.300504;8.744469;576.5;50.7;15:30:21.120
4915;47.300447;8.744414;576.3;49.9;15:30:21.620
4916;47.300389;8.744379;576;49.7;15:30:22.120
4917;47.30033;8.744356;575.7;48.7;15:30:22.620
4918;47.300277;8.744347;575.3;48.5;15:30:23.120
4919;47.300221;8.744353;574.7;49.4;15:30:23.620
4920;47.300171;8.744377;573.7;50.2;15:30:24.120
4921;47.300126;8.744429;572.3;53.1;15:30:24.620
4922;47.30008;8.744508;570.8;54.9;15:30:25.120
4923;47.300015;8.744599;569.6;54.9;15:30:25.620
4924;47.299944;8.744686;569;60.4;15:30:26.120
4925;47.29988;8.744761;569.2;58.2;15:30:26.620
4926;47.299834;8.744848;570;57.6;15:30:27.120
4927;47.299799;8.744939;571;54;15:30:27.620
4928;47.299766;8.745022;571.8;53.2;15:30:28.120
4929;47.299735;8.745089;572.3;50.2;15:30:28.620
4930;47.299709;8.745164;572.4;49;15:30:29.120
4931;47.299694;8.745259;572.3;48.4;15:30:29.620
4932;47.299683;8.745343;571.9;48.6;15:30:30.120
4933;47.299673;8.745391;571.3;48.7;15:30:30.620
4934;47.299666;8.745443;570.9;49.3;15:30:31.120
4935;47.299672;8.745534;570.6;49.3;15:30:31.620
4936;47.299693;8.745675;570.5;48.1;15:30:32.120
4937;47.299729;8.745797;570.5;48.1;15:30:32.620
4938;47.29976;8.745889;570.5;45.2;15:30:33.120
4939;47.29979;8.745956;570.4;44.7;15:30:33.620
4940;47.299828;8.746016;570.2;45.6;15:30:34.120
4941;47.299889;8.746068;570.1;46.2;15:30:34.620
4942;47.299962;8.746103;570.2;45.5;15:30:35.120
4943;47.300029;8.746135;570.5;43.9;15:30:35.620
4944;47.300083;8.74616;570.9;42.8;15:30:36.120
4945;47.300121;8.746177;571.3;43.3;15:30:36.620
4946;47.300168;8.74618;571.4;43.9;15:30:37.120
4947;47.300217;8.746166;571.4;44.4;15:30:37.620
4948;47.300281;8.746133;571.4;43.8;15:30:38.120
4949;47.300335;8.74609;571.3;43.8;15:30:38.620
4950;47.300393;8.746045;570.9;44.3;15:30:39.120
4951;47.300442;8.746002;570;47.4;15:30:39.620
4952;47.300495;8.74595;568.9;49.4;15:30:40.120
4953;47.300539;8.745894;568.1;51.2;15:30:40.620
4954;47.300588;8.745833;568;51.1;15:30:41.120
4955;47.300635;8.745776;568.4;49.9;15:30:41.620
4956;47.300674;8.745708;569.2;44.6;15:30:42.120
4957;47.300706;8.745646;570;43.6;15:30:42.620
4958;47.300741;8.745596;570.4;42.2;15:30:43.120
4959;47.300792;8.745573;570.2;42.1;15:30:43.620
4960;47.300841;8.745536;569.4;43.8;15:30:44.120
4961;47.300884;8.745468;568.4;46.9;15:30:44.620
4962;47.300918;8.745361;567.4;48.3;15:30:45.120
4963;47.300959;8.745261;566.8;49.1;15:30:45.620
4964;47.300998;8.74518;566.5;49.1;15:30:46.120
4965;47.301034;8.745105;566.3;47.4;15:30:46.620
4966;47.301062;8.745017;565.9;47.4;15:30:47.120
4967;47.301094;8.744926;565.3;47.3;15:30:47.620
4968;47.301133;8.744849;564.4;47.1;15:30:48.120
4969;47.301175;8.744785;563.4;47.4;15:30:48.620
4970;47.301212;8.744712;562.2;46.5;15:30:49.120
4971;47.301238;8.744636;561.1;46.6;15:30:49.620
4972;47.301266;8.744557;560.1;45.9;15:30:50.120
4973;47.301293;8.7445;559.2;45.6;15:30:50.620
4974;47.301329;8.744436;558.3;45.3;15:30:51.120
4975;47.301359;8.744375;557.3;45.4;15:30:51.620
4976;47.301391;8.744289;556.3;45.4;15:30:52.120
4977;47.301424;8.74421;555.3;45.6;15:30:52.620
4978;47.301459;8.744118;554.2;45.8;15:30:53.120
4979;47.301491;8.744026;553.2;45.6;15:30:53.620
4980;47.301517;8.743935;552.1;44.9;15:30:54.120
4981;47.301545;8.743854;551.3;45.1;15:30:54.620
4982;47.301573;8.743787;550.4;46;15:30:55.120
4983;47.301604;8.743724;549.7;45.8;15:30:55.620
4984;47.301634;8.743676;548.8;45.4;15:30:56.120
4985;47.301674;8.74363;547.8;45.5;15:30:56.620
4986;47.301716;8.743574;546.6;45.5;15:30:57.120
4987;47.301758;8.743491;545.3;46.1;15:30:57.620
4988;47.301793;8.743404;544;47;15:30:58.120
4989;47.301833;8.743329;542.7;46.9;15:30:58.620
4990;47.301882;8.743271;541.2;47.2;15:30:59.120
4991;47.301932;8.743202;539.8;48.9;15:30:59.620
4992;47.301974;8.743118;538.2;48.9;15:31:00.120
4993;47.30201;8.743029;536.9;51.3;15:31:00.620
4994;47.302053;8.74295;535.5;53.3;15:31:01.120
4995;47.3021;8.742883;534.5;53.3;15:31:01.620
4996;47.302148;8.742804;533.8;55;15:31:02.120
4997;47.302183;8.74271;533.5;54.2;15:31:02.620
4998;47.30222;8.742613;533.4;52.3;15:31:03.120
4999;47.302255;8.742532;533.4;51.8;15:31:03.620
5000;47.302303;8.742469;533.4;50.8;15:31:04.120
5001;47.302348;8.742405;533.1;50.8;15:31:04.620
5002;47.302402;8.742343;532.5;48.7;15:31:05.120
5003;47.302458;8.74228;531.5;48.9;15:31:05.620
5004;47.302512;8.742224;530.5;49.2;15:31:06.120
5005;47.302561;8.742156;529.6;50.1;15:31:06.620
5006;47.302603;8.742089;528.8;50.5;15:31:07.120
5007;47.30265;8.742021;527.7;51.5;15:31:07.620
5008;47.302694;8.741957;526.4;51.6;15:31:08.120
5009;47.302736;8.741886;524.8;52.5;15:31:08.620
5010;47.30277;8.74182;523.3;54;15:31:09.120
5011;47.302804;8.74178;522.1;57.4;15:31:09.620
5012;47.302844;8.741727;521.2;56.8;15:31:10.120
5013;47.302882;8.741633;520.6;57.7;15:31:10.620
5014;47.302922;8.741469;520.3;57.7;15:31:11.120
5015;47.302954;8.741312;520.2;57.2;15:31:11.620
5016;47.302988;8.741185;520.3;56.3;15:31:12.120
5017;47.303018;8.741101;520.4;54.9;15:31:12.620
5018;47.303045;8.741006;520.7;54.9;15:31:13.120
5019;47.303067;8.740909;521.1;51.2;15:31:13.620
5020;47.303088;8.74081;521.5;49.5;15:31:14.120
5021;47.303113;8.740729;521.8;48.5;15:31:14.620
5022;47.303138;8.740655;521.7;47.4;15:31:15.120
5023;47.30316;8.740571;521.4;47.5;15:31:15.620
5024;47.303178;8.740484;520.8;47.7;15:31:16.120
5025;47.303197;8.740394;520;47.3;15:31:16.620
5026;47.303222;8.740318;519.1;46.9;15:31:17.120
5027;47.303249;8.740235;518.3;46.9;15:31:17.620
5028;47.303276;8.740143;517.6;49.4;15:31:18.120
5029;47.303306;8.740049;517;48.9;15:31:18.620
5030;47.303336;8.739963;516.3;48.2;15:31:19.120
5031;47.303366;8.739878;515.4;48.6;15:31:19.620
5032;47.303397;8.739797;514.5;49.7;15:31:20.120
5033;47.303434;8.739732;513.8;51.4;15:31:20.620
5034;47.30347;8.739701;513.4;51.7;15:31:21.120
5035;47.303507;8.739691;513;51.6;15:31:21.620
5036;47.303553;8.739662;512.5;52.1;15:31:22.120
5037;47.303626;8.739603;512;52.3;15:31:22.620
5038;47.303714;8.739511;511.6;52.6;15:31:23.120
5039;47.303799;8.739446;511.4;52.6;15:31:23.620
5040;47.303867;8.739406;511.6;52.9;15:31:24.120
5041;47.303925;8.739398;511.9;52.2;15:31:24.620
5042;47.303991;8.739397;512.2;51.7;15:31:25.120
5043;47.30406;8.739405;512.4;51.7;15:31:25.620
5044;47.304131;8.739423;512.6;52.5;15:31:26.120
5045;47.304188;8.739447;512.8;52.4;15:31:26.620
5046;47.304251;8.739479;513;53.5;15:31:27.120
5047;47.304316;8.739518;513.4;53.4;15:31:27.620
5048;47.30438;8.739566;513.8;52.2;15:31:28.120
5049;47.304426;8.739608;513.9;51.8;15:31:28.620
5050;47.304463;8.739633;513.6;50.8;15:31:29.120
5051;47.304503;8.739675;513.1;51.9;15:31:29.620
5052;47.304554;8.739755;512.6;51.9;15:31:30.120
5053;47.304599;8.739893;512.2;52.9;15:31:30.620
5054;47.304632;8.740022;512;52.9;15:31:31.120
5055;47.304654;8.740132;511.7;52.2;15:31:31.620
5056;47.304674;8.740214;511.3;52.2;15:31:32.120
5057;47.304688;8.740316;510.8;52.4;15:31:32.620
5058;47.304691;8.740438;510.5;53.5;15:31:33.120
5059;47.304685;8.740554;510.2;53.5;15:31:33.620
5060;47.304668;8.740651;510;52.4;15:31:34.120
5061;47.304645;8.740731;509.8;51.7;15:31:34.620
5062;47.304618;8.740812;509.3;51.7;15:31:35.120
5063;47.304595;8.740883;508.7;52.1;15:31:35.620
5064;47.304559;8.740944;508;52.6;15:31:36.120
5065;47.304515;8.741004;507.6;52.2;15:31:36.620
5066;47.304453;8.741081;507.2;51.2;15:31:37.120
5067;47.304397;8.741157;507;50.5;15:31:37.620
5068;47.304334;8.741219;506.6;50.1;15:31:38.120
5069;47.304267;8.741259;506.4;50.4;15:31:38.620
5070;47.304194;8.741285;506;51.2;15:31:39.120
5071;47.304124;8.741305;505.8;52.1;15:31:39.620
5072;47.304064;8.741319;505.5;52.2;15:31:40.120
5073;47.303996;8.741329;505.4;52.1;15:31:40.620
5080;47.303549;8.741254;507.7;50.5;15:31:44.120
5081;47.303491;8.74122;507.7;48.9;15:31:44.620
5082;47.303423;8.741185;507.6;48.8;15:31:45.120
5083;47.303355;8.741144;507.2;49.4;15:31:45.620
5084;47.303301;8.741083;506.6;50.5;15:31:46.120
5085;47.303261;8.741011;505.8;52.4;15:31:46.620
5086;47.303225;8.740934;505.5;52.8;15:31:47.120
5087;47.303193;8.740875;505.8;48.7;15:31:47.620
5088;47.303168;8.740827;506.4;46.4;15:31:48.120
5089;47.303156;8.740803;506.9;44.7;15:31:48.620
5090;47.303155;8.740753;507;44;15:31:49.120
5091;47.303166;8.740665;506.4;43.9;15:31:49.620
5092;47.303184;8.740517;505.2;46.9;15:31:50.120
5093;47.303214;8.740379;503.9;49.4;15:31:50.620
5094;47.303251;8.740272;502.6;52.8;15:31:51.120
5095;47.303303;8.740209;501.9;52.9;15:31:51.620
5096;47.303358;8.740164;501.4;53.2;15:31:52.120
5097;47.303417;8.740125;501.2;53;15:31:52.620
5098;47.303474;8.740097;501;52;15:31:53.120
5099;47.303545;8.74008;500.9;51.1;15:31:53.620
5100;47.303614;8.74008;500.9;50.2;15:31:54.120
5101;47.30367;8.740092;500.9;50.3;15:31:54.620
5102;47.303716;8.740113;501.1;50.1;15:31:55.120
5103;47.303768;8.740133;501.4;49.2;15:31:55.620
5104;47.303843;8.74016;501.7;49.2;15:31:56.120
5105;47.303912;8.740207;501.9;49.7;15:31:56.620
5106;47.303966;8.740291;502;50.2;15:31:57.120
5107;47.303998;8.740387;502;51.5;15:31:57.620
5108;47.304028;8.74048;502;51.8;15:31:58.120
5109;47.304054;8.740558;502;52.2;15:31:58.620
5110;47.304075;8.740654;502;53.5;15:31:59.120
5111;47.304085;8.740757;502;53.3;15:31:59.620
5112;47.304086;8.740865;502.1;53.3;15:32:00.120
5113;47.30408;8.740943;502.1;53.5;15:32:00.620
5114;47.304067;8.741026;502.1;53.1;15:32:01.120
5115;47.304045;8.741113;502.3;52.6;15:32:01.620
5116;47.304009;8.741223;502.6;51.4;15:32:02.120
5117;47.303959;8.741313;502.7;50.9;15:32:02.620
5118;47.303903;8.741378;502.5;51.6;15:32:03.120
5119;47.303845;8.741419;502.2;51.6;15:32:03.620
5120;47.303787;8.741447;501.9;53.8;15:32:04.120
5121;47.303723;8.741463;501.8;54;15:32:04.620
5122;47.303661;8.741461;501.8;53.8;15:32:05.120
5123;47.303603;8.741447;501.9;53.8;15:32:05.620
5124;47.303538;8.741425;501.9;52.7;15:32:06.120
5125;47.303465;8.741397;501.9;52.6;15:32:06.620
5126;47.303391;8.741351;502;52.9;15:32:07.120
5127;47.303339;8.741288;502;50.7;15:32:07.620
5128;47.303301;8.741206;502.1;50;15:32:08.120
5129;47.303262;8.741129;502.1;49.1;15:32:08.620
5130;47.30321;8.741059;502;49.1;15:32:09.120
5131;47.303161;8.740997;501.7;48.2;15:32:09.620
5132;47.303126;8.740915;501.4;48.2;15:32:10.120
5133;47.303109;8.740826;501.2;47.8;15:32:10.620
5134;47.303102;8.740731;501.2;47.4;15:32:11.120
5135;47.303102;8.740651;501.2;47.6;15:32:11.620
5136;47.30311;8.740565;501.2;47.1;15:32:12.120
5137;47.303127;8.740487;501.1;46.6;15:32:12.620
5138;47.303151;8.740411;500.9;45.7;15:32:13.120
5139;47.30319;8.740358;500.5;46;15:32:13.620
5140;47.303238;8.740315;500.1;46.1;15:32:14.120
5141;47.303301;8.740294;499.8;45.4;15:32:14.620
5142;47.303357;8.740276;499.4;44;15:32:15.120
5143;47.30342;8.740264;498.9;44.2;15:32:15.620
5144;47.303473;8.740256;498.2;43.5;15:32:16.120
5145;47.303524;8.740272;497.4;45;15:32:16.620
5146;47.303567;8.740307;496.5;45.2;15:32:17.120
5147;47.303611;8.740358;495.5;46.1;15:32:17.620
5148;47.303654;8.740414;494.9;48.4;15:32:18.120
5149;47.303689;8.740493;494.7;49.4;15:32:18.620
5150;47.30371;8.740591;495;47.6;15:32:19.120
5151;47.30372;8.740694;495.5;44.4;15:32:19.620
5152;47.303724;8.74078;495.8;43.3;15:32:20.120
5153;47.303725;8.740851;495.8;42.6;15:32:20.620
5154;47.303723;8.740917;495.6;43.9;15:32:21.120
5155;47.303716;8.740972;495.5;44.4;15:32:21.620
5156;47.303697;8.741029;495.5;43.4;15:32:22.120
5157;47.303672;8.741096;495.5;42.2;15:32:22.620
5158;47.303641;8.741195;495.3;41.9;15:32:23.120
5159;47.30361;8.741294;494.7;42.5;15:32:23.620
5160;47.303569;8.741378;493.9;45.3;15:32:24.120
5161;47.303516;8.741433;493.1;46.6;15:32:24.620
5162;47.303457;8.741474;492.4;47.7;15:32:25.120
5163;47.303399;8.741516;491.9;48;15:32:25.620
5164;47.303349;8.741558;491.3;48.6;15:32:26.120
5165;47.303292;8.741592;490.6;48.4;15:32:26.620
5166;47.303236;8.741621;489.8;49.7;15:32:27.120
5167;47.303181;8.741655;489.3;48.4;15:32:27.620
5168;47.303132;8.741699;489.1;48.1;15:32:28.120
5169;47.303074;8.741739;489.1;46.3;15:32:28.620
5170;47.303014;8.741773;489.2;45.8;15:32:29.120
5171;47.302963;8.741803;489.1;45.8;15:32:29.620
5172;47.302922;8.741833;488.9;46;15:32:30.120
5173;47.302873;8.741861;488.5;46.3;15:32:30.620
5174;47.302797;8.741884;487.9;47;15:32:31.120
5175;47.302718;8.741912;487.1;48.8;15:32:31.620
5176;47.302647;8.741945;486.3;50;15:32:32.120
5177;47.302593;8.741981;485.4;51.9;15:32:32.620
5178;47.302529;8.742011;484.7;52.2;15:32:33.120
5179;47.302462;8.742031;484.2;52.3;15:32:33.620
5180;47.302392;8.742053;484.2;50.9;15:32:34.120
5181;47.302334;8.742076;484.3;50.3;15:32:34.620
5182;47.302279;8.742105;484.6;50.3;15:32:35.120
5183;47.302235;8.742131;485;49;15:32:35.620
5184;47.30219;8.742161;485.3;49;15:32:36.120
5185;47.302136;8.742191;485.4;49.1;15:32:36.620
5186;47.302056;8.742223;485.4;49.5;15:32:37.120
5187;47.301969;8.742255;485.3;49.1;15:32:37.620
5188;47.301892;8.742288;485.1;50;15:32:38.120
5189;47.301833;8.742332;484.8;51.6;15:32:38.620
5190;47.30178;8.742378;484.4;51.9;15:32:39.120
5191;47.301718;8.74242;483.9;53.5;15:32:39.620
5192;47.301659;8.742441;483.4;54;15:32:40.120
5193;47.301604;8.742479;482.9;54.3;15:32:40.620
5194;47.30156;8.742541;482.4;54.5;15:32:41.120
5195;47.301513;8.742645;481.8;55.6;15:32:41.620
5196;47.301462;8.742745;481;56.7;15:32:42.120
5197;47.301417;8.742858;480;57.9;15:32:42.620
5198;47.301384;8.742976;479.2;59.2;15:32:43.120
5199;47.301366;8.743103;478.7;59.2;15:32:43.620
5200;47.30135;8.743213;478.7;58.4;15:32:44.120
5201;47.301338;8.743303;478.8;56.1;15:32:44.620
5202;47.301323;8.743405;478.9;53.7;15:32:45.120
5203;47.301314;8.74351;479;52.3;15:32:45.620
5204;47.301307;8.743604;478.9;50;15:32:46.120
5205;47.301305;8.743677;478.8;48.9;15:32:46.620
5206;47.3013;8.743756;478.6;47.8;15:32:47.120
5207;47.301292;8.743865;478.3;47.7;15:32:47.620
5208;47.301277;8.743973;477.9;47.7;15:32:48.120
5209;47.301257;8.744072;477.4;46.8;15:32:48.620
5210;47.301237;8.744149;476.7;46.4;15:32:49.120
5211;47.301216;8.744241;475.9;47.9;15:32:49.620
5212;47.301194;8.744328;475.3;48.8;15:32:50.120
5213;47.301163;8.744416;474.6;49.7;15:32:50.620
5214;47.301132;8.74449;474;49.7;15:32:51.120
5215;47.301101;8.744576;473.2;50.3;15:32:51.620
5216;47.30107;8.744657;472.6;50.5;15:32:52.120
5217;47.301026;8.744721;472.1;48.8;15:32:52.620
5218;47.300978;8.744751;471.8;47.8;15:32:53.120
5219;47.300935;8.744784;471.2;47.6;15:32:53.620
5220;47.300899;8.744839;470.3;47.6;15:32:54.120
5221;47.300856;8.744923;469.1;49;15:32:54.620
5222;47.300787;8.744992;467.9;49.3;15:32:55.120
5223;47.300713;8.74504;466.9;49.2;15:32:55.620
5224;47.300642;8.745069;466.2;50.1;15:32:56.120
5225;47.300587;8.745093;465.7;49.6;15:32:56.620
5226;47.300526;8.745113;465.3;46.2;15:32:57.120
5227;47.300458;8.745122;464.7;46.3;15:32:57.620
5228;47.300388;8.745123;463.8;46.7;15:32:58.120
5229;47.300324;8.745119;462.5;47.1;15:32:58.620
5230;47.300278;8.745109;461.2;49.8;15:32:59.120
5231;47.300225;8.74509;460.1;50.4;15:32:59.620
5232;47.300176;8.745063;459.2;50.7;15:33:00.120
5233;47.300109;8.745022;458.4;51;15:33:00.620
5234;47.300051;8.744976;457.4;51.3;15:33:01.120
5235;47.299988;8.744911;456.5;51.3;15:33:01.620
5236;47.29994;8.744841;455.8;51.7;15:33:02.120
5237;47.299899;8.744749;455.4;51.9;15:33:02.620
5238;47.299869;8.744662;455.2;51;15:33:03.120
5239;47.29984;8.744578;454.7;50;15:33:03.620
5240;47.299813;8.744519;454;50.7;15:33:04.120
5241;47.299793;8.74444;452.8;51.6;15:33:04.620
5242;47.299782;8.744355;451.6;51.3;15:33:05.120
5243;47.299779;8.744252;450.4;51.3;15:33:05.620
5244;47.299783;8.744165;449.3;50.7;15:33:06.120
5245;47.299794;8.74407;448.4;51.4;15:33:06.620
5246;47.299809;8.743951;447.7;51.9;15:33:07.120
5247;47.299825;8.743829;447.2;50.4;15:33:07.620
5248;47.299847;8.743719;446.9;50.2;15:33:08.120
5249;47.29987;8.743651;446.5;49.6;15:33:08.620
5250;47.299897;8.743578;446;48.7;15:33:09.120
5251;47.299923;8.743493;445.5;49.6;15:33:09.620
5252;47.299954;8.743381;444.9;50.9;15:33:10.120
5253;47.299988;8.743277;444.3;50.6;15:33:10.620
5254;47.300022;8.743188;443.7;50.2;15:33:11.120
5255;47.300053;8.743104;443.3;49.7;15:33:11.620
5256;47.300075;8.743026;442.8;47.9;15:33:12.120
5257;47.300099;8.742946;442.4;46.3;15:33:12.620
5258;47.300122;8.742875;442;45.6;15:33:13.120
5259;47.300151;8.742793;441.6;44.9;15:33:13.620
5260;47.300179;8.742717;441.3;44.9;15:33:14.120
5261;47.300212;8.742645;441.1;42.1;15:33:14.620
5262;47.300242;8.742587;440.9;41;15:33:15.120
5263;47.300269;8.742519;440.6;40.1;15:33:15.620
5264;47.300293;8.742451;440.5;39.5;15:33:16.120
5265;47.30032;8.742389;440.4;35.6;15:33:16.620
5266;47.300353;8.742341;440.3;34.5;15:33:17.120
5267;47.300386;8.742291;440.2;34.4;15:33:17.620
5268;47.300412;8.742239;440.1;33.4;15:33:18.120
5269;47.300431;8.742192;440;30.3;15:33:18.620
5270;47.300448;8.742167;439.9;26.2;15:33:19.120
5271;47.300463;8.742142;439.9;24.1;15:33:19.620
5272;47.300479;8.742105;439.9;20.8;15:33:20.120
5273;47.300494;8.742048;439.9;19.2;15:33:20.620
5274;47.30051;8.742;439.8;18.4;15:33:21.120
5275;47.300523;8.741969;439.8;16.4;15:33:21.620
5276;47.300534;8.741952;439.7;12.1;15:33:22.120
5277;47.300544;8.741937;439.6;12.1;15:33:22.620
5278;47.300556;8.741925;439.5;4.2;15:33:23.120
5279;47.300565;8.741919;439.4;2.7;15:33:23.620
5280;47.30057;8.741916;439.4;0.2;15:33:24.120
5281;47.30057;8.741916;439.3;0;15:33:24.620
5282;47.30057;8.741916;439.3;0;15:33:25.120
5283;47.30057;8.741916;439.3;0;15:33:25.620
5284;47.30057;8.741916;439.2;0;15:33:26.120
5285;47.30057;8.741916;439.2;0;15:33:26.620
5286;47.30057;8.741916;439.2;0;15:33:27.120
5287;47.30057;8.741916;439.2;0;15:33:27.620
5288;47.30057;8.741916;439.1;0;15:33:28.120
5289;47.30057;8.741916;439.1;0;15:33:28.620
5290;47.30057;8.741916;439.1;0;15:33:29.120
5291;47.30057;8.741916;439.1;0;15:33:29.620
5292;47.30057;8.741916;439.1;0;15:33:30.120
5293;47.30057;8.741916;439.1;0;15:33:30.620
5294;47.30057;8.741916;439;0;15:33:31.120
5295;47.30057;8.741916;439;0;15:33:31.620
5296;47.30057;8.741916;439;0;15:33:32.120
5297;47.30057;8.741916;439;0;15:33:32.620
5298;47.30057;8.741916;439;0;15:33:33.120
5299;47.30057;8.741916;439;0;15:33:33.620
5300;47.30057;8.741916;438.9;0;15:33:34.120
5301;47.30057;8.741916;438.9;0;15:33:34.620
5302;47.30057;8.741916;438.9;0;15:33:35.120
5303;47.30057;8.741916;438.9;0;15:33:35.620
5304;47.30057;8.741916;438.9;0;15:33:36.120
5305;47.30057;8.741916;438.9;0;15:33:36.620
5306;47.30057;8.741916;438.9;0;15:33:37.120
5307;47.30057;8.741917;438.9;0;15:33:37.620
5308;47.30057;8.741917;438.9;0;15:33:38.120
5309;47.30057;8.741918;438.8;0;15:33:38.620
5310;47.30057;8.741918;438.8;0;15:33:39.120
5311;47.300569;8.741918;438.8;0;15:33:39.620
5312;47.300567;8.741917;438.8;0;15:33:40.120
5313;47.300566;8.741917;438.8;0;15:33:40.620
5314;47.300566;8.741916;438.8;0;15:33:41.120
5315;47.300566;8.741916;438.8;0;15:33:41.620
5316;47.300566;8.741916;438.8;0;15:33:42.120
5317;47.300566;8.741916;438.8;0;15:33:42.620
5318;47.300566;8.741916;438.8;0;15:33:43.120
5319;47.300566;8.741916;438.8;0;15:33:43.620
5320;47.300566;8.741916;438.8;0;15:33:44.120
5321;47.300566;8.741916;438.8;0;15:33:44.620
5322;47.300566;8.741916;438.7;0;15:33:45.120
5323;47.300566;8.741916;438.7;0;15:33:45.620
5324;47.300566;8.741916;438.7;0.1;15:33:46.120
5325;47.300566;8.741916;438.6;0.1;15:33:46.620
5326;47.300566;8.741916;438.6;0.1;15:33:47.120
5327;47.300566;8.741916;438.6;0;15:33:47.620
5328;47.300566;8.741916;438.6;0;15:33:48.120
5329;47.300566;8.741916;438.5;0.1;15:33:48.620
5330;47.300566;8.741916;438.5;0;15:33:49.120
5331;47.300566;8.741916;438.5;0;15:33:49.620
5332;47.300566;8.741916;438.5;0;15:33:50.120
5333;47.300566;8.741916;438.5;0;15:33:50.620
5334;47.300566;8.741916;438.5;0;15:33:51.120
5335;47.300566;8.741916;438.5;0;15:33:51.620
5336;47.300566;8.741916;438.5;0;15:33:52.120
5337;47.300566;8.741916;438.4;0;15:33:52.620
5338;47.300566;8.741916;438.4;0;15:33:53.120
5339;47.300566;8.741916;438.4;0;15:33:53.620
5340;47.300566;8.741916;438.4;0;15:33:54.120
5341;47.300566;8.741916;438.4;0;15:33:54.620
5342;47.300566;8.741916;438.3;0;15:33:55.120
5343;47.300566;8.741916;438.3;0;15:33:55.620
5344;47.300566;8.741916;438.3;0;15:33:56.120
5345;47.300566;8.741916;438.3;0;15:33:56.620
5346;47.300566;8.741916;438.3;0;15:33:57.120
5347;47.300566;8.741916;438.2;0.1;15:33:57.620
5348;47.300566;8.741916;438.2;0.1;15:33:58.120
5349;47.300566;8.741916;438.2;0;15:33:58.620
5350;47.300566;8.741916;438.2;0;15:33:59.120
5351;47.300566;8.741916;438.1;0;15:33:59.620
5352;47.300566;8.741916;438.1;0;15:34:00.120
5353;47.300566;8.741916;438.1;0.1;15:34:00.620
5354;47.300566;8.741916;438.1;0;15:34:01.120
5355;47.300566;8.741916;438.1;0.1;15:34:01.620
5356;47.300566;8.741916;438.1;0.1;15:34:02.120
5357;47.300566;8.741916;438.1;0.1;15:34:02.620
5358;47.300566;8.741916;438.1;0.1;15:34:03.120
5359;47.300566;8.741916;438.1;0.3;15:34:03.620
5360;47.300566;8.741916;438;0.4;15:34:04.120
5361;47.300566;8.741915;438;0.9;15:34:04.620
5362;47.300567;8.741915;437.9;0.2;15:34:05.120
5363;47.300569;8.741915;437.9;0.2;15:34:05.620
5364;47.30057;8.741915;437.9;0;15:34:06.120
5365;47.30057;8.741915;437.9;0;15:34:06.620
5366;47.30057;8.741915;437.9;0;15:34:07.120
5367;47.300569;8.741915;437.9;0;15:34:07.620
5368;47.300567;8.741916;438;1.3;15:34:08.120
5369;47.300563;8.741916;438.1;2.7;15:34:08.620
5370;47.300561;8.741917;438.1;1.5;15:34:09.120
5371;47.300559;8.741918;438.1;1.9;15:34:09.620
5372;47.300557;8.741918;438.1;3.5;15:34:10.120
5373;47.300555;8.741919;438.1;3.6;15:34:10.620
5374;47.30055;8.741919;438.1;3.6;15:34:11.120
5375;47.300542;8.74192;438.1;4.4;15:34:11.620
5376;47.300534;8.74192;438.1;4.4;15:34:12.120
5377;47.300527;8.74192;438.2;4.3;15:34:12.620
5378;47.300522;8.74192;438.2;3.9;15:34:13.120
5379;47.300518;8.74192;438.2;4.2;15:34:13.620
5380;47.300512;8.74192;438.2;4.5;15:34:14.120
5381;47.300505;8.74192;438.3;5.2;15:34:14.620
5382;47.300498;8.74192;438.3;4.8;15:34:15.120
5383;47.300493;8.74192;438.3;4.3;15:34:15.620
5384;47.300488;8.74192;438.3;3.9;15:34:16.120
5385;47.300485;8.74192;438.3;3.9;15:34:16.620
5386;47.300483;8.74192;438.3;5.4;15:34:17.120
5387;47.30048;8.74192;438.3;5.3;15:34:17.620
5388;47.300475;8.74192;438.3;3.9;15:34:18.120
5389;47.300466;8.74192;438.3;3.9;15:34:18.620
5390;47.30046;8.74192;438.3;1.2;15:34:19.120
5391;47.300456;8.741919;438.3;1.2;15:34:19.620
5392;47.300456;8.74192;438.3;0.2;15:34:20.120
5393;47.300456;8.74192;438.3;0.2;15:34:20.620
5394;47.300456;8.74192;438.3;0.1;15:34:21.120
5395;47.300456;8.74192;438.3;0;15:34:21.620
5396;47.300456;8.74192;438.3;0;15:34:22.120
5397;47.300456;8.74192;438.3;0;15:34:22.620
5398;47.300456;8.74192;438.3;0.1;15:34:23.120
5399;47.300456;8.74192;438.4;0;15:34:23.620
5400;47.300456;8.74192;438.4;0;15:34:24.120
5401;47.300456;8.74192;438.4;0;15:34:24.620
5402;47.300455;8.741919;438.4;0;15:34:25.120
5403;47.300454;8.741918;438.5;0;15:34:25.620
5404;47.300452;8.741918;438.5;1.1;15:34:26.120
5405;47.300449;8.741917;438.6;4.1;15:34:26.620
5406;47.300445;8.741916;438.6;4.9;15:34:27.120
5407;47.30044;8.741916;438.6;4.8;15:34:27.620
5408;47.300434;8.741916;438.7;4.6;15:34:28.120
5409;47.300428;8.741917;438.7;4.5;15:34:28.620
5410;47.300422;8.741919;438.8;4.9;15:34:29.120
5411;47.300417;8.74192;438.8;4.4;15:34:29.620
5412;47.300413;8.741923;438.8;5.1;15:34:30.120
5413;47.300409;8.741927;438.8;4.6;15:34:30.620
5414;47.300404;8.74193;438.8;4.2;15:34:31.120
5415;47.300398;8.741933;438.8;4.2;15:34:31.620
5416;47.300393;8.741936;438.8;2.4;15:34:32.120
5417;47.30039;8.74194;438.8;0;15:34:32.620
5418;47.30039;8.741942;438.8;0;15:34:33.120
5419;47.30039;8.741943;438.8;0;15:34:33.620
5420;47.30039;8.741943;438.8;0.1;15:34:34.120
5421;47.30039;8.741944;438.8;0.2;15:34:34.620
5422;47.300391;8.741944;438.7;0;15:34:35.120
5423;47.300392;8.741945;438.7;0;15:34:35.620
5424;47.300393;8.741945;438.7;0;15:34:36.120
5425;47.300393;8.741945;438.6;0;15:34:36.620
5426;47.300393;8.741945;438.5;0;15:34:37.120
5427;47.300393;8.741945;438.4;0;15:34:37.620
5428;47.300393;8.741946;438.4;0;15:34:38.120
5429;47.300393;8.741946;438.3;0;15:34:38.620
5430;47.300393;8.741946;438.2;0;15:34:39.120
5431;47.300393;8.741946;438.1;0;15:34:39.620
5432;47.300393;8.741946;438.1;0;15:34:40.120
5433;47.300393;8.741947;438;0;15:34:40.620
5434;47.300393;8.741947;438;0;15:34:41.120
5435;47.300393;8.741948;437.9;0;15:34:41.620
5436;47.300393;8.741948;437.9;0;15:34:42.120
5437;47.300393;8.741948;437.9;0.1;15:34:42.620
5438;47.300393;8.741948;437.9;0;15:34:43.120
5439;47.300393;8.741949;437.9;0.2;15:34:43.620
5440;47.300392;8.74195;437.9;1.4;15:34:44.120
5441;47.300389;8.741953;437.9;3.7;15:34:44.620
5442;47.300387;8.741957;437.9;4.2;15:34:45.120
5443;47.300384;8.741964;437.9;4.3;15:34:45.620
5444;47.300382;8.741971;437.9;4.4;15:34:46.120
5445;47.300379;8.741977;437.9;4.1;15:34:46.620
5446;47.300375;8.741983;437.9;4.4;15:34:47.120
5447;47.300371;8.74199;438;5.2;15:34:47.620
5448;47.300367;8.741997;438;5.3;15:34:48.120
5449;47.300362;8.742005;438;4.7;15:34:48.620
5450;47.300357;8.742011;438;4.7;15:34:49.120
5451;47.300353;8.742016;438;4.9;15:34:49.620
5452;47.300349;8.742021;438.1;5.4;15:34:50.120
5453;47.300345;8.742024;438.1;5.7;15:34:50.620
5454;47.30034;8.742028;438.1;4.9;15:34:51.120
5455;47.300336;8.742036;438.1;4.5;15:34:51.620
5456;47.300333;8.742049;438;4.2;15:34:52.120
5457;47.300332;8.742059;438;3.9;15:34:52.620
5458;47.300329;8.742066;438;3.9;15:34:53.120
5459;47.300324;8.742068;438;1.6;15:34:53.620
5460;47.30032;8.74207;438;0.4;15:34:54.120
5461;47.300317;8.74207;438;0.4;15:34:54.620
5462;47.300316;8.74207;438;0.2;15:34:55.120
5463;47.300316;8.74207;438;0.1;15:34:55.620
5464;47.300316;8.74207;438;0;15:34:56.120
5465;47.300316;8.74207;438;0.3;15:34:56.620
5466;47.300316;8.74207;438;0.1;15:34:57.120
5467;47.300316;8.74207;437.9;0.2;15:34:57.620
5468;47.300316;8.74207;437.9;0.1;15:34:58.120
5469;47.300316;8.74207;437.9;0.1;15:34:58.620
5470;47.300316;8.74207;437.9;0;15:34:59.120
5471;47.300316;8.74207;437.8;0;15:34:59.620
5472;47.300316;8.74207;437.8;0;15:35:00.120
5473;47.300316;8.74207;437.7;0;15:35:00.620
5474;47.300316;8.74207;437.7;0;15:35:01.120
5475;47.300316;8.74207;437.7;0.2;15:35:01.620
5476;47.300316;8.74207;437.7;0;15:35:02.120
5477;47.300316;8.742069;437.6;0.1;15:35:02.620
5478;47.300316;8.742069;437.6;0;15:35:03.120
5479;47.300316;8.742068;437.6;0;15:35:03.620
5480;47.300316;8.742068;437.6;0;15:35:04.120
5481;47.300316;8.742068;437.6;0;15:35:04.620
5482;47.300316;8.742068;437.6;0;15:35:05.120
5483;47.300316;8.742068;437.6;0;15:35:05.620
5484;47.300316;8.742068;437.6;0;15:35:06.120
5485;47.300316;8.742068;437.5;0;15:35:06.620
5486;47.300316;8.742068;437.5;0;15:35:07.120
5487;47.300316;8.742068;437.5;0;15:35:07.620
5488;47.300316;8.742068;437.5;0;15:35:08.120
5489;47.300316;8.742068;437.4;0;15:35:08.620
5490;47.300316;8.742068;437.4;0;15:35:09.120
5491;47.300316;8.742068;437.4;0;15:35:09.620
5492;47.300316;8.742068;437.3;0;15:35:10.120
5493;47.300316;8.742068;437.3;0;15:35:10.620
5494;47.300316;8.742068;437.3;0;15:35:11.120
5495;47.300316;8.742068;437.3;0;15:35:11.620
5496;47.300316;8.742068;437.2;0;15:35:12.120
5497;47.300316;8.742069;437.2;0;15:35:12.620
5498;47.300316;8.742069;437.2;0;15:35:13.120
5499;47.300316;8.74207;437.2;0;15:35:13.620
5500;47.300316;8.74207;437.2;0;15:35:14.120
5501;47.300316;8.74207;437.2;0;15:35:14.620
5502;47.300316;8.74207;437.1;0;15:35:15.120
5503;47.300316;8.74207;437.1;0;15:35:15.620
5504;47.300316;8.74207;437.1;0;15:35:16.120
5505;47.300316;8.74207;437;0;15:35:16.620
5506;47.300316;8.74207;437;0;15:35:17.120
5507;47.300316;8.74207;437;0;15:35:17.620
5508;47.300316;8.74207;437;0;15:35:18.120
5509;47.300316;8.742071;437;0;15:35:18.620
5510;47.300316;8.742071;437;0;15:35:19.120
5511;47.300316;8.742071;436.9;0;15:35:19.620
5512;47.300316;8.742071;436.9;0;15:35:20.120
5513;47.300316;8.742071;436.9;0;15:35:20.620
5514;47.300315;8.742071;436.9;0;15:35:21.120
5515;47.300314;8.742071;436.9;0;15:35:21.620
5516;47.300313;8.742071;436.8;0;15:35:22.120
5517;47.300313;8.742071;436.8;0;15:35:22.620
