Time,Latitude,Longitude,Altitude,Speed
14:49:24.620,47.30033,8.742433,444.6,0.0
14:49:25.120,47.30033,8.742433,444.6,0.0
14:49:25.620,47.30033,8.742433,444.6,0.0
14:49:26.120,47.30033,8.742433,444.6,0.1
14:49:26.620,47.30033,8.742433,444.6,0.0
14:49:27.120,47.30033,8.742433,444.6,0.1
14:49:27.620,47.30033,8.742433,444.6,0.1
14:49:28.120,47.30033,8.742433,444.6,0.0
14:49:28.620,47.30033,8.742433,444.6,0.1
14:49:29.120,47.30033,8.742433,444.6,0.0
14:49:29.620,47.30033,8.742433,444.6,0.0
14:49:30.120,47.30033,8.742433,444.6,0.0
14:49:30.620,47.30033,8.742433,444.6,0.0
14:49:31.120,47.30033,8.742433,444.6,0.0
14:49:31.620,47.30033,8.742433,444.7,0.0
14:49:32.120,47.30033,8.742433,444.6,0.0
14:49:32.620,47.30033,8.742433,444.7,0.1
14:49:33.120,47.30033,8.742433,444.7,0.2
14:49:33.620,47.30033,8.742418,444.6,12.8
14:49:34.120,47.30035,8.742418,444.6,20.3
14:49:34.620,47.30037,8.742375,444.6,31.7
14:49:35.120,47.3004,8.742375,444.5,31.7
14:49:35.620,47.3004,8.7422,444.7,44.4
14:49:36.120,47.30044,8.742103,445.1,44.4
14:49:36.620,47.30048,8.742103,445.9,54.0
14:49:37.120,47.30054,8.741993,447.1,59.5
14:49:37.620,47.30054,8.741875,447.1,62.1
14:49:38.120,47.30059,8.741701,448.5,65.5
14:49:38.620,47.30064,8.741701,449.0,66.1
14:49:39.120,47.30064,8.741701,452.2,67.2
14:49:39.620,47.30064,8.741423,453.1,66.7
14:49:40.120,47.30064,8.74128,457.0,69.0
14:49:40.620,47.3008,8.74128,459.8,69.4
14:49:41.120,47.300853,8.74128,460.7,70.6
14:49:41.620,47.300853,8.740943,463.5,71.5
14:49:42.120,47.300853,8.740805,465.3,71.6
14:49:42.620,47.300993,8.740668,467.4,71.7
14:49:43.120,47.301056,8.740668,468.9,70.4
14:49:43.620,47.301136,8.74054,471.5,69.4
14:49:44.120,47.301136,8.74039,471.5,70.2
14:49:44.620,47.30122,8.740298,476.7,68.7
14:49:45.120,47.301346,8.740215,478.6,69.9
14:49:45.620,47.30144,8.740215,479.5,72.0
14:49:46.120,47.301543,8.740136,482.7,69.1
14:49:46.620,47.301543,8.740041,486.1,69.3
14:49:47.120,47.30164,8.739985,489.8,67.8
14:49:47.620,47.301776,8.739985,492.4,68.6
14:49:48.120,47.301883,8.739985,496.7,68.6
14:49:48.620,47.301883,8.73992,499.3,69.3
14:49:49.120,47.301993,8.739908,502.8,69.2
14:49:49.620,47.302103,8.739908,503.9,68.9
14:49:50.120,47.302213,8.739918,508.5,68.0
14:49:50.620,47.302213,8.739943,508.5,67.2
14:49:51.120,47.302353,8.73999,508.5,65.6
14:49:51.620,47.302446,8.73999,508.5,65.3
14:49:52.120,47.302446,8.73999,518.9,63.9
14:49:52.620,47.302446,8.740185,524.4,64.0
14:49:53.120,47.302446,8.740298,525.3,64.0
14:49:53.620,47.302676,8.740298,526.7,62.9
14:49:54.120,47.302716,8.740298,529.5,62.0
14:49:54.620,47.30274,8.740298,533.3,62.0
14:49:55.120,47.30274,8.740298,536.0,61.3
14:49:55.620,47.30274,8.740888,539.6,61.9
14:49:56.120,47.30271,8.741028,541.5,62.6
14:49:56.620,47.302673,8.741028,543.6,63.5
14:49:57.120,47.302633,8.741165,545.5,62.3
14:49:57.620,47.302633,8.741343,546.7,65.1
14:49:58.120,47.302583,8.741483,549.7,68.7
14:49:58.620,47.302523,8.741483,552.2,69.6
14:49:59.120,47.302476,8.741626,555.2,69.3
14:49:59.620,47.302476,8.741773,557.3,71.1
14:50:00.120,47.30243,8.741966,560.2,69.0
14:50:00.620,47.30238,8.741966,561.1,68.4
14:50:01.120,47.3023,8.741966,564.4,70.9
14:50:01.620,47.30223,8.742241,565.3,70.9
14:50:02.120,47.30223,8.742373,569.0,72.4
14:50:02.620,47.30216,8.74255,570.1,71.9
14:50:03.120,47.3021,8.74255,572.7,71.0
14:50:03.620,47.302043,8.742688,572.7,69.7
14:50:04.120,47.302043,8.74283,576.1,68.8
14:50:04.620,47.301976,8.742973,578.2,68.3
14:50:05.120,47.301976,8.742973,578.8,69.5
14:50:05.620,47.301976,8.743165,581.5,70.7
14:50:06.120,47.301976,8.743308,583.3,69.8
14:50:06.620,47.301836,8.74345,586.0,69.7
14:50:07.120,47.301763,8.74345,588.1,69.4
14:50:07.620,47.301703,8.743588,591.2,68.5
14:50:08.120,47.301646,8.743721,592.9,67.1
14:50:08.620,47.301646,8.743721,595.5,68.8
14:50:09.120,47.301586,8.744028,598.3,69.6
14:50:09.620,47.3015,8.744028,600.4,70.3
14:50:10.120,47.30144,8.74416,603.9,71.5
14:50:10.620,47.30144,8.744296,606.2,72.1
14:50:11.120,47.30138,8.744483,609.3,72.3
14:50:11.620,47.30132,8.744483,610.2,73.1
14:50:12.120,47.30132,8.744635,613.3,75.0
14:50:12.620,47.30132,8.744795,613.9,75.8
14:50:13.120,47.301196,8.744958,616.1,82.1
14:50:13.620,47.301126,8.744958,617.5,83.6
14:50:14.120,47.301033,8.744958,621.8,81.5
14:50:14.620,47.300933,8.745265,626.3,79.9
14:50:15.120,47.300933,8.745351,626.8,75.1
14:50:15.620,47.30078,8.745418,627.5,74.3
14:50:16.120,47.300663,8.745418,627.5,78.0
14:50:16.620,47.30054,8.74549,629.4,81.9
14:50:17.120,47.30054,8.74553,631.2,81.6
14:50:17.620,47.300416,8.74553,633.7,81.6
14:50:18.120,47.300416,8.74553,635.6,83.2
14:50:18.620,47.300416,8.745551,639.2,78.7
14:50:19.120,47.300416,8.7455,641.7,76.7
14:50:19.620,47.300003,8.74544,643.5,75.5
14:50:20.120,47.299893,8.74536,645.7,73.6
14:50:20.620,47.299763,8.74536,647.4,72.0
14:50:21.120,47.299666,8.745276,648.7,68.6
14:50:21.620,47.299666,8.745198,649.5,68.9
14:50:22.120,47.299573,8.745105,651.5,68.3
14:50:22.620,47.29947,8.745105,651.5,69.8
14:50:23.120,47.29934,8.745043,658.5,67.7
14:50:23.620,47.29934,8.744988,660.0,67.7
14:50:24.120,47.299243,8.744931,664.8,61.8
14:50:24.620,47.299153,8.744931,666.1,59.0
14:50:25.120,47.299153,8.744861,669.6,48.1
14:50:25.620,47.29901,8.744811,672.9,46.2
14:50:26.120,47.29901,8.744765,673.5,41.0
14:50:26.620,47.298933,8.744765,674.8,38.7
14:50:27.120,47.29888,8.744765,674.8,35.8
14:50:27.620,47.298833,8.744675,674.4,35.3
14:50:28.120,47.298833,8.744635,673.7,35.7
14:50:28.620,47.298783,8.744591,672.9,37.6
14:50:29.120,47.298713,8.744591,672.9,38.2
14:50:29.620,47.29866,8.744545,672.9,39.0
14:50:30.120,47.298613,8.744476,670.0,40.1
14:50:30.620,47.298613,8.744476,669.0,43.3
14:50:31.120,47.298613,8.74435,668.7,43.7
14:50:31.620,47.298613,8.74435,668.0,44.4
14:50:32.120,47.298436,8.744278,667.7,45.6
14:50:32.620,47.298436,8.744278,665.9,47.0
14:50:33.120,47.298383,8.744081,664.3,47.0
14:50:33.620,47.29834,8.744081,663.9,49.9
14:50:34.120,47.298286,8.74398,663.2,51.1
14:50:34.620,47.298286,8.743875,663.1,50.9
14:50:35.120,47.29825,8.743766,662.7,51.0
14:50:35.620,47.29823,8.743613,662.7,51.0
14:50:36.120,47.298213,8.743613,661.6,52.9
14:50:36.620,47.298206,8.743491,661.2,53.6
14:50:37.120,47.298206,8.743368,661.2,52.8
14:50:37.620,47.298213,8.743248,661.0,52.1
14:50:38.120,47.29823,8.743248,660.8,52.2
14:50:38.620,47.298253,8.743093,659.7,52.5
14:50:39.120,47.298253,8.742978,659.1,54.0
14:50:39.620,47.29829,8.742868,659.1,54.0
14:50:40.120,47.298346,8.742868,659.4,54.0
14:50:40.620,47.298396,8.742763,659.2,52.7
14:50:41.120,47.298396,8.74263,659.2,53.2
14:50:41.620,47.298446,8.742533,657.7,53.7
14:50:42.120,47.2985,8.74244,656.9,54.8
14:50:42.620,47.29858,8.74244,656.4,56.8
14:50:43.120,47.298646,8.742348,653.0,57.9
14:50:43.620,47.298646,8.742348,651.7,58.3
14:50:44.120,47.298646,8.74214,650.2,58.1
14:50:44.620,47.298646,8.74214,649.5,57.9
14:50:45.120,47.29888,8.742053,648.5,56.8
14:50:45.620,47.29888,8.741965,648.4,56.3
14:50:46.120,47.298946,8.74188,647.5,55.2
14:50:46.620,47.29901,8.74188,647.2,55.2
14:50:47.120,47.299073,8.741763,645.6,54.1
14:50:47.620,47.29915,8.741675,644.3,54.3
14:50:48.120,47.29915,8.741585,643.9,54.0
14:50:48.620,47.29921,8.741496,643.5,53.9
14:50:49.120,47.29927,8.741496,643.1,52.9
14:50:49.620,47.299333,8.741385,642.2,53.5
14:50:50.120,47.299333,8.741301,641.9,53.5
14:50:50.620,47.299413,8.741215,640.8,54.4
14:50:51.120,47.299413,8.741215,640.0,55.7
14:50:51.620,47.299543,8.741126,639.0,56.3
14:50:52.120,47.29961,8.741008,638.3,57.6
14:50:52.620,47.29961,8.74092,637.5,58.0
14:50:53.120,47.299683,8.740831,636.8,58.8
14:50:53.620,47.299776,8.740831,636.6,58.5
14:50:54.120,47.299846,8.740746,637.3,56.6
14:50:54.620,47.299846,8.74064,637.3,53.5
14:50:55.120,47.299913,8.740565,638.5,51.3
14:50:55.620,47.29998,8.740565,638.5,50.0
14:50:56.120,47.30006,8.740495,640.3,47.9
14:50:56.620,47.30006,8.740428,640.4,47.3
14:50:57.120,47.300116,8.740363,640.2,47.3
14:50:57.620,47.300116,8.740363,640.1,47.7
14:50:58.120,47.300236,8.74027,638.8,50.1
14:50:58.620,47.30032,8.740196,638.4,50.9
14:50:59.120,47.30032,8.74013,636.7,52.9
14:50:59.620,47.30039,8.74013,634.7,52.9
14:51:00.120,47.300466,8.74013,634.2,52.9
14:51:00.620,47.300546,8.740008,632.8,53.4
14:51:01.120,47.300546,8.73997,631.6,54.4
14:51:01.620,47.300656,8.739936,630.3,55.0
14:51:02.120,47.300743,8.739936,630.3,54.6
14:51:02.620,47.30083,8.739913,627.9,55.2
14:51:03.120,47.30083,8.739901,627.4,55.3
14:51:03.620,47.30092,8.739901,626.2,55.7
14:51:04.120,47.30092,8.739925,625.4,55.7
14:51:04.620,47.30112,8.739925,624.4,55.5
14:51:05.120,47.3012,8.739956,624.3,52.3
14:51:05.620,47.3012,8.739956,624.1,52.3
14:51:06.120,47.301276,8.740058,623.8,49.7
14:51:06.620,47.30135,8.740058,623.5,48.8
14:51:07.120,47.301436,8.740113,623.0,47.8
14:51:07.620,47.301436,8.740171,623.0,47.6
14:51:08.120,47.301496,8.740256,623.0,47.5
14:51:08.620,47.301553,8.740256,621.7,47.7
14:51:09.120,47.301616,8.740323,620.1,48.0
14:51:09.620,47.301616,8.74039,619.5,48.1
14:51:10.120,47.301616,8.740453,618.4,47.2
14:51:10.620,47.301616,8.740528,617.9,46.5
14:51:11.120,47.301823,8.740528,616.3,46.9
14:51:11.620,47.301886,8.740528,613.8,47.6
14:51:12.120,47.301886,8.740615,612.9,49.2
14:51:12.620,47.301986,8.740638,610.3,49.2
14:51:13.120,47.302066,8.740638,608.9,49.2
14:51:13.620,47.30215,8.740635,607.8,50.4
14:51:14.120,47.30215,8.740581,607.8,50.7
14:51:14.620,47.302223,8.740528,607.5,49.1
14:51:15.120,47.30232,8.740473,607.5,48.0
14:51:15.620,47.30238,8.740473,608.3,46.5
14:51:16.120,47.30244,8.740416,608.0,46.5
14:51:16.620,47.30244,8.740335,607.7,45.5
14:51:17.120,47.30244,8.74027,607.2,44.4
14:51:17.620,47.30255,8.74027,606.8,44.4
14:51:18.120,47.30262,8.7402,605.8,46.4
14:51:18.620,47.30262,8.740126,605.0,46.4
14:51:19.120,47.302673,8.740023,603.3,48.6
14:51:19.620,47.30273,8.740023,602.9,48.6
14:51:20.120,47.302786,8.739946,602.9,49.0
14:51:20.620,47.302786,8.739873,602.9,49.9
14:51:21.120,47.302873,8.739798,600.8,48.9
14:51:21.620,47.302933,8.739798,600.6,48.9
14:51:22.120,47.30299,8.739698,600.1,48.2
14:51:22.620,47.30299,8.739698,599.2,47.3
14:51:23.120,47.30299,8.739698,598.9,47.0
14:51:23.620,47.30299,8.739473,598.2,48.7
14:51:24.120,47.303173,8.739473,596.4,48.3
14:51:24.620,47.303173,8.739403,594.8,47.9
14:51:25.120,47.30323,8.739305,592.8,47.9
14:51:25.620,47.30323,8.739305,592.3,47.9
14:51:26.120,47.30323,8.739305,591.5,47.9
14:51:26.620,47.303366,8.739305,590.6,49.0
14:51:27.120,47.303366,8.739058,590.6,50.5
14:51:27.620,47.303466,8.738928,589.7,51.9
14:51:28.120,47.303506,8.738928,589.7,53.2
14:51:28.620,47.30356,8.738818,588.1,55.0
14:51:29.120,47.303596,8.738703,587.3,57.0
14:51:29.620,47.303596,8.738581,587.1,57.0
14:51:30.120,47.303596,8.738413,586.6,58.7
14:51:30.620,47.303666,8.738413,586.5,58.7
14:51:31.120,47.303693,8.738286,586.6,57.8
14:51:31.620,47.303693,8.738286,586.7,57.8
14:51:32.120,47.303736,8.73803,587.6,55.5
14:51:32.620,47.30376,8.73803,588.0,55.5
14:51:33.120,47.303783,8.737865,589.0,53.4
14:51:33.620,47.303803,8.737745,589.0,52.5
14:51:34.120,47.303803,8.737631,590.2,50.5
14:51:34.620,47.303836,8.737521,590.4,49.9
14:51:35.120,47.303836,8.737521,590.6,48.3
14:51:35.620,47.303836,8.737376,590.7,47.4
14:51:36.120,47.303836,8.737271,590.7,46.8
14:51:36.620,47.303836,8.737166,590.7,46.3
14:51:37.120,47.303913,8.737166,590.5,46.3
14:51:37.620,47.303926,8.737061,590.3,46.5
14:51:38.120,47.303926,8.736956,590.1,47.3
14:51:38.620,47.303943,8.736956,589.1,47.9
14:51:39.120,47.303956,8.736956,588.5,48.0
14:51:39.620,47.303976,8.736956,587.5,46.7
14:51:40.120,47.303986,8.7366,587.5,47.0
14:51:40.620,47.303986,8.736495,586.2,46.5
14:51:41.120,47.304003,8.736355,586.2,46.1
14:51:41.620,47.304026,8.736355,583.4,45.6
14:51:42.120,47.304056,8.736255,582.1,45.1
14:51:42.620,47.304056,8.736156,581.6,45.1
14:51:43.120,47.304056,8.736065,579.4,43.5
14:51:43.620,47.304113,8.736065,579.4,43.5
14:51:44.120,47.304153,8.735951,577.7,41.0
14:51:44.620,47.304153,8.735951,576.9,41.0
14:51:45.120,47.30419,8.735808,575.5,40.0
14:51:45.620,47.304253,8.735756,574.7,40.0
14:51:46.120,47.30431,8.735756,573.7,38.0
14:51:46.620,47.30437,8.735756,573.2,37.4
14:51:47.120,47.30437,8.735725,572.6,38.8
14:51:47.620,47.30443,8.735756,571.4,40.7
14:51:48.120,47.30443,8.735756,570.6,44.0
14:51:48.620,47.30443,8.735813,569.5,46.5
14:51:49.120,47.30443,8.735813,568.7,48.3
14:51:49.620,47.30443,8.736016,568.7,49.5
14:51:50.120,47.30465,8.736016,569.0,48.3
14:51:50.620,47.304686,8.736016,569.8,46.1
14:51:51.120,47.304716,8.73622,570.6,45.4
14:51:51.620,47.304716,8.736351,570.8,45.0
14:51:52.120,47.304733,8.736351,569.8,45.0
14:51:52.620,47.304753,8.736351,569.2,45.5
14:51:53.120,47.30478,8.73655,567.2,48.0
14:51:53.620,47.30478,8.736656,567.2,48.4
14:51:54.120,47.304806,8.736763,566.7,49.4
14:51:54.620,47.30483,8.736913,566.7,49.5
14:51:55.120,47.304843,8.736913,566.7,50.4
14:51:55.620,47.304843,8.73703,566.9,50.4
14:51:56.120,47.304843,8.737145,566.7,49.5
14:51:56.620,47.304846,8.737258,565.4,49.5
14:51:57.120,47.304833,8.737258,565.1,51.0
14:51:57.620,47.304813,8.737258,564.8,53.0
14:51:58.120,47.304813,8.737535,564.2,53.5
14:51:58.620,47.30479,8.737658,563.9,55.3
14:51:59.120,47.304763,8.737658,563.9,55.1
14:51:59.620,47.304763,8.737783,563.0,55.4
14:52:00.120,47.304763,8.737951,563.0,55.2
14:52:00.620,47.304726,8.738076,561.9,54.7
14:52:01.120,47.304726,8.738076,561.7,55.0
14:52:01.620,47.304726,8.738203,562.3,53.8
14:52:02.120,47.304726,8.738203,562.9,51.0
14:52:02.620,47.304726,8.738463,565.3,47.1
14:52:03.120,47.30466,8.738463,567.1,43.4
14:52:03.620,47.304643,8.738463,567.9,42.6
14:52:04.120,47.304606,8.738655,568.3,42.6
14:52:04.620,47.304606,8.738655,568.3,42.6
14:52:05.120,47.304573,8.73884,567.5,45.3
14:52:05.620,47.304533,8.73884,567.2,47.1
14:52:06.120,47.304476,8.73896,567.2,52.9
14:52:06.620,47.30439,8.73904,567.2,53.8
14:52:07.120,47.30439,8.739105,568.2,52.5
14:52:07.620,47.30439,8.739148,569.6,51.3
14:52:08.120,47.304243,8.739148,569.9,49.8
14:52:08.620,47.304243,8.73917,570.3,49.8
14:52:09.120,47.304243,8.73917,570.2,50.4
14:52:09.620,47.30406,8.739125,570.1,52.2
14:52:10.120,47.303986,8.739125,570.5,51.7
14:52:10.620,47.303923,8.739065,571.0,50.3
14:52:11.120,47.303923,8.738956,571.3,49.4
14:52:11.620,47.303873,8.738856,571.6,47.1
14:52:12.120,47.303853,8.738756,573.3,47.1
14:52:12.620,47.30386,8.738756,573.7,41.8
14:52:13.120,47.303886,8.738661,573.8,41.7
14:52:13.620,47.303886,8.738551,573.3,43.0
14:52:14.120,47.303886,8.738495,572.7,45.3
14:52:14.620,47.303886,8.738495,572.4,46.5
14:52:15.120,47.304093,8.738495,573.4,43.6
14:52:15.620,47.304093,8.73847,574.6,43.6
14:52:16.120,47.304163,8.738503,575.3,42.6
14:52:16.620,47.304223,8.738503,575.2,42.6
14:52:17.120,47.304276,8.738551,575.0,42.8
14:52:17.620,47.304326,8.738628,574.9,43.0
14:52:18.120,47.304326,8.738725,574.8,44.1
14:52:18.620,47.304333,8.738828,575.0,45.0
14:52:19.120,47.304333,8.738828,575.4,46.6
14:52:19.620,47.30429,8.738966,575.4,47.7
14:52:20.120,47.30429,8.739065,574.0,49.4
14:52:20.620,47.304226,8.739155,572.7,54.3
14:52:21.120,47.304226,8.739155,572.4,59.4
14:52:21.620,47.30407,8.73922,573.5,59.4
14:52:22.120,47.30407,8.73922,574.8,53.7
14:52:22.620,47.303986,8.739215,576.6,49.7
14:52:23.120,47.303896,8.739215,577.6,47.1
14:52:23.620,47.30385,8.739148,578.0,45.7
14:52:24.120,47.303816,8.739063,578.0,45.2
14:52:24.620,47.303816,8.738933,578.0,45.3
14:52:25.120,47.3038,8.738826,577.2,47.1
14:52:25.620,47.303803,8.738826,577.2,47.7
14:52:26.120,47.303836,8.738716,577.0,47.9
14:52:26.620,47.303836,8.738615,576.9,48.0
14:52:27.120,47.303836,8.738505,577.2,46.8
14:52:27.620,47.303836,8.738505,577.2,43.4
14:52:28.120,47.303836,8.738505,578.6,41.5
14:52:28.620,47.303836,8.738426,579.9,41.5
14:52:29.120,47.30408,8.738421,581.0,36.8
14:52:29.620,47.304136,8.738431,582.6,36.8
14:52:30.120,47.304196,8.738431,582.8,35.2
14:52:30.620,47.304246,8.738441,583.2,35.4
14:52:31.120,47.304246,8.738453,583.1,36.3
14:52:31.620,47.30432,8.738466,582.9,37.4
14:52:32.120,47.304376,8.738466,582.4,38.8
14:52:32.620,47.304376,8.738491,582.4,39.7
14:52:33.120,47.304376,8.738551,584.0,38.2
14:52:33.620,47.304483,8.738618,585.0,39.3
14:52:34.120,47.304483,8.738618,584.9,40.2
14:52:34.620,47.304483,8.738691,585.0,40.2
14:52:35.120,47.304483,8.738691,585.5,42.4
14:52:35.620,47.304596,8.7389,587.1,42.4
14:52:36.120,47.304613,8.738991,587.7,40.6
14:52:36.620,47.304626,8.738991,587.7,41.4
14:52:37.120,47.304623,8.73909,588.0,42.1
14:52:37.620,47.304623,8.739193,588.0,45.2
14:52:38.120,47.304603,8.739328,587.9,45.5
14:52:38.620,47.30457,8.739328,587.9,48.7
14:52:39.120,47.30457,8.73942,587.9,50.0
14:52:39.620,47.30457,8.739495,588.4,49.3
14:52:40.120,47.30457,8.739555,588.2,51.6
14:52:40.620,47.30457,8.739555,589.0,52.7
14:52:41.120,47.30428,8.739555,589.0,50.6
14:52:41.620,47.304203,8.739545,589.3,50.8
14:52:42.120,47.304203,8.73948,589.4,49.7
14:52:42.620,47.304126,8.739386,589.9,47.5
14:52:43.120,47.3041,8.739386,590.3,47.5
14:52:43.620,47.304096,8.739245,590.4,45.9
14:52:44.120,47.304096,8.73914,590.0,46.2
14:52:44.620,47.304116,8.739051,589.9,46.9
14:52:45.120,47.30419,8.739051,589.9,45.6
14:52:45.620,47.304263,8.739001,589.9,45.3
14:52:46.120,47.304263,8.739001,590.3,43.6
14:52:46.620,47.30433,8.739001,590.9,41.2
14:52:47.120,47.30433,8.739001,590.9,40.9
14:52:47.620,47.30433,8.739151,591.3,40.9
14:52:48.120,47.304393,8.739151,591.5,42.2
14:52:48.620,47.304393,8.739343,591.8,43.4
14:52:49.120,47.304353,8.739448,591.5,45.2
14:52:49.620,47.3043,8.739448,591.5,47.2
14:52:50.120,47.304203,8.73949,591.9,48.0
14:52:50.620,47.304203,8.739495,591.9,46.9
14:52:51.120,47.30413,8.739466,592.9,44.7
14:52:51.620,47.30407,8.73939,593.8,43.8
14:52:52.120,47.304016,8.73939,593.4,42.5
14:52:52.620,47.303983,8.73931,592.7,43.0
14:52:53.120,47.303983,8.739211,592.6,44.3
14:52:53.620,47.30397,8.739111,592.2,42.7
14:52:54.120,47.303986,8.739111,591.3,42.0
14:52:54.620,47.304036,8.738998,588.5,42.0
14:52:55.120,47.304036,8.73895,586.8,47.7
14:52:55.620,47.30411,8.73895,585.4,47.7
14:52:56.120,47.30411,8.738943,585.3,52.1
14:52:56.620,47.304293,8.73898,585.2,51.4
14:52:57.120,47.304363,8.73906,585.2,52.6
14:52:57.620,47.304363,8.739146,585.2,54.0
14:52:58.120,47.304363,8.73925,586.0,54.5
14:52:58.620,47.304476,8.73925,586.3,53.8
14:52:59.120,47.304503,8.73925,587.0,53.8
14:52:59.620,47.304503,8.739485,589.2,51.1
14:53:00.120,47.304503,8.739638,590.7,50.4
14:53:00.620,47.304496,8.739638,591.8,50.4
14:53:01.120,47.304436,8.739638,593.2,43.2
14:53:01.620,47.304436,8.7398,593.2,42.4
14:53:02.120,47.304376,8.73984,593.0,42.8
14:53:02.620,47.304306,8.73984,593.0,44.6
14:53:03.120,47.304236,8.739833,593.0,45.2
14:53:03.620,47.304236,8.739786,593.0,45.6
14:53:04.120,47.30416,8.739716,592.6,47.3
14:53:04.620,47.30411,8.739716,592.6,47.9
14:53:05.120,47.30409,8.739716,592.6,46.4
14:53:05.620,47.304076,8.739483,593.6,44.8
14:53:06.120,47.304076,8.739383,593.5,44.7
14:53:06.620,47.304086,8.739285,592.8,44.7
14:53:07.120,47.304116,8.739285,592.2,45.4
14:53:07.620,47.304166,8.739191,592.1,46.2
14:53:08.120,47.304166,8.739091,592.3,46.4
14:53:08.620,47.304226,8.739038,593.1,45.2
14:53:09.120,47.304293,8.739011,594.5,45.2
14:53:09.620,47.30439,8.739011,594.5,43.7
14:53:10.120,47.30445,8.739011,597.3,41.1
14:53:10.620,47.30445,8.739056,597.3,42.400000000000006
14:53:11.120,47.30445,8.739113,598.1,39.4
14:53:11.620,47.304553,8.739113,598.1,38.6
14:53:12.120,47.304586,8.739188,598.4,38.7
14:53:12.620,47.304586,8.739276,598.1,39.6
14:53:13.120,47.304586,8.739375,598.3,42.5
14:53:13.620,47.304553,8.739375,598.7,42.5
14:53:14.120,47.30451,8.739375,599.1,43.2
14:53:14.620,47.30451,8.739561,598.8,43.2
14:53:15.120,47.30451,8.739616,598.1,47.1
14:53:15.620,47.304356,8.739643,598.1,51.6
14:53:16.120,47.30428,8.739643,598.1,51.6
14:53:16.620,47.30428,8.739631,598.1,52.7
14:53:17.120,47.30428,8.739588,597.1,53.4
14:53:17.620,47.3041,8.739516,596.4,55.3
14:53:18.120,47.30404,8.739416,596.9,55.2
14:53:18.620,47.304003,8.739416,598.4,51.4
14:53:19.120,47.304003,8.73927,599.1,49.3
14:53:19.620,47.303986,8.73916,599.2,47.6
14:53:20.120,47.303983,8.73905,598.6,47.5
14:53:20.620,47.304013,8.73905,598.2,47.3
14:53:21.120,47.304056,8.738946,597.8,47.5
14:53:21.620,47.304056,8.738855,598.2,45.4
14:53:22.120,47.304123,8.738855,598.6,45.4
14:53:22.620,47.30419,8.738841,599.5,40.5
14:53:23.120,47.304273,8.738876,600.7,44.4
14:53:23.620,47.304273,8.73893,600.7,45.4
14:53:24.120,47.304273,8.73893,600.5,46.1
14:53:24.620,47.304366,8.739038,600.9,46.7
14:53:25.120,47.304393,8.739038,602.4,46.0
14:53:25.620,47.304393,8.739038,602.4,45.9
14:53:26.120,47.304393,8.739341,602.6,46.3
14:53:26.620,47.304423,8.739341,603.1,46.3
14:53:27.120,47.30442,8.739341,603.0,46.3
14:53:27.620,47.304403,8.739593,602.6,47.3
14:53:28.120,47.304403,8.7397,602.6,48.8
14:53:28.620,47.304356,8.739793,603.7,47.0
14:53:29.120,47.304356,8.739793,604.3,44.5
14:53:29.620,47.304263,8.73987,604.4,43.8
14:53:30.120,47.304263,8.739945,604.4,45.0
14:53:30.620,47.3042,8.73997,604.8,45.9
14:53:31.120,47.304106,8.73997,604.8,44.5
14:53:31.620,47.304106,8.739961,605.3,42.3
14:53:32.120,47.303983,8.739925,604.2,42.3
14:53:32.620,47.303983,8.739825,603.3,47.9
14:53:33.120,47.303933,8.73972,603.2,48.4
14:53:33.620,47.303913,8.73972,603.7,48.8
14:53:34.120,47.30391,8.73961,604.3,46.4
14:53:34.620,47.30391,8.739505,604.3,45.0
14:53:35.120,47.30392,8.739368,603.1,46.5
14:53:35.620,47.303943,8.739368,602.7,47.1
14:53:36.120,47.303986,8.739368,602.2,45.3
14:53:36.620,47.303986,8.739203,602.2,44.2
14:53:37.120,47.303986,8.739173,602.2,41.3
14:53:37.620,47.304136,8.739173,604.5,40.8
14:53:38.120,47.304196,8.739173,605.8,39.0
14:53:38.620,47.304196,8.73925,606.6,39.1
14:53:39.120,47.304196,8.73931,606.5,40.4
14:53:39.620,47.304196,8.73931,605.5,40.4
14:53:40.120,47.304196,8.73931,605.3,47.4
14:53:40.620,47.304313,8.739508,606.2,47.9
14:53:41.120,47.304313,8.739646,606.9,47.9
14:53:41.620,47.30429,8.739646,606.9,47.9
14:53:42.120,47.30429,8.739646,606.9,45.8
14:53:42.620,47.304173,8.739825,606.9,45.8
14:53:43.120,47.304173,8.739881,606.5,47.7
14:53:43.620,47.30411,8.73992,606.9,48.1
14:53:44.120,47.30411,8.739921,607.0,48.0
14:53:44.620,47.30411,8.739921,607.8,47.2
14:53:45.120,47.303866,8.739921,608.5,44.4
14:53:45.620,47.303866,8.739853,608.5,43.6
14:53:46.120,47.30381,8.739768,608.1,44.9
14:53:46.620,47.30376,8.739768,608.2,44.9
14:53:47.120,47.30372,8.739681,609.3,43.2
14:53:47.620,47.30372,8.739588,609.7,42.2
14:53:48.120,47.303706,8.739498,610.6,39.7
14:53:48.620,47.30372,8.739386,610.6,38.2
14:53:49.120,47.303743,8.739386,610.4,38.2
14:53:49.620,47.303786,8.739316,610.4,37.8
14:53:50.120,47.303786,8.73927,609.3,39.2
14:53:50.620,47.30386,8.73927,608.6,39.9
14:53:51.120,47.303923,8.73927,608.7,39.9
14:53:51.620,47.303923,8.739265,608.8,42.1
14:53:52.120,47.303923,8.739311,608.9,42.7
14:53:52.620,47.303923,8.739311,609.5,41.8
14:53:53.120,47.303923,8.739311,609.9,41.8
14:53:53.620,47.30417,8.739418,610.1,42.2
14:53:54.120,47.30417,8.739418,610.2,42.2
14:53:54.620,47.304223,8.739418,610.2,43.0
14:53:55.120,47.304223,8.739581,610.2,43.0
14:53:55.620,47.304223,8.739665,610.2,43.0
14:53:56.120,47.304223,8.739665,610.2,42.6
14:53:56.620,47.30435,8.739838,610.2,43.2
14:53:57.120,47.30435,8.739965,609.5,43.6
14:53:57.620,47.30435,8.739965,609.2,45.6
14:53:58.120,47.30435,8.740066,609.3,44.0
14:53:58.620,47.30435,8.740066,609.3,43.7
14:53:59.120,47.30435,8.74027,608.7,44.0
14:53:59.620,47.30442,8.740408,608.4,44.0
14:54:00.120,47.304403,8.740408,607.3,46.4
14:54:00.620,47.304403,8.740408,607.0,46.4
14:54:01.120,47.304363,8.740408,607.0,50.9
14:54:01.620,47.30429,8.740408,607.3,50.9
14:54:02.120,47.304223,8.740408,607.7,48.8
14:54:02.620,47.304223,8.740731,607.7,48.7
14:54:03.120,47.304223,8.740768,607.7,49.0
14:54:03.620,47.304076,8.740788,606.8,51.4
14:54:04.120,47.303966,8.740793,606.4,52.2
14:54:04.620,47.303966,8.740793,605.6,53.9
14:54:05.120,47.303966,8.740781,605.4,55.0
14:54:05.620,47.303966,8.740781,605.0,55.4
14:54:06.120,47.30371,8.740731,605.0,55.5
14:54:06.620,47.303596,8.740731,605.0,55.1
14:54:07.120,47.303516,8.7407,604.9,55.1
14:54:07.620,47.303516,8.740646,604.9,54.3
14:54:08.120,47.303433,8.740598,603.6,54.2
14:54:08.620,47.303356,8.740598,603.2,55.4
14:54:09.120,47.30325,8.740546,603.5,53.9
14:54:09.620,47.30325,8.740491,603.5,53.0
14:54:10.120,47.30325,8.740435,604.9,49.0
14:54:10.620,47.30325,8.740435,605.6,48.0
14:54:11.120,47.30325,8.740361,606.6,43.5
14:54:11.620,47.30298,8.740306,606.5,43.4
14:54:12.120,47.30298,8.74025,605.9,43.4
14:54:12.620,47.302926,8.740186,605.2,44.8
14:54:13.120,47.302873,8.740186,605.2,44.3
14:54:13.620,47.302823,8.740091,605.1,44.0
14:54:14.120,47.302823,8.740016,604.8,43.8
14:54:14.620,47.302763,8.739936,604.2,44.7
14:54:15.120,47.302723,8.739936,603.1,45.7
14:54:15.620,47.302723,8.739845,602.5,46.2
14:54:16.120,47.302676,8.739713,602.5,43.4
14:54:16.620,47.302676,8.73962,602.1,40.2
14:54:17.120,47.302686,8.739526,599.3,41.8
14:54:17.620,47.302686,8.739526,597.0,47.3
14:54:18.120,47.302796,8.739445,594.5,51.7
14:54:18.620,47.302796,8.739388,593.5,53.3
14:54:19.120,47.30288,8.739388,593.6,51.6
14:54:19.620,47.302956,8.739371,594.9,48.5
14:54:20.120,47.303063,8.73939,596.0,48.1
14:54:20.620,47.303063,8.739418,596.0,46.9
14:54:21.120,47.303133,8.739458,597.4,46.1
14:54:21.620,47.303193,8.739458,597.6,46.0
14:54:22.120,47.30326,8.739458,597.4,46.2
14:54:22.620,47.30326,8.73956,597.4,46.3
14:54:23.120,47.30326,8.73956,597.4,46.3
14:54:23.620,47.303416,8.739605,597.4,46.3
14:54:24.120,47.303483,8.739605,598.0,46.3
14:54:24.620,47.303546,8.739605,598.7,44.5
14:54:25.120,47.303546,8.739753,599.2,44.1
14:54:25.620,47.30363,8.739753,599.5,44.1
14:54:26.120,47.30363,8.739808,599.6,44.1
14:54:26.620,47.303683,8.739808,599.6,44.5
14:54:27.120,47.303683,8.739808,599.6,44.5
14:54:27.620,47.303683,8.740061,599.6,38.7
14:54:28.120,47.303793,8.740145,602.6,37.2
14:54:28.620,47.303793,8.740145,602.4,37.9
14:54:29.120,47.3038,8.740231,602.1,38.8
14:54:29.620,47.3038,8.740353,600.2,42.3
14:54:30.120,47.3038,8.740445,599.8,43.9
14:54:30.620,47.3038,8.740445,599.5,43.9
14:54:31.120,47.3038,8.740515,599.6,43.9
14:54:31.620,47.30365,8.740515,599.5,43.9
14:54:32.120,47.303576,8.740595,598.1,50.0
14:54:32.620,47.3035,8.740595,597.7,50.0
14:54:33.120,47.303416,8.740585,597.1,53.4
14:54:33.620,47.303313,8.740545,597.1,55.0
14:54:34.120,47.303313,8.740466,595.4,55.5
14:54:34.620,47.30326,8.740466,595.9,54.5
14:54:35.120,47.303226,8.740466,595.8,51.5
14:54:35.620,47.303226,8.740208,595.6,50.8
14:54:36.120,47.303226,8.740093,596.1,49.6
14:54:36.620,47.303226,8.739995,597.2,45.8
14:54:37.120,47.303263,8.739995,597.4,45.5
14:54:37.620,47.303313,8.739906,597.6,43.6
14:54:38.120,47.303313,8.739815,597.8,42.0
14:54:38.620,47.303366,8.739773,598.2,42.0
14:54:39.120,47.303443,8.739773,598.4,42.0
14:54:39.620,47.303503,8.73975,598.9,39.7
14:54:40.120,47.303503,8.73975,599.2,38.4
14:54:40.620,47.303563,8.73975,599.2,38.4
14:54:41.120,47.30362,8.739725,599.3,39.3
14:54:41.620,47.303706,8.739723,598.6,40.1
14:54:42.120,47.303766,8.739726,598.6,39.9
14:54:42.620,47.303766,8.739726,598.5,39.9
14:54:43.120,47.303766,8.739726,598.4,40.4
14:54:43.620,47.303766,8.739776,598.6,40.4
14:54:44.120,47.303766,8.739845,598.9,40.4
14:54:44.620,47.303766,8.739845,598.9,40.4
14:54:45.120,47.303766,8.739993,598.6,40.5
14:54:45.620,47.304,8.739993,599.2,40.5
14:54:46.120,47.304013,8.739993,599.9,38.2
14:54:46.620,47.304006,8.740201,599.9,39.3
14:54:47.120,47.304006,8.740293,599.2,39.9
14:54:47.620,47.303993,8.740293,598.4,41.5
14:54:48.120,47.303976,8.740293,597.3,45.6
14:54:48.620,47.303976,8.740486,597.1,49.6
14:54:49.120,47.303976,8.74061,597.1,49.9
14:54:49.620,47.303976,8.740685,597.7,48.6
14:54:50.120,47.303976,8.740685,597.7,49.6
14:54:50.620,47.303976,8.740748,597.9,49.8
14:54:51.120,47.303976,8.740808,598.0,48.7
14:54:51.620,47.303666,8.740836,598.0,48.7
14:54:52.120,47.30359,8.740836,598.1,49.7
14:54:52.620,47.30351,8.740836,598.4,48.8
14:54:53.120,47.30341,8.74087,598.4,48.4
14:54:53.620,47.30341,8.740873,598.4,49.0
14:54:54.120,47.303333,8.740868,599.2,47.7
14:54:54.620,47.303333,8.740868,599.6,47.9
14:54:55.120,47.303186,8.74085,599.1,47.6
14:54:55.620,47.303186,8.74085,599.1,47.4
14:54:56.120,47.303186,8.74077,598.0,50.8
14:54:56.620,47.303023,8.740666,597.7,52.1
14:54:57.120,47.302973,8.740666,598.6,49.0
14:54:57.620,47.302943,8.740666,599.8,46.8
14:54:58.120,47.302943,8.740483,599.7,42.8
14:54:58.620,47.30291,8.740385,599.0,42.8
14:54:59.120,47.302906,8.740385,599.0,44.9
14:54:59.620,47.302926,8.740246,599.0,45.1
14:55:00.120,47.302926,8.740151,598.2,43.4
14:55:00.620,47.302953,8.740151,598.2,42.1
14:55:01.120,47.303016,8.740151,598.6,41.5
14:55:01.620,47.303016,8.740008,599.5,38.1
14:55:02.120,47.303016,8.739968,600.1,36.1
14:55:02.620,47.30313,8.739945,600.6,34.7
14:55:03.120,47.303183,8.739945,600.7,34.5
14:55:03.620,47.30325,8.739948,600.8,34.3
14:55:04.120,47.303296,8.73997,599.1,35.7
14:55:04.620,47.303296,8.73997,596.8,35.7
14:55:05.120,47.30333,8.74014,592.4,47.7
14:55:05.620,47.303336,8.74014,591.3,47.7
14:55:06.120,47.303296,8.740266,590.5,58.5
14:55:06.620,47.303296,8.740388,590.5,57.8
14:55:07.120,47.303256,8.740503,591.6,56.9
14:55:07.620,47.303256,8.740503,591.6,56.8
14:55:08.120,47.303156,8.740503,591.7,55.9
14:55:08.620,47.303156,8.740748,591.9,55.7
14:55:09.120,47.303156,8.74084,592.7,55.2
14:55:09.620,47.303156,8.74084,593.3,55.2
14:55:10.120,47.303156,8.74084,593.7,55.2
14:55:10.620,47.30289,8.74084,593.4,49.9
14:55:11.120,47.30289,8.74107,592.6,50.5
14:55:11.620,47.30282,8.741116,591.7,50.7
14:55:12.120,47.302716,8.741116,591.7,51.5
14:55:12.620,47.30264,8.741146,591.7,49.4
14:55:13.120,47.302563,8.741158,590.8,48.3
14:55:13.620,47.302563,8.741158,589.7,48.0
14:55:14.120,47.302486,8.741113,588.1,49.0
14:55:14.620,47.302486,8.741113,586.9,52.1
14:55:15.120,47.302316,8.741061,585.8,55.5
14:55:15.620,47.302316,8.740955,585.9,55.5
14:55:16.120,47.302253,8.74087,586.5,52.8
14:55:16.620,47.302193,8.74087,586.7,52.8
14:55:17.120,47.30212,8.74079,587.6,50.0
14:55:17.620,47.30212,8.74071,587.6,50.0
14:55:18.120,47.30207,8.74063,587.0,46.9
14:55:18.620,47.302016,8.74052,586.8,47.9
14:55:19.120,47.30197,8.74052,586.2,49.6
14:55:19.620,47.301913,8.740431,586.3,49.5
14:55:20.120,47.301913,8.740348,586.5,49.6
14:55:20.620,47.301846,8.740261,586.4,49.4
14:55:21.120,47.30179,8.740261,586.2,49.0
14:55:21.620,47.30179,8.740155,585.1,50.3
14:55:22.120,47.30179,8.740075,584.1,51.0
14:55:22.620,47.30179,8.739998,582.9,53.5
14:55:23.120,47.301586,8.739998,582.1,53.5
14:55:23.620,47.301516,8.739925,581.3,54.4
14:55:24.120,47.301516,8.739835,580.5,54.7
14:55:24.620,47.30144,8.739776,580.1,55.6
14:55:25.120,47.301363,8.739725,578.6,56.7
14:55:25.620,47.30125,8.739725,578.3,57.2
14:55:26.120,47.301166,8.739686,577.5,56.5
14:55:26.620,47.301166,8.739686,576.7,54.9
14:55:27.120,47.301083,8.739598,576.2,56.8
14:55:27.620,47.301083,8.739598,576.7,55.1
14:55:28.120,47.301083,8.73955,576.9,51.9
14:55:28.620,47.301083,8.739493,576.9,51.9
14:55:29.120,47.301083,8.739425,576.7,49.1
14:55:29.620,47.301083,8.739425,576.6,48.7
14:55:30.120,47.300736,8.739313,576.6,46.3
14:55:30.620,47.300706,8.739216,576.6,45.3
14:55:31.120,47.300706,8.739118,576.8,42.2
14:55:31.620,47.300716,8.739023,576.8,42.0
14:55:32.120,47.300743,8.739023,576.8,41.8
14:55:32.620,47.30079,8.738915,576.1,43.8
14:55:33.120,47.30079,8.738853,576.1,43.9
14:55:33.620,47.30079,8.738803,575.7,44.5
14:55:34.120,47.300936,8.738803,575.2,45.5
14:55:34.620,47.300936,8.738768,575.2,44.6
14:55:35.120,47.300936,8.738741,575.3,44.2
14:55:35.620,47.300936,8.73873,575.3,44.6
14:55:36.120,47.30114,8.73873,575.3,44.6
14:55:36.620,47.301233,8.73873,575.1,43.8
14:55:37.120,47.301303,8.738715,575.0,43.3
14:55:37.620,47.301303,8.7387,575.0,42.5
14:55:38.120,47.301363,8.7387,575.0,42.3
14:55:38.620,47.301426,8.7387,575.0,41.6
14:55:39.120,47.301516,8.738678,575.0,41.3
14:55:39.620,47.301516,8.738678,574.8,42.3
14:55:40.120,47.301583,8.738671,574.4,43.0
14:55:40.620,47.301583,8.738671,573.7,44.4
14:55:41.120,47.30172,8.738671,572.8,45.1
14:55:41.620,47.30172,8.738683,572.6,45.1
14:55:42.120,47.30181,8.738693,572.1,44.8
14:55:42.620,47.301883,8.738693,571.6,44.8
14:55:43.120,47.301953,8.738711,571.1,45.0
14:55:43.620,47.302023,8.738728,571.0,43.7
14:55:44.120,47.302023,8.738748,571.0,42.9
14:55:44.620,47.302106,8.738778,570.7,42.8
14:55:45.120,47.30217,8.738778,570.4,42.2
14:55:45.620,47.30223,8.738815,569.9,42.3
14:55:46.120,47.30223,8.738865,569.4,43.0
14:55:46.620,47.30223,8.738865,568.9,44.2
14:55:47.120,47.302376,8.738865,568.1,44.7
14:55:47.620,47.302376,8.738865,567.9,44.2
14:55:48.120,47.302376,8.738991,567.7,44.6
14:55:48.620,47.302376,8.739055,567.2,44.6
14:55:49.120,47.302566,8.739103,566.8,45.7
14:55:49.620,47.302633,8.739103,566.4,46.0
14:55:50.120,47.302716,8.739151,566.2,46.9
14:55:50.620,47.302716,8.739201,566.2,46.5
14:55:51.120,47.302783,8.739271,566.3,46.6
14:55:51.620,47.302846,8.739271,566.3,46.2
14:55:52.120,47.30291,8.739326,567.0,45.8
14:55:52.620,47.30291,8.739326,567.4,45.1
14:55:53.120,47.302986,8.739448,568.5,43.5
14:55:53.620,47.302986,8.739448,568.7,43.3
14:55:54.120,47.302986,8.739448,568.7,43.9
14:55:54.620,47.303133,8.739613,567.9,44.4
14:55:55.120,47.303133,8.739695,567.9,44.4
14:55:55.620,47.303133,8.739785,568.4,44.4
14:55:56.120,47.303206,8.739785,568.4,42.3
14:55:56.620,47.303223,8.739908,568.1,43.1
14:55:57.120,47.303223,8.740008,567.9,43.5
14:55:57.620,47.30322,8.740105,568.1,42.7
14:55:58.120,47.303193,8.740105,568.6,43.3
14:55:58.620,47.303166,8.740196,568.3,42.0
14:55:59.120,47.303166,8.740285,568.3,43.1
14:55:59.620,47.30313,8.740285,567.5,46.3
14:56:00.120,47.303076,8.740463,566.0,47.6
14:56:00.620,47.303076,8.740463,565.9,48.5
14:56:01.120,47.303076,8.740463,565.5,48.1
14:56:01.620,47.303076,8.740543,565.0,47.3
14:56:02.120,47.302846,8.740553,564.2,47.2
14:56:02.620,47.30277,8.740553,564.0,47.7
14:56:03.120,47.302673,8.740538,562.5,47.8
14:56:03.620,47.302673,8.740505,562.5,48.9
14:56:04.120,47.302606,8.740445,562.7,47.1
14:56:04.620,47.30255,8.740343,562.7,47.1
14:56:05.120,47.302503,8.740343,562.4,46.3
14:56:05.620,47.302503,8.740343,563.6,43.5
14:56:06.120,47.302503,8.740158,563.9,42.3
14:56:06.620,47.302503,8.740158,564.3,40.1
14:56:07.120,47.30245,8.740158,564.2,39.9
14:56:07.620,47.302456,8.73994,564.3,39.9
14:56:08.120,47.302456,8.739855,564.3,38.7
14:56:08.620,47.302486,8.739781,564.1,38.0
14:56:09.120,47.302533,8.739781,564.0,38.0
14:56:09.620,47.30258,8.73972,563.9,36.1
14:56:10.120,47.30258,8.73966,563.9,35.5
14:56:10.620,47.30258,8.739628,563.8,36.6
14:56:11.120,47.302686,8.73961,563.0,38.5
14:56:11.620,47.302766,8.73961,562.8,39.4
14:56:12.120,47.302766,8.7396,562.8,39.5
14:56:12.620,47.302766,8.739603,562.9,39.5
14:56:13.120,47.302893,8.739618,562.6,40.6
14:56:13.620,47.302893,8.739618,562.7,42.3
14:56:14.120,47.302893,8.739618,563.3,41.1
14:56:14.620,47.302893,8.739686,563.5,41.1
14:56:15.120,47.302893,8.739686,563.6,40.8
14:56:15.620,47.30315,8.739686,563.6,40.7
14:56:16.120,47.30319,8.739818,563.7,40.3
14:56:16.620,47.303233,8.739893,563.7,38.9
14:56:17.120,47.303233,8.739975,564.0,39.6
14:56:17.620,47.303256,8.740063,562.4,40.6
14:56:18.120,47.303263,8.740063,562.1,43.1
14:56:18.620,47.303256,8.740063,562.0,44.1
14:56:19.120,47.303256,8.740296,561.8,43.9
14:56:19.620,47.303256,8.740395,560.8,46.5
14:56:20.120,47.303193,8.740395,560.3,48.0
14:56:20.620,47.303146,8.740486,560.1,49.1
14:56:21.120,47.303146,8.740591,559.7,50.0
14:56:21.620,47.303146,8.740651,559.3,49.2
14:56:22.120,47.303016,8.740696,558.4,49.3
14:56:22.620,47.302916,8.740696,558.4,50.2
14:56:23.120,47.302836,8.740726,557.5,50.5
14:56:23.620,47.302836,8.740743,557.2,50.5
14:56:24.120,47.30276,8.740735,557.0,51.4
14:56:24.620,47.30268,8.740735,556.9,51.5
14:56:25.120,47.30258,8.740703,556.1,52.3
14:56:25.620,47.30258,8.74066,556.1,52.1
14:56:26.120,47.302503,8.740578,554.5,52.3
14:56:26.620,47.302503,8.740578,554.1,52.3
14:56:27.120,47.302373,8.740578,552.9,54.1
14:56:27.620,47.3023,8.740408,552.8,54.2
14:56:28.120,47.3023,8.740315,552.8,52.5
14:56:28.620,47.3023,8.740215,552.5,51.5
14:56:29.120,47.30221,8.740215,552.4,50.3
14:56:29.620,47.30217,8.740081,552.0,49.9
14:56:30.120,47.30217,8.739978,551.6,50.2
14:56:30.620,47.302126,8.739873,551.6,49.6
14:56:31.120,47.302096,8.739873,551.7,48.4
14:56:31.620,47.302096,8.739873,552.5,46.7
14:56:32.120,47.302096,8.73963,552.9,45.7
14:56:32.620,47.302096,8.739526,553.5,44.7
14:56:33.120,47.30208,8.739526,553.5,45.3
14:56:33.620,47.3021,8.739425,553.6,46.4
14:56:34.120,47.3021,8.739328,553.9,47.1
14:56:34.620,47.3021,8.739215,554.3,46.7
14:56:35.120,47.302196,8.739143,555.4,44.5
14:56:35.620,47.302266,8.739143,555.4,43.4
14:56:36.120,47.302316,8.739078,556.7,42.8
14:56:36.620,47.302316,8.739016,556.7,42.8
14:56:37.120,47.302366,8.738935,556.3,45.3
14:56:37.620,47.302426,8.738873,556.3,45.8
14:56:38.120,47.302486,8.738873,556.4,45.4
14:56:38.620,47.302486,8.738818,556.5,45.4
14:56:39.120,47.302486,8.738775,557.6,45.0
14:56:39.620,47.302486,8.738775,557.5,45.0
14:56:40.120,47.302703,8.738775,557.9,44.2
14:56:40.620,47.302766,8.7387,558.9,44.2
14:56:41.120,47.302766,8.738678,559.3,40.3
14:56:41.620,47.302846,8.738661,560.6,38.4
14:56:42.120,47.30291,8.738661,560.8,39.0
14:56:42.620,47.302966,8.738646,560.8,38.8
14:56:43.120,47.302966,8.738625,560.8,39.3
14:56:43.620,47.303026,8.73861,560.7,40.0
14:56:44.120,47.303113,8.73861,560.9,40.0
14:56:44.620,47.303173,8.73861,561.5,38.4
14:56:45.120,47.303173,8.738618,561.5,38.6
14:56:45.620,47.30323,8.73865,561.0,41.2
14:56:46.120,47.303293,8.738696,560.6,41.8
14:56:46.620,47.30336,8.738696,559.6,43.7
14:56:47.120,47.30336,8.738768,559.9,44.2
14:56:47.620,47.30336,8.738855,559.9,44.2
14:56:48.120,47.30343,8.738986,561.1,43.6
14:56:48.620,47.303436,8.738986,561.1,43.8
14:56:49.120,47.303433,8.739088,561.9,45.6
14:56:49.620,47.303433,8.739188,562.2,45.4
14:56:50.120,47.303396,8.739281,562.5,46.6
14:56:50.620,47.303353,8.739281,562.7,47.5
14:56:51.120,47.303283,8.739281,563.7,48.0
14:56:51.620,47.303283,8.739406,564.7,47.9
14:56:52.120,47.303283,8.739411,564.8,47.0
14:56:52.620,47.303283,8.739411,565.8,45.7
14:56:53.120,47.303283,8.739411,566.1,45.4
14:56:53.620,47.30299,8.739316,565.7,46.0
14:56:54.120,47.30299,8.739241,565.9,44.1
14:56:54.620,47.302946,8.739153,566.5,40.7
14:56:55.120,47.302926,8.739153,566.1,40.7
14:56:55.620,47.302936,8.739058,566.1,42.9
14:56:56.120,47.302936,8.738931,562.7,47.7
14:56:56.620,47.30298,8.738846,561.7,51.8
14:56:57.120,47.30304,8.738846,562.0,52.8
14:56:57.620,47.30304,8.738846,562.7,51.1
14:56:58.120,47.30304,8.738748,562.7,51.4
14:56:58.620,47.30304,8.738736,564.3,50.8
14:56:59.120,47.303303,8.738755,564.8,49.4
14:56:59.620,47.303303,8.738755,565.8,48.7
14:57:00.120,47.303303,8.738755,566.6,48.6
14:57:00.620,47.303303,8.738755,566.6,48.6
14:57:01.120,47.303303,8.73885,568.2,46.2
14:57:01.620,47.303303,8.73885,568.2,41.8
14:57:02.120,47.303576,8.73904,572.5,43.1
14:57:02.620,47.303583,8.73914,572.5,43.5
14:57:03.120,47.303583,8.739248,572.1,48.4
14:57:03.620,47.303556,8.739353,572.1,51.1
14:57:04.120,47.303556,8.739353,573.1,54.1
14:57:04.620,47.303556,8.739455,573.5,55.0
14:57:05.120,47.303556,8.739455,574.8,55.9
14:57:05.620,47.303556,8.739455,575.8,53.1
14:57:06.120,47.303556,8.739455,576.1,53.1
14:57:06.620,47.303166,8.739436,577.0,49.9
14:57:07.120,47.30313,8.739356,578.1,47.0
14:57:07.620,47.30313,8.739223,579.0,46.2
14:57:08.120,47.303113,8.739118,579.1,45.0
14:57:08.620,47.30313,8.739118,579.8,44.6
14:57:09.120,47.30316,8.739021,579.9,44.8
14:57:09.620,47.30316,8.738936,581.1,43.3
14:57:10.120,47.30321,8.738936,582.2,42.6
14:57:10.620,47.303266,8.738936,582.5,40.6
14:57:11.120,47.303353,8.738825,584.9,37.2
14:57:11.620,47.303353,8.738825,585.6,37.2
14:57:12.120,47.30341,8.738831,587.2,36.4
14:57:12.620,47.30341,8.738831,587.8,34.6
14:57:13.120,47.30341,8.738873,589.0,33.7
14:57:13.620,47.30341,8.738938,589.0,35.6
14:57:14.120,47.303533,8.739025,587.3,40.6
14:57:14.620,47.303526,8.739025,587.3,47.4
14:57:15.120,47.303496,8.739136,586.3,53.0
14:57:15.620,47.303433,8.739136,586.9,57.5
14:57:16.120,47.303433,8.739358,587.1,57.2
14:57:16.620,47.303356,8.739423,587.0,58.8
14:57:17.120,47.303243,8.739423,586.5,60.7
14:57:17.620,47.303243,8.73946,586.2,63.7
14:57:18.120,47.303243,8.739431,587.5,61.3
14:57:18.620,47.303243,8.739431,589.9,56.9
14:57:19.120,47.30298,8.73929,590.8,55.8
14:57:19.620,47.302893,8.73929,592.7,51.7
14:57:20.120,47.302853,8.739201,593.5,49.0
14:57:20.620,47.302853,8.739066,595.6,46.1
14:57:21.120,47.302836,8.738965,596.1,42.2
14:57:21.620,47.302853,8.738965,596.1,40.8
14:57:22.120,47.30291,8.738883,597.7,40.7
14:57:22.620,47.30291,8.738823,597.6,42.4
14:57:23.120,47.30297,8.738823,597.2,44.5
14:57:23.620,47.30297,8.738818,597.3,44.5
14:57:24.120,47.30297,8.738818,598.5,45.2
14:57:24.620,47.303193,8.738818,598.5,45.6
14:57:25.120,47.303193,8.738911,599.1,46.1
14:57:25.620,47.30325,8.738911,600.3,43.7
14:57:26.120,47.303296,8.738978,602.2,42.2
14:57:26.620,47.303333,8.739076,603.7,41.4
14:57:27.120,47.303333,8.739163,604.0,42.6
14:57:27.620,47.30337,8.739261,605.0,43.9
14:57:28.120,47.30337,8.739261,606.1,44.0
14:57:28.620,47.30334,8.739361,607.6,43.2
14:57:29.120,47.30334,8.739476,607.9,44.0
14:57:29.620,47.303296,8.739536,607.5,47.0
14:57:30.120,47.303296,8.739536,606.9,50.0
14:57:30.620,47.303296,8.739558,605.1,56.7
14:57:31.120,47.303296,8.739533,604.0,56.7
14:57:31.620,47.303296,8.739533,604.5,60.5
14:57:32.120,47.303296,8.739286,607.0,60.5
14:57:32.620,47.30295,8.739286,609.2,51.7
14:57:33.120,47.302946,8.739171,611.2,46.6
14:57:33.620,47.302946,8.739063,611.5,45.1
14:57:34.120,47.30295,8.738931,611.6,44.4
14:57:34.620,47.302983,8.738931,611.6,44.4
14:57:35.120,47.302983,8.738853,611.2,44.5
14:57:35.620,47.302983,8.7388,610.8,44.0
14:57:36.120,47.30312,8.7388,611.9,41.0
14:57:36.620,47.30312,8.738796,612.6,41.8
14:57:37.120,47.30312,8.738796,613.0,42.9
14:57:37.620,47.30312,8.738796,613.4,42.9
14:57:38.120,47.30312,8.738895,615.3,41.8
14:57:38.620,47.30312,8.738895,616.5,40.2
14:57:39.120,47.30312,8.738958,617.0,39.9
14:57:39.620,47.30312,8.739048,617.7,39.7
14:57:40.120,47.30312,8.739123,617.7,40.7
14:57:40.620,47.3035,8.739123,619.4,41.4
14:57:41.120,47.30354,8.739123,620.8,40.5
14:57:41.620,47.30356,8.739123,622.1,37.8
14:57:42.120,47.30356,8.739365,622.1,37.8
14:57:42.620,47.30358,8.739478,622.0,39.9
14:57:43.120,47.30358,8.739573,621.4,42.1
14:57:43.620,47.30358,8.739573,622.0,43.5
14:57:44.120,47.303583,8.739675,622.7,44.2
14:57:44.620,47.303583,8.739675,623.6,45.4
14:57:45.120,47.303583,8.739878,624.5,43.7
14:57:45.620,47.3035,8.739878,624.4,42.5
14:57:46.120,47.303403,8.739923,622.0,47.0
14:57:46.620,47.303316,8.739916,620.7,51.3
14:57:47.120,47.303316,8.739841,618.6,65.8
14:57:47.620,47.303246,8.739841,618.5,65.6
14:57:48.120,47.303193,8.73969,620.7,59.0
14:57:48.620,47.30316,8.739571,624.1,55.5
14:57:49.120,47.30316,8.739571,626.1,51.6
14:57:49.620,47.30316,8.739346,626.1,49.4
14:57:50.120,47.30312,8.739346,627.6,47.0
14:57:50.620,47.303133,8.739346,628.7,42.9
14:57:51.120,47.303133,8.739118,629.9,42.9
14:57:51.620,47.30316,8.739051,631.1,36.7
14:57:52.120,47.30322,8.739051,631.8,36.7
14:57:52.620,47.303263,8.739005,632.5,34.6
14:57:53.120,47.303263,8.738973,632.7,34.9
14:57:53.620,47.303316,8.738955,632.9,34.7
14:57:54.120,47.303373,8.738955,633.0,34.8
14:57:54.620,47.303443,8.738961,633.0,35.1
14:57:55.120,47.3035,8.73898,633.9,34.7
14:57:55.620,47.3035,8.739011,634.7,34.9
14:57:56.120,47.303543,8.739011,634.8,35.3
14:57:56.620,47.303543,8.739011,634.7,35.3
14:57:57.120,47.303543,8.739011,633.7,38.0
14:57:57.620,47.303543,8.739011,633.3,41.2
14:57:58.120,47.303543,8.73925,633.2,41.2
14:57:58.620,47.303743,8.73925,633.1,41.2
14:57:59.120,47.303743,8.739353,632.9,43.0
14:57:59.620,47.303786,8.739433,632.5,43.0
14:58:00.120,47.303836,8.739433,632.5,45.2
14:58:00.620,47.30387,8.739433,633.1,44.7
14:58:01.120,47.303893,8.739433,633.5,44.7
14:58:01.620,47.303913,8.739755,633.6,46.7
14:58:02.120,47.303913,8.739755,634.0,47.9
14:58:02.620,47.303913,8.739978,634.3,48.9
14:58:03.120,47.303913,8.739978,634.4,49.4
14:58:03.620,47.303896,8.740091,634.1,51.6
14:58:04.120,47.303896,8.740245,633.9,51.6
14:58:04.620,47.303896,8.740353,634.1,56.2
14:58:05.120,47.30381,8.740353,634.3,56.2
14:58:05.620,47.303723,8.74045,634.4,57.0
14:58:06.120,47.303723,8.740536,634.3,58.3
14:58:06.620,47.30365,8.740638,634.2,60.2
14:58:07.120,47.30357,8.740698,634.7,60.2
14:58:07.620,47.30348,8.740698,635.4,61.4
14:58:08.120,47.303356,8.740731,635.4,61.1
14:58:08.620,47.303356,8.740745,637.4,58.0
14:58:09.120,47.303266,8.740735,639.1,55.9
14:58:09.620,47.303266,8.740735,639.1,55.9
14:58:10.120,47.303266,8.740696,639.9,56.2
14:58:10.620,47.30299,8.740696,640.1,55.8
14:58:11.120,47.30299,8.740578,640.7,56.1
14:58:11.620,47.30292,8.740503,644.1,54.6
14:58:12.120,47.30286,8.740503,645.1,49.4
14:58:12.620,47.302806,8.740403,647.0,46.6
14:58:13.120,47.302806,8.740403,647.0,45.1
14:58:13.620,47.302743,8.740245,647.0,45.7
14:58:14.120,47.302703,8.740245,647.0,46.8
14:58:14.620,47.30266,8.740153,647.3,48.5
14:58:15.120,47.30266,8.740153,647.7,49.6
14:58:15.620,47.30266,8.739906,649.0,48.0
14:58:16.120,47.302623,8.739906,650.2,45.7
14:58:16.620,47.30263,8.739801,651.4,43.5
14:58:17.120,47.30263,8.739701,651.7,43.5
14:58:17.620,47.30264,8.739573,651.9,42.9
14:58:18.120,47.302666,8.739493,652.1,41.7
14:58:18.620,47.302713,8.739493,653.8,39.5
14:58:19.120,47.302766,8.739426,654.1,38.8
14:58:19.620,47.302766,8.739373,654.1,37.3
14:58:20.120,47.30282,8.739338,655.2,35.0
14:58:20.620,47.302873,8.739338,656.3,35.0
14:58:21.120,47.30293,8.739338,656.5,36.1
14:58:21.620,47.30293,8.739325,656.5,36.7
14:58:22.120,47.303006,8.739326,656.4,39.2
14:58:22.620,47.303006,8.739326,656.1,39.8
14:58:23.120,47.303006,8.73934,656.0,41.0
14:58:23.620,47.303006,8.73934,656.4,40.8
14:58:24.120,47.30319,8.73934,656.7,41.1
14:58:24.620,47.303276,8.73934,656.5,41.8
14:58:25.120,47.30334,8.73934,656.2,42.5
14:58:25.620,47.303406,8.739441,656.0,42.9
14:58:26.120,47.303406,8.73948,656.0,42.9
14:58:26.620,47.303466,8.73948,656.0,42.6
14:58:27.120,47.303546,8.73948,656.0,43.9
14:58:27.620,47.303606,8.73958,656.1,44.3
14:58:28.120,47.303606,8.73958,656.2,43.4
14:58:28.620,47.303606,8.739711,656.8,43.2
14:58:29.120,47.303606,8.739711,656.8,44.3
14:58:29.620,47.303793,8.739711,657.5,43.3
14:58:30.120,47.303793,8.73984,657.7,43.3
14:58:30.620,47.30384,8.73984,657.7,43.3
14:58:31.120,47.30384,8.73984,657.7,43.1
14:58:31.620,47.30384,8.740005,657.7,43.4
14:58:32.120,47.303986,8.740005,657.5,44.1
14:58:32.620,47.303986,8.740178,657.2,45.9
14:58:33.120,47.304016,8.740178,657.2,45.9
14:58:33.620,47.30404,8.740178,658.3,45.8
14:58:34.120,47.30404,8.740408,659.6,42.0
14:58:34.620,47.30404,8.740408,659.6,42.0
14:58:35.120,47.30404,8.740588,660.9,39.6
14:58:35.620,47.30404,8.74068,659.5,41.0
14:58:36.120,47.30404,8.74068,658.7,41.0
14:58:36.620,47.30404,8.74068,658.0,45.8
14:58:37.120,47.30404,8.740928,657.4,47.9
14:58:37.620,47.30404,8.741041,656.6,50.4
14:58:38.120,47.304093,8.741041,656.4,51.5
14:58:38.620,47.304063,8.741158,656.8,51.7
14:58:39.120,47.304063,8.741268,656.8,50.8
14:58:39.620,47.304033,8.741406,656.4,51.5
14:58:40.120,47.303986,8.741406,656.4,53.4
14:58:40.620,47.303986,8.741501,655.4,54.8
14:58:41.120,47.303896,8.741501,654.9,59.6
14:58:41.620,47.303896,8.74162,655.5,58.3
14:58:42.120,47.303896,8.74162,656.3,57.3
14:58:42.620,47.303636,8.74162,656.4,55.0
14:58:43.120,47.303523,8.741615,656.2,55.0
14:58:43.620,47.303523,8.741588,656.3,56.9
14:58:44.120,47.303523,8.741531,656.4,56.5
14:58:44.620,47.303356,8.741531,656.3,56.6
14:58:45.120,47.303276,8.741473,656.3,56.6
14:58:45.620,47.303203,8.741403,656.5,57.0
14:58:46.120,47.303203,8.741326,657.2,55.2
14:58:46.620,47.303113,8.74125,658.6,52.1
14:58:47.120,47.303053,8.74125,660.3,51.3
14:58:47.620,47.302993,8.74125,661.9,47.7
14:58:48.120,47.302993,8.741068,661.9,47.2
14:58:48.620,47.302993,8.740988,663.6,46.2
14:58:49.120,47.302876,8.740988,663.8,46.2
14:58:49.620,47.302876,8.740988,663.8,48.8
14:58:50.120,47.302786,8.740775,663.3,48.8
14:58:50.620,47.302786,8.74067,663.0,54.3
14:58:51.120,47.302743,8.740558,662.8,55.8
14:58:51.620,47.30268,8.740558,662.9,56.5
14:58:52.120,47.30263,8.740443,663.4,56.5
14:58:52.620,47.30263,8.740291,663.9,59.7
14:58:53.120,47.302576,8.740173,664.2,60.3
14:58:53.620,47.302523,8.740173,664.6,60.3
14:58:54.120,47.302523,8.740173,664.9,59.6
14:58:54.620,47.302523,8.739925,665.1,59.6
14:58:55.120,47.302436,8.739925,666.2,58.3
14:58:55.620,47.302413,8.739925,666.6,57.4
14:58:56.120,47.302416,8.739625,668.5,46.8
14:58:56.620,47.302416,8.73952,670.2,43.7
14:58:57.120,47.302456,8.739443,673.0,38.1
14:58:57.620,47.302493,8.739383,674.9,38.1
14:58:58.120,47.302533,8.739383,674.9,35.8
14:58:58.620,47.302586,8.73933,675.7,36.1
14:58:59.120,47.302586,8.739306,675.7,36.3
14:58:59.620,47.30266,8.739303,675.7,36.6
14:59:00.120,47.302716,8.739303,675.8,36.7
14:59:00.620,47.302776,8.739318,675.6,37.6
14:59:01.120,47.302776,8.739318,675.6,38.5
14:59:01.620,47.302823,8.739433,675.8,39.5
14:59:02.120,47.302823,8.739433,675.7,42.2
14:59:02.620,47.302823,8.739433,674.5,43.2
14:59:03.120,47.30287,8.739636,673.5,53.1
14:59:03.620,47.30287,8.739636,672.4,59.2
14:59:04.120,47.302826,8.739923,672.1,60.4
14:59:04.620,47.30277,8.739923,672.1,61.2
14:59:05.120,47.302673,8.740025,672.1,62.9
14:59:05.620,47.302673,8.740105,672.3,62.7
14:59:06.120,47.302583,8.74016,673.5,63.4
14:59:06.620,47.30249,8.74016,674.1,61.1
14:59:07.120,47.30249,8.74016,674.1,58.7
14:59:07.620,47.30249,8.740168,676.5,58.9
14:59:08.120,47.30249,8.740141,676.6,59.5
14:59:08.620,47.302186,8.740141,676.8,61.0
14:59:09.120,47.30209,8.74008,677.8,61.3
14:59:09.620,47.30209,8.740023,678.3,61.2
14:59:10.120,47.30209,8.739963,678.5,61.6
14:59:10.620,47.301893,8.739901,680.6,61.6
14:59:11.120,47.30181,8.739901,682.6,56.8
14:59:11.620,47.301733,8.73984,684.5,54.8
14:59:12.120,47.301733,8.739755,685.1,54.6
14:59:12.620,47.301663,8.739688,687.0,51.8
14:59:13.120,47.301596,8.73962,687.9,50.3
14:59:13.620,47.301596,8.73962,688.4,49.4
14:59:14.120,47.301453,8.73955,688.6,49.2
14:59:14.620,47.301453,8.739443,689.1,49.0
14:59:15.120,47.301453,8.739353,690.1,47.5
14:59:15.620,47.30136,8.739353,691.1,46.2
14:59:16.120,47.30136,8.739265,692.5,37.8
14:59:16.620,47.30136,8.739181,692.8,36.3
14:59:17.120,47.301326,8.73907,692.8,35.7
14:59:17.620,47.301343,8.73907,692.5,35.7
14:59:18.120,47.301376,8.73907,690.5,39.5
14:59:18.620,47.301453,8.738936,689.8,41.7
14:59:19.120,47.301453,8.7389,688.1,46.8
14:59:19.620,47.30153,8.7389,687.8,47.6
14:59:20.120,47.301603,8.7389,688.6,47.2
14:59:20.620,47.301603,8.738888,689.8,45.6
14:59:21.120,47.301603,8.738888,691.3,45.2
14:59:21.620,47.301603,8.738906,693.0,44.1
14:59:22.120,47.301846,8.738906,694.2,43.2
14:59:22.620,47.301846,8.738906,694.5,43.3
14:59:23.120,47.301846,8.738933,694.1,43.7
14:59:23.620,47.301973,8.738946,693.2,43.7
14:59:24.120,47.302066,8.738946,693.0,44.7
14:59:24.620,47.302133,8.73897,694.2,41.8
14:59:25.120,47.302133,8.739003,695.2,38.8
14:59:25.620,47.30219,8.739003,695.2,38.8
14:59:26.120,47.302243,8.739003,695.2,38.8
14:59:26.620,47.302243,8.739113,696.8,40.8
14:59:27.120,47.302336,8.739181,696.8,41.6
14:59:27.620,47.302336,8.73927,698.0,42.1
14:59:28.120,47.302336,8.739398,699.2,41.4
14:59:28.620,47.302336,8.739398,699.6,41.0
14:59:29.120,47.302306,8.739486,700.2,41.5
14:59:29.620,47.302306,8.739486,700.2,41.4
14:59:30.120,47.302306,8.73964,699.0,47.0
14:59:30.620,47.30219,8.73972,698.7,47.0
14:59:31.120,47.302116,8.73972,698.7,51.8
14:59:31.620,47.302033,8.739756,697.4,52.9
14:59:32.120,47.302033,8.739771,697.8,53.9
14:59:32.620,47.301923,8.739771,698.0,53.7
14:59:33.120,47.301843,8.739771,698.4,53.5
14:59:33.620,47.301843,8.73974,698.2,54.6
14:59:34.120,47.301843,8.739706,697.8,55.6
14:59:34.620,47.301673,8.739663,697.3,57.9
14:59:35.120,47.301553,8.739663,697.1,60.6
14:59:35.620,47.301553,8.739611,697.7,61.9
14:59:36.120,47.301553,8.73954,698.3,61.4
14:59:36.620,47.301376,8.73954,699.1,61.4
14:59:37.120,47.30129,8.739426,699.4,61.4
14:59:37.620,47.30118,8.739426,700.6,57.9
14:59:38.120,47.30118,8.739356,701.2,56.5
14:59:38.620,47.30111,8.73928,702.1,52.0
14:59:39.120,47.30105,8.739161,702.1,51.4
14:59:39.620,47.301,8.739161,703.4,49.2
14:59:40.120,47.300976,8.739161,704.6,46.0
14:59:40.620,47.300976,8.738955,705.2,46.0
14:59:41.120,47.300976,8.738866,707.4,37.5
14:59:41.620,47.300976,8.738866,707.7,37.5
14:59:42.120,47.300976,8.738771,708.3,36.5
14:59:42.620,47.301106,8.738771,708.1,36.5
14:59:43.120,47.301106,8.738661,707.5,36.9
14:59:43.620,47.30116,8.738618,706.7,36.9
14:59:44.120,47.30122,8.738618,705.0,44.2
14:59:44.620,47.301293,8.738573,703.6,47.8
14:59:45.120,47.301293,8.738546,703.6,53.2
14:59:45.620,47.30137,8.738546,700.8,55.5
14:59:46.120,47.301493,8.738546,701.8,54.2
14:59:46.620,47.301493,8.738536,703.4,53.6
14:59:47.120,47.301493,8.738548,704.7,53.6
14:59:47.620,47.301493,8.738563,706.7,49.4
14:59:48.120,47.301493,8.738563,707.8,47.8
14:59:48.620,47.301493,8.738583,709.2,47.1
14:59:49.120,47.301903,8.738608,710.0,44.2
14:59:49.620,47.301903,8.738655,710.3,44.2
14:59:50.120,47.301966,8.738655,711.0,43.4
14:59:50.620,47.302026,8.738655,711.3,43.6
14:59:51.120,47.302096,8.738756,711.7,45.0
14:59:51.620,47.302096,8.73883,711.7,45.8
14:59:52.120,47.302143,8.738946,714.0,43.3
14:59:52.620,47.302143,8.738946,714.5,43.1
14:59:53.120,47.302193,8.738946,715.4,42.1
14:59:53.620,47.302193,8.739135,715.3,42.1
14:59:54.120,47.302193,8.739235,715.0,43.9
14:59:54.620,47.302193,8.739235,714.5,43.9
14:59:55.120,47.302153,8.73937,713.2,43.9
14:59:55.620,47.302103,8.739466,712.3,50.6
14:59:56.120,47.302103,8.739561,711.1,55.5
14:59:56.620,47.302016,8.739643,710.2,61.5
14:59:57.120,47.30193,8.739643,710.2,64.7
14:59:57.620,47.30184,8.739703,711.0,63.6
14:59:58.120,47.30184,8.739731,712.7,61.8
14:59:58.620,47.30174,8.739731,713.6,60.5
14:59:59.120,47.301616,8.739695,713.6,60.7
14:59:59.620,47.301616,8.739695,713.2,60.9
15:00:00.120,47.301616,8.739641,713.2,60.4
15:00:00.620,47.301616,8.73954,713.9,58.8
15:00:01.120,47.301616,8.739448,713.9,57.0
15:00:01.620,47.301616,8.739448,713.9,56.1
15:00:02.120,47.30125,8.739341,714.2,55.5
15:00:02.620,47.30125,8.739226,714.5,52.4
15:00:03.120,47.301236,8.73907,715.4,49.9
15:00:03.620,47.301236,8.73907,715.6,49.0
15:00:04.120,47.301266,8.738961,716.1,44.8
15:00:04.620,47.301313,8.738871,716.1,44.2
15:00:05.120,47.301313,8.738795,717.6,43.2
15:00:05.620,47.301313,8.738795,717.9,43.2
15:00:06.120,47.30142,8.738711,717.9,44.2
15:00:06.620,47.30142,8.738656,717.1,44.2
15:00:07.120,47.30142,8.738656,716.7,46.2
15:00:07.620,47.30142,8.738611,716.7,46.4
15:00:08.120,47.301643,8.738611,718.7,44.7
15:00:08.620,47.301713,8.738546,719.8,44.7
15:00:09.120,47.301713,8.738533,722.3,40.3
15:00:09.620,47.301776,8.738533,723.1,40.3
15:00:10.120,47.30185,8.738533,724.7,36.9
15:00:10.620,47.301913,8.738536,725.9,37.5
15:00:11.120,47.30197,8.738545,725.9,37.9
15:00:11.620,47.30197,8.738545,725.1,38.5
15:00:12.120,47.302026,8.738545,725.2,37.9
15:00:12.620,47.302026,8.738596,725.2,37.7
15:00:13.120,47.302026,8.738633,725.2,37.7
15:00:13.620,47.302026,8.738633,724.2,40.3
15:00:14.120,-535.115875,8.738633,724.0,40.6
15:00:14.620,-535.115875,8.738633,724.0,41.2
15:00:15.120,47.302286,8.738846,723.5,41.2
15:00:15.620,47.302286,8.738846,723.3,42.5
15:00:16.120,47.302316,8.739028,722.1,44.9
15:00:16.620,47.302336,8.739028,721.0,45.7
15:00:17.120,47.302343,8.73917,720.0,50.0
15:00:17.620,47.302346,8.73917,718.9,50.6
15:00:18.120,47.302346,8.739408,718.9,53.2
15:00:18.620,47.302343,8.739533,718.9,54.3
15:00:19.120,47.302336,8.739533,718.9,54.0
15:00:19.620,47.302316,8.739695,719.3,53.4
15:00:20.120,47.302316,8.739815,719.4,53.2
15:00:20.620,47.302286,8.739925,719.5,53.4
15:00:21.120,47.302286,8.739925,720.0,54.1
15:00:21.620,47.302176,8.740028,719.8,53.8
15:00:22.120,47.302176,8.740155,719.3,53.8
15:00:22.620,47.302116,8.740155,718.3,56.7
15:00:23.120,47.302043,8.740155,718.3,59.6
15:00:23.620,47.301923,8.740303,716.9,60.5
15:00:24.120,47.301826,8.740346,716.3,63.8
15:00:24.620,47.301826,8.740358,716.3,63.8
15:00:25.120,47.301726,8.740338,716.4,62.4
15:00:25.620,47.301633,8.740338,716.2,61.9
15:00:26.120,47.301633,8.740298,715.0,62.3
15:00:26.620,47.301633,8.740233,714.8,62.3
15:00:27.120,47.301633,8.740233,715.4,60.7
15:00:27.620,47.301633,8.740233,715.6,60.3
15:00:28.120,47.301313,8.739996,716.8,57.2
15:00:28.620,47.301283,8.739873,717.7,56.2
15:00:29.120,47.301283,8.739751,719.0,52.3
15:00:29.620,47.301276,8.739631,719.7,52.3
15:00:30.120,47.30129,8.739631,721.0,50.4
15:00:30.620,47.301306,8.73948,722.2,49.2
15:00:31.120,47.301306,8.739376,722.2,48.1
15:00:31.620,47.30136,8.739285,724.4,46.1
15:00:32.120,47.301403,8.739285,724.4,44.9
15:00:32.620,47.301453,8.739208,725.8,44.1
15:00:33.120,47.301453,8.739143,726.1,43.8
15:00:33.620,47.30151,8.739143,726.1,44.2
15:00:34.120,47.30151,8.739143,726.1,44.2
15:00:34.620,47.30151,8.73906,727.4,41.4
15:00:35.120,47.30151,8.739061,727.8,40.1
15:00:35.620,47.301726,8.739061,727.7,39.6
15:00:36.120,47.301726,8.739126,727.9,38.2
15:00:36.620,47.301836,8.739126,728.2,38.2
15:00:37.120,47.301883,8.739186,728.4,38.3
15:00:37.620,47.301883,8.739265,728.4,40.4
15:00:38.120,47.30191,8.739356,728.5,42.5
15:00:38.620,47.301913,8.739356,728.5,42.9
15:00:39.120,47.301903,8.739491,727.9,47.7
15:00:39.620,47.301903,8.739596,727.7,48.3
15:00:40.120,47.30186,8.739695,727.4,50.2
15:00:40.620,47.30186,8.739801,727.3,51.5
15:00:41.120,47.301736,8.739801,727.0,52.9
15:00:41.620,47.301663,8.739863,726.0,54.9
15:00:42.120,47.301663,8.739901,725.8,55.7
15:00:42.620,47.30158,8.739916,725.4,55.7
15:00:43.120,47.30146,8.739916,725.0,55.7
15:00:43.620,47.30137,8.739908,723.7,57.5
15:00:44.120,47.30137,8.739868,722.7,58.2
15:00:44.620,47.301286,8.739808,722.3,59.2
15:00:45.120,47.301203,8.739721,722.3,58.8
15:00:45.620,47.301113,8.739721,723.7,57.1
15:00:46.120,47.301066,8.739721,725.0,55.2
15:00:46.620,47.301066,8.739473,725.9,54.4
15:00:47.120,47.30104,8.739358,727.5,50.2
15:00:47.620,47.301026,8.739358,727.5,50.2
15:00:48.120,47.30103,8.739245,728.2,48.2
15:00:48.620,47.30103,8.739135,728.2,47.6
15:00:49.120,47.301053,8.739,728.2,46.6
15:00:49.620,47.301086,8.739,728.6,46.6
15:00:50.120,47.30114,8.738923,728.6,43.4
15:00:50.620,47.30114,8.738868,728.6,40.9
15:00:51.120,47.301213,8.738831,731.1,40.4
15:00:51.620,47.301273,8.738821,731.1,40.3
15:00:52.120,47.301333,8.738821,731.0,40.5
15:00:52.620,47.301333,8.738821,731.5,40.5
15:00:53.120,47.301333,8.738941,731.5,40.5
15:00:53.620,47.301426,8.73903,731.3,41.5
15:00:54.120,47.301443,8.73903,730.5,43.6
15:00:54.620,47.30144,8.73913,729.0,46.3
15:00:55.120,47.30144,8.739283,728.2,52.9
15:00:55.620,47.301416,8.7394,727.6,58.2
15:00:56.120,47.301343,8.7394,727.8,58.2
15:00:56.620,47.301266,8.739495,728.4,59.3
15:00:57.120,47.30118,8.739555,729.0,56.9
15:00:57.620,47.30118,8.739586,729.2,55.9
15:00:58.120,47.30109,8.739578,729.0,56.5
15:00:58.620,47.301,8.739578,727.2,59.5
15:00:59.120,47.30088,8.73954,725.7,60.5
15:00:59.620,47.30088,8.739468,725.5,63.6
15:01:00.120,47.30088,8.739335,726.0,64.7
15:01:00.620,47.300733,8.739335,726.0,64.7
15:01:01.120,47.300676,8.739218,727.4,61.3
15:01:01.620,47.300676,8.73909,727.6,61.3
15:01:02.120,47.300633,8.738956,728.3,57.4
15:01:02.620,47.300633,8.738956,728.6,57.4
15:01:03.120,47.300656,8.738788,730.5,50.6
15:01:03.620,47.300686,8.73868,730.5,49.1
15:01:04.120,47.300686,8.738583,730.5,46.1
15:01:04.620,47.300733,8.738495,730.5,44.5
15:01:05.120,47.300773,8.738495,730.5,43.4
15:01:05.620,47.300773,8.738495,735.3,42.8
15:01:06.120,47.300773,8.73832,735.0,42.6
15:01:06.620,47.300773,8.73832,734.4,43.4
15:01:07.120,47.300943,8.738258,734.2,44.4
15:01:07.620,47.301013,8.738213,733.9,45.3
15:01:08.120,47.301013,8.738213,735.9,45.3
15:01:08.620,47.301013,8.738213,737.1,45.3
15:01:09.120,47.301136,8.738238,737.5,45.3
15:01:09.620,47.301213,8.738238,738.0,37.1
15:01:10.120,47.301253,8.738278,738.2,36.9
15:01:10.620,47.301253,8.738336,738.2,35.1
15:01:11.120,47.30129,8.73843,738.8,35.2
15:01:11.620,47.30131,8.73843,738.3,36.9
15:01:12.120,47.301333,8.73851,737.2,40.3
15:01:12.620,47.301333,8.738601,736.9,40.3
15:01:13.120,47.301333,8.738705,736.1,46.9
15:01:13.620,47.301333,8.738705,736.0,46.9
15:01:14.120,47.30131,8.738853,736.4,50.6
15:01:14.620,47.301283,8.738853,736.9,50.6
15:01:15.120,47.301283,8.739061,738.0,49.8
15:01:15.620,47.301233,8.739156,738.6,48.7
15:01:16.120,47.30118,8.739156,739.0,49.5
15:01:16.620,47.301123,8.73927,739.1,50.5
15:01:17.120,47.301123,8.73934,738.9,51.4
15:01:17.620,47.301056,8.739395,738.7,53.0
15:01:18.120,47.300946,8.739395,738.4,54.7
15:01:18.620,47.300946,8.73943,737.9,56.2
15:01:19.120,47.300946,8.739435,737.4,57.8
15:01:19.620,47.300946,8.739408,736.8,59.5
15:01:20.120,47.300683,8.739408,736.8,58.9
15:01:20.620,47.300573,8.739408,737.0,58.2
15:01:21.120,47.30051,8.739273,738.7,58.2
15:01:21.620,47.30051,8.739145,739.2,58.2
15:01:22.120,47.300456,8.73904,740.0,58.2
15:01:22.620,47.300456,8.73904,740.1,53.3
15:01:23.120,47.300373,8.73893,741.5,53.0
15:01:23.620,47.300373,8.738816,741.5,52.0
15:01:24.120,47.300346,8.738703,742.8,51.3
15:01:24.620,47.300326,8.738703,743.0,51.3
15:01:25.120,47.300313,8.738546,743.3,52.0
15:01:25.620,47.300313,8.738546,743.3,52.0
15:01:26.120,47.300313,8.738303,743.4,54.4
15:01:26.620,47.300296,8.738303,743.7,54.4
15:01:27.120,47.300296,8.738176,744.4,54.6
15:01:27.620,47.3003,8.738176,745.3,54.6
15:01:28.120,47.3003,8.73789,746.6,51.2
15:01:28.620,47.300316,8.737776,747.8,49.5
15:01:29.120,47.300336,8.737776,748.6,48.3
15:01:29.620,47.300363,8.73767,749.9,46.8
15:01:30.120,47.300363,8.73767,750.5,46.1
15:01:30.620,47.300386,8.73744,750.5,44.7
15:01:31.120,47.300423,8.73744,751.8,44.0
15:01:31.620,47.300423,8.73744,752.1,43.5
15:01:32.120,47.300423,8.737256,752.1,44.3
15:01:32.620,47.300423,8.737136,751.4,45.5
15:01:33.120,47.300423,8.737136,751.4,45.6
15:01:33.620,47.300423,8.737136,750.7,45.6
15:01:34.120,47.30064,8.736976,751.8,44.4
15:01:34.620,47.30064,8.736976,752.3,44.4
15:01:35.120,47.300696,8.736976,753.3,44.4
15:01:35.620,47.300753,8.736976,754.3,38.8
15:01:36.120,47.300753,8.736855,754.3,38.8
15:01:36.620,47.300753,8.736846,755.8,37.0
15:01:37.120,47.300753,8.736851,756.6,37.7
15:01:37.620,47.300943,8.736868,756.7,38.1
15:01:38.120,47.301006,8.736868,756.7,39.7
15:01:38.620,47.301006,8.736868,756.6,39.7
15:01:39.120,47.301006,8.736953,756.5,42.6
15:01:39.620,47.301143,8.736953,756.5,42.6
15:01:40.120,47.3012,8.736953,758.4,43.3
15:01:40.620,47.301246,8.736953,760.0,43.3
15:01:41.120,47.301246,8.737143,762.1,36.9
15:01:41.620,47.301293,8.737205,763.2,36.1
15:01:42.120,47.30134,8.737205,763.6,36.2
15:01:42.620,47.301366,8.737271,763.5,37.2
15:01:43.120,47.301366,8.737346,763.4,38.0
15:01:43.620,47.30139,8.737458,763.3,38.6
15:01:44.120,47.301413,8.737458,763.1,41.9
15:01:44.620,47.301413,8.737458,762.4,45.1
15:01:45.120,47.301413,8.737655,762.4,45.9
15:01:45.620,47.301413,8.737655,762.0,48.1
15:01:46.120,47.301436,8.737913,761.8,49.5
15:01:46.620,47.301423,8.737913,761.8,50.7
15:01:47.120,47.301423,8.738028,760.9,53.1
15:01:47.620,47.301423,8.738141,760.9,53.7
15:01:48.120,47.30135,8.738141,761.1,53.2
15:01:48.620,47.301303,8.738141,761.2,53.5
15:01:49.120,47.30125,8.738381,761.5,53.6
15:01:49.620,47.301183,8.738468,761.5,53.6
15:01:50.120,47.301183,8.738545,761.6,54.1
15:01:50.620,47.301183,8.738608,761.3,55.1
15:01:51.120,47.301183,8.738608,761.1,57.3
15:01:51.620,47.300923,8.738673,759.9,59.5
15:01:52.120,47.300923,8.738703,759.5,60.7
15:01:52.620,47.300826,8.738716,758.9,62.5
15:01:53.120,47.300696,8.738716,759.0,62.4
15:01:53.620,47.300603,8.738716,759.5,62.4
15:01:54.120,47.300503,8.738663,759.8,61.9
15:01:54.620,47.300503,8.738611,760.4,60.7
15:01:55.120,47.30042,8.738611,760.5,60.5
15:01:55.620,47.300313,8.738548,760.8,60.4
15:01:56.120,47.300313,8.738471,760.8,60.4
15:01:56.620,47.300236,8.73838,761.0,59.6
15:01:57.120,47.30017,8.73838,761.1,59.3
15:01:57.620,47.30017,8.73838,761.1,58.9
15:01:58.120,47.30017,8.738131,762.2,58.0
15:01:58.620,47.30017,8.738011,762.4,57.0
15:01:59.120,47.300016,8.737891,763.7,55.3
15:01:59.620,47.299983,8.737891,764.1,54.8
15:02:00.120,47.299983,8.737733,765.3,53.3
15:02:00.620,47.299933,8.737618,766.5,51.0
15:02:01.120,47.299933,8.737505,766.6,49.3
15:02:01.620,47.299926,8.737391,766.3,48.9
15:02:02.120,47.29993,8.737391,765.7,49.6
15:02:02.620,47.299946,8.737236,765.0,50.9
15:02:03.120,47.299946,8.737125,765.0,51.1
15:02:03.620,47.29997,8.73702,765.1,50.2
15:02:04.120,47.30002,8.73702,765.2,49.4
15:02:04.620,47.300066,8.73702,765.6,49.1
15:02:05.120,47.300066,8.736823,765.7,48.8
15:02:05.620,47.30011,8.736823,765.7,48.7
15:02:06.120,47.30011,8.736701,766.2,48.5
15:02:06.620,47.30022,8.736701,766.4,47.9
15:02:07.120,47.30022,8.736533,767.8,47.9
15:02:07.620,47.30027,8.736461,768.7,47.9
15:02:08.120,47.30032,8.736461,769.3,47.9
15:02:08.620,47.300373,8.736461,769.7,45.2
15:02:09.120,47.30045,8.73631,769.7,45.2
15:02:09.620,47.30045,8.736251,769.9,45.2
15:02:10.120,47.30045,8.736251,770.8,45.1
15:02:10.620,47.300583,8.736251,771.0,44.9
15:02:11.120,47.300583,8.736153,771.3,45.2
15:02:11.620,47.300583,8.736121,771.5,46.1
15:02:12.120,47.300583,8.736121,771.5,46.5
15:02:12.620,47.300813,8.736121,771.5,46.1
15:02:13.120,47.300813,8.736121,771.0,46.1
15:02:13.620,47.300813,8.736091,771.0,46.7
15:02:14.120,47.30096,8.736091,769.5,48.0
15:02:14.620,47.30096,8.736091,768.6,49.0
15:02:15.120,47.301136,8.736113,768.3,49.0
15:02:15.620,47.301136,8.736135,768.3,48.3
15:02:16.120,47.301213,8.736135,768.6,47.7
15:02:16.620,47.301213,8.736198,768.6,45.7
15:02:17.120,47.30135,8.736198,769.4,44.1
15:02:17.620,47.301436,8.736198,769.3,43.3
15:02:18.120,47.301436,8.736258,769.3,41.4
15:02:18.620,47.301436,8.736305,769.1,40.0
15:02:19.120,47.301436,8.736305,768.9,39.9
15:02:19.620,47.30161,8.736305,767.7,40.2
15:02:20.120,47.301683,8.736383,767.4,40.2
15:02:20.620,47.301683,8.73643,766.6,40.3
15:02:21.120,47.301736,8.736503,766.6,40.3
15:02:21.620,47.30179,8.736503,765.4,40.5
15:02:22.120,47.301836,8.736566,765.4,42.8
15:02:22.620,47.301836,8.736641,762.7,43.3
15:02:23.120,47.301886,8.736641,759.8,47.4
15:02:23.620,47.301916,8.736836,757.9,51.9
15:02:24.120,47.301916,8.736836,755.9,53.2
15:02:24.620,47.301916,8.736996,755.1,54.3
15:02:25.120,47.301916,8.736996,754.0,54.5
15:02:25.620,47.301916,8.736996,754.0,54.8
15:02:26.120,47.301916,8.73725,751.7,54.8
15:02:26.620,47.301986,8.73725,750.7,55.1
15:02:27.120,47.301986,8.73725,750.2,54.7
15:02:27.620,47.30198,8.737671,749.9,54.4
15:02:28.120,47.30197,8.737793,750.0,54.0
15:02:28.620,47.301943,8.737793,750.1,53.5
15:02:29.120,47.301943,8.737913,750.0,53.4
15:02:29.620,47.301916,8.73807,749.7,53.7
15:02:30.120,47.301886,8.73807,749.7,54.5
15:02:30.620,47.30185,8.73807,748.9,56.0
15:02:31.120,47.3018,8.738305,748.6,56.9
15:02:31.620,47.3018,8.738425,747.9,58.3
15:02:32.120,47.3018,8.738425,747.5,61.0
15:02:32.620,47.301703,8.738425,747.4,61.0
15:02:33.120,47.301653,8.738705,748.0,62.0
15:02:33.620,47.301653,8.738821,748.2,61.5
15:02:34.120,47.301573,8.738931,749.4,59.3
15:02:34.620,47.301516,8.738931,749.7,58.8
15:02:35.120,47.301456,8.739066,749.7,56.9
15:02:35.620,47.30139,8.73916,751.0,56.9
15:02:36.120,47.30139,8.73916,751.3,55.5
15:02:36.620,47.301306,8.739338,751.4,56.0
15:02:37.120,47.301306,8.739338,751.7,55.8
15:02:37.620,47.301173,8.739445,751.9,55.5
15:02:38.120,47.301173,8.739445,751.7,55.3
15:02:38.620,47.301093,8.739445,751.7,57.3
15:02:39.120,47.301093,8.739445,751.8,57.3
15:02:39.620,47.3009,8.739643,750.8,58.2
15:02:40.120,47.30081,8.739643,749.8,60.9
15:02:40.620,47.30081,8.739733,749.3,63.4
15:02:41.120,47.300706,8.73974,748.4,64.6
15:02:41.620,47.30057,8.73974,748.2,65.5
15:02:42.120,47.300473,8.739718,748.2,65.5
15:02:42.620,47.300473,8.739666,748.2,64.5
15:02:43.120,47.300383,8.73956,748.0,64.2
15:02:43.620,47.300306,8.73956,748.1,62.7
15:02:44.120,47.300243,8.73945,748.1,61.4
15:02:44.620,47.300243,8.73945,748.0,61.1
15:02:45.120,47.30019,8.73945,747.6,60.2
15:02:45.620,47.30017,8.73945,747.6,60.2
15:02:46.120,47.30017,8.739011,748.9,58.3
15:02:46.620,47.30017,8.738883,749.7,58.3
15:02:47.120,47.300183,8.738758,750.6,53.9
15:02:47.620,47.30021,8.738641,751.1,53.0
15:02:48.120,47.30024,8.738641,751.1,51.6
15:02:48.620,47.30027,8.738496,752.5,51.6
15:02:49.120,47.30027,8.738496,752.8,50.3
15:02:49.620,47.30031,8.738496,753.1,49.0
15:02:50.120,47.30031,8.738291,753.6,47.3
15:02:50.620,47.300406,8.7382,754.5,45.4
15:02:51.120,47.300406,8.7382,754.5,41.3
15:02:51.620,47.300456,8.7382,756.4,40.4
15:02:52.120,47.300456,8.7382,756.6,38.2
15:02:52.620,47.300583,8.738013,757.1,37.7
15:02:53.120,47.30064,8.738013,757.3,36.9
15:02:53.620,47.30064,8.738031,757.6,37.2
15:02:54.120,47.300693,8.738088,758.0,38.7
15:02:54.620,47.300736,8.738088,758.2,39.6
15:02:55.120,47.300736,8.738163,758.2,40.4
15:02:55.620,47.300736,8.738256,758.2,43.6
15:02:56.120,47.300786,8.738361,757.2,45.2
15:02:56.620,47.30078,8.738361,756.9,48.8
15:02:57.120,47.30076,8.738513,756.3,52.6
15:02:57.620,47.30076,8.738625,756.4,52.5
15:02:58.120,47.30076,8.738625,756.9,52.5
15:02:58.620,47.30076,8.738625,757.2,51.1
15:02:59.120,47.300613,8.738818,757.8,49.2
15:02:59.620,47.300613,8.73892,757.4,49.2
15:03:00.120,47.300613,8.73892,756.3,49.2
15:03:00.620,47.300446,8.73902,755.3,49.2
15:03:01.120,47.300353,8.73902,753.2,56.2
15:03:01.620,47.300256,8.739038,752.5,63.6
15:03:02.120,47.300256,8.739038,751.5,63.6
15:03:02.620,47.300153,8.738956,751.5,62.6
15:03:03.120,47.300153,8.738956,751.5,58.2
15:03:03.620,47.300153,8.738868,753.0,54.5
15:03:04.120,47.29995,8.738868,753.0,51.8
15:03:04.620,47.29995,8.738868,755.2,50.5
15:03:05.120,47.29995,8.738868,755.4,48.2
15:03:05.620,47.29995,8.738868,755.7,47.8
15:03:06.120,47.29995,8.738868,755.3,47.6
15:03:06.620,47.29995,8.738296,755.2,47.6
15:03:07.120,47.299926,8.73816,755.0,46.2
15:03:07.620,47.299956,8.73816,754.8,46.2
15:03:08.120,47.299996,8.738068,754.4,45.2
15:03:08.620,47.30006,8.737988,754.6,44.3
15:03:09.120,47.30006,8.73792,754.9,42.9
15:03:09.620,47.300116,8.737871,755.3,42.4
15:03:10.120,47.30018,8.737871,755.7,42.5
15:03:10.620,47.300243,8.737836,756.1,42.3
15:03:11.120,47.300243,8.737836,756.5,42.1
15:03:11.620,47.300243,8.737853,757.2,42.6
15:03:12.120,47.3004,8.737853,757.8,42.4
15:03:12.620,47.30046,8.737883,758.7,42.0
15:03:13.120,47.30046,8.737925,759.5,42.0
15:03:13.620,47.30052,8.73796,759.6,42.5
15:03:14.120,47.300606,8.73796,760.5,41.8
15:03:14.620,47.30066,8.738003,762.1,38.9
15:03:15.120,47.300703,8.738053,763.0,37.9
15:03:15.620,47.300703,8.738121,763.3,37.4
15:03:16.120,47.300703,8.738181,763.3,39.4
15:03:16.620,47.300813,8.738181,763.2,40.7
15:03:17.120,47.300853,8.738181,762.9,43.0
15:03:17.620,47.300853,8.738181,762.6,43.0
15:03:18.120,47.300853,8.738181,761.9,47.4
15:03:18.620,47.300936,8.738181,761.9,47.4
15:03:19.120,47.300963,8.738181,762.7,46.9
15:03:19.620,47.300963,8.738648,763.1,46.9
15:03:20.120,47.300993,8.738748,764.0,43.8
15:03:20.620,47.30101,8.738881,764.8,43.6
15:03:21.120,47.301013,8.738881,764.9,44.1
15:03:21.620,47.30101,8.738983,764.9,44.1
15:03:22.120,47.30101,8.739088,764.3,46.8
15:03:22.620,47.30098,8.739191,763.3,50.8
15:03:23.120,47.300943,8.739191,762.7,51.7
15:03:23.620,47.300943,8.739191,761.9,53.4
15:03:24.120,47.300943,8.739431,761.1,53.4
15:03:24.620,47.300943,8.739431,761.1,56.1
15:03:25.120,47.300943,8.739525,760.4,58.4
15:03:25.620,47.300683,8.739615,760.3,58.4
15:03:26.120,47.300683,8.739723,760.3,58.3
15:03:26.620,47.300606,8.739793,760.3,58.4
15:03:27.120,47.300523,8.739855,759.2,58.5
15:03:27.620,47.30041,8.739855,759.2,60.7
15:03:28.120,47.300316,8.739901,758.0,62.7
15:03:28.620,47.300316,8.739925,757.5,63.1
15:03:29.120,47.300216,8.739925,758.0,63.2
15:03:29.620,47.300116,8.739925,758.6,60.9
15:03:30.120,47.3,8.739925,760.8,58.2
15:03:30.620,47.3,8.739925,761.1,58.2
15:03:31.120,47.3,8.739773,761.9,55.7
15:03:31.620,47.299846,8.739773,761.9,55.7
15:03:32.120,47.29978,8.739773,761.3,55.8
15:03:32.620,47.299716,8.739571,761.0,55.8
15:03:33.120,47.299716,8.739458,761.2,56.7
15:03:33.620,47.29967,8.739341,762.1,55.7
15:03:34.120,47.299643,8.739341,762.1,52.3
15:03:34.620,47.29962,8.73923,762.1,46.9
15:03:35.120,47.29962,8.739088,765.2,46.0
15:03:35.620,47.29961,8.738985,765.7,44.4
15:03:36.120,47.299606,8.738985,765.7,43.1
15:03:36.620,47.29961,8.738985,765.3,43.2
15:03:37.120,47.29961,8.738785,764.5,43.9
15:03:37.620,47.29962,8.738648,763.3,47.3
15:03:38.120,47.299643,8.738543,762.9,48.2
15:03:38.620,47.299673,8.738543,762.9,45.7
15:03:39.120,47.29971,8.738445,764.1,45.7
15:03:39.620,47.29971,8.738356,764.1,43.9
15:03:40.120,47.299743,8.73824,764.5,43.9
15:03:40.620,47.29978,8.73824,764.5,44.1
15:03:41.120,47.29983,8.738151,764.5,45.6
15:03:41.620,47.29983,8.738061,764.4,45.9
15:03:42.120,47.29987,8.737946,765.2,45.1
15:03:42.620,47.299913,8.737946,765.6,44.6
15:03:43.120,47.299963,8.737946,766.5,43.8
15:03:43.620,47.299963,8.737803,767.9,43.8
15:03:44.120,47.299963,8.737743,768.3,42.2
15:03:44.620,47.30009,8.73769,770.2,42.2
15:03:45.120,47.300143,8.73769,770.6,40.6
15:03:45.620,47.300203,8.737621,771.5,41.8
15:03:46.120,47.300203,8.73757,771.9,41.8
15:03:46.620,47.300256,8.737515,772.4,43.5
15:03:47.120,47.30033,8.737515,772.8,43.8
15:03:47.620,47.30033,8.737461,773.7,43.9
15:03:48.120,47.30033,8.737388,774.7,43.4
15:03:48.620,47.300446,8.737331,776.4,42.3
15:03:49.120,47.300503,8.737331,777.3,41.9
15:03:49.620,47.300576,8.737278,777.8,42.3
15:03:50.120,47.300633,8.737226,777.3,43.4
15:03:50.620,47.300633,8.737163,776.1,45.3
15:03:51.120,47.3007,8.737163,775.6,46.4
15:03:51.620,47.30077,8.737163,775.4,47.0
15:03:52.120,47.300866,8.737098,774.9,47.0
15:03:52.620,47.300866,8.737083,774.9,46.9
15:03:53.120,47.30094,8.737081,773.7,47.0
15:03:53.620,47.301013,8.737081,773.7,46.4
15:03:54.120,47.301013,8.737098,773.1,46.4
15:03:54.620,47.301013,8.737126,772.2,45.1
15:03:55.120,47.301173,8.737166,771.0,45.5
15:03:55.620,47.301236,8.737215,771.0,45.7
15:03:56.120,47.301303,8.737215,768.8,47.1
15:03:56.620,47.301303,8.737215,767.8,47.4
15:03:57.120,47.301303,8.737361,766.9,48.1
15:03:57.620,47.301436,8.737435,765.3,48.1
15:03:58.120,47.301493,8.737435,764.1,50.5
15:03:58.620,47.30155,8.737516,761.9,52.7
15:03:59.120,47.30155,8.737638,760.2,52.7
15:03:59.620,47.301606,8.73774,757.5,58.3
15:04:00.120,47.301663,8.737855,755.8,60.2
15:04:00.620,47.301733,8.737855,753.5,63.0
15:04:01.120,47.301783,8.737981,752.2,64.6
15:04:01.620,47.301783,8.738166,750.5,65.8
15:04:02.120,47.30182,8.738311,749.3,66.3
15:04:02.620,47.301846,8.738311,748.7,66.2
15:04:03.120,47.301846,8.738463,747.5,66.1
15:04:03.620,47.301846,8.738615,746.7,66.2
15:04:04.120,47.301873,8.738615,745.4,66.4
15:04:04.620,47.301863,8.738615,745.0,68.0
15:04:05.120,47.301846,8.738976,743.4,68.9
15:04:05.620,47.301846,8.739135,743.0,69.5
15:04:06.120,47.301813,8.739293,742.0,70.8
15:04:06.620,47.301786,8.739505,741.6,71.9
15:04:07.120,47.301746,8.739505,741.2,72.2
15:04:07.620,47.301713,8.739505,740.7,72.3
15:04:08.120,47.301713,8.739821,740.3,72.4
15:04:08.620,47.301663,8.73998,740.0,72.2
15:04:09.120,47.301626,8.73998,739.9,71.9
15:04:09.620,47.3016,8.73998,739.8,71.4
15:04:10.120,47.3016,8.73998,739.9,70.7
15:04:10.620,47.30157,8.73998,740.2,69.8
15:04:11.120,47.301543,8.73998,740.2,68.8
15:04:11.620,47.301526,8.740661,740.2,67.9
15:04:12.120,47.30151,8.740816,740.2,67.9
15:04:12.620,47.30151,8.741021,740.1,66.6
15:04:13.120,47.301496,8.741173,740.0,66.2
15:04:13.620,47.30148,8.741173,739.8,66.1
15:04:14.120,47.30147,8.741325,739.3,65.8
15:04:14.620,47.30147,8.741476,738.8,65.8
15:04:15.120,47.30145,8.741476,738.0,66.5
15:04:15.620,47.301423,8.741476,737.6,66.4
15:04:16.120,47.301423,8.741826,736.1,66.9
15:04:16.620,47.301423,8.741976,735.8,68.2
15:04:17.120,47.301353,8.742125,734.3,68.9
15:04:17.620,47.30131,8.74232,733.9,68.9
15:04:18.120,47.301256,8.74232,732.5,71.6
15:04:18.620,47.301196,8.742463,730.2,72.5
15:04:19.120,47.301196,8.742603,729.6,73.5
15:04:19.620,47.301103,8.742736,727.1,75.8
15:04:20.120,47.301016,8.742736,726.5,78.1
15:04:20.620,47.300926,8.742906,725.1,80.9
15:04:21.120,47.300926,8.742906,724.1,81.2
15:04:21.620,47.30083,8.743153,722.9,81.9
15:04:22.120,47.300696,8.743153,722.2,82.7
15:04:22.620,47.300596,8.743153,721.3,82.6
15:04:23.120,47.300596,8.743153,720.8,82.7
15:04:23.620,47.300493,8.743153,720.1,82.9
15:04:24.120,47.300386,8.743643,719.6,82.1
15:04:24.620,47.300243,8.743643,719.2,82.1
15:04:25.120,47.30014,8.743745,719.1,80.7
15:04:25.620,47.30014,8.743873,719.2,79.1
15:04:26.120,47.300033,8.743968,719.3,78.6
15:04:26.620,47.29993,8.743968,720.1,76.8
15:04:27.120,47.299796,8.744061,720.7,75.3
15:04:27.620,47.299796,8.74415,720.7,74.8
15:04:28.120,47.299693,8.74415,720.7,73.2
15:04:28.620,47.299593,8.744346,720.6,72.8
15:04:29.120,47.299593,8.744346,720.7,72.1
15:04:29.620,47.299366,8.744423,720.4,70.7
15:04:30.120,47.299366,8.744496,720.2,69.2
15:04:30.620,47.299266,8.744563,719.4,68.2
15:04:31.120,47.29917,8.744563,719.2,67.2
15:04:31.620,47.299073,8.744646,718.5,66.3
15:04:32.120,47.299073,8.744646,718.0,66.3
15:04:32.620,47.298946,8.744758,717.0,66.0
15:04:33.120,47.298946,8.744758,716.4,66.0
15:04:33.620,47.298746,8.74481,716.1,66.4
15:04:34.120,47.298746,8.744885,714.4,66.8
15:04:34.620,47.298653,8.744946,712.9,67.5
15:04:35.120,47.298523,8.745016,711.8,67.8
15:04:35.620,47.29843,8.745016,709.8,68.5
15:04:36.120,47.298336,8.745016,709.1,69.1
15:04:36.620,47.298336,8.745016,706.1,69.3
15:04:37.120,47.29825,8.745338,704.3,72.2
15:04:37.620,47.298153,8.745338,703.1,72.0
15:04:38.120,47.29809,8.745468,701.5,71.6
15:04:38.620,47.29809,8.74561,701.1,71.2
15:04:39.120,47.29809,8.74576,701.1,70.7
15:04:39.620,47.298006,8.74576,699.1,70.4
15:04:40.120,47.297976,8.745966,698.0,69.7
15:04:40.620,47.29796,8.746125,697.8,69.3
15:04:41.120,47.29796,8.746125,697.9,65.3
15:04:41.620,47.29796,8.746426,698.4,64.4
15:04:42.120,47.29796,8.746426,698.6,62.0
15:04:42.620,47.29796,8.746615,699.2,59.4
15:04:43.120,47.29796,8.746615,699.9,57.0
15:04:43.620,47.29803,8.746615,699.7,57.0
15:04:44.120,47.298066,8.746615,699.2,55.7
15:04:44.620,47.29812,8.746975,698.2,56.1
15:04:45.120,47.29812,8.747108,697.6,56.1
15:04:45.620,47.298186,8.747193,696.4,58.0
15:04:46.120,47.298283,8.747193,696.4,58.8
15:04:46.620,47.298363,8.74727,693.8,60.7
15:04:47.120,47.298453,8.74727,692.6,62.0
15:04:47.620,47.298453,8.747396,690.5,62.8
15:04:48.120,47.29855,8.747396,688.0,64.1
15:04:48.620,47.298646,8.747396,686.6,65.7
15:04:49.120,47.298786,8.747465,684.6,65.9
15:04:49.620,47.298786,8.747465,684.6,68.2
15:04:50.120,47.298786,8.747488,680.9,69.5
15:04:50.620,47.299,8.747488,680.3,70.3
15:04:51.120,47.299,8.747475,677.4,71.8
15:04:51.620,47.299256,8.74745,676.7,72.1
15:04:52.120,47.299256,8.747405,674.8,72.5
15:04:52.620,47.299366,8.747326,673.5,72.8
15:04:53.120,47.29947,8.747326,671.7,72.7
15:04:53.620,47.299573,8.747256,670.7,72.5
15:04:54.120,47.299573,8.747256,669.4,72.0
15:04:54.620,47.29971,8.747108,668.3,70.7
15:04:55.120,47.29971,8.747108,667.7,70.4
15:04:55.620,47.299903,8.747011,667.1,68.9
15:04:56.120,47.299903,8.747011,666.7,68.4
15:04:56.620,47.300003,8.746875,665.9,67.4
15:04:57.120,47.30013,8.746815,665.3,66.3
15:04:57.620,47.300223,8.746815,664.4,65.3
15:04:58.120,47.30032,8.746758,663.6,64.7
15:04:58.620,47.30032,8.746688,663.3,63.9
15:04:59.120,47.300416,8.746636,661.8,63.2
15:04:59.620,47.300536,8.746636,661.2,62.9
15:05:00.120,47.300626,8.746636,659.9,62.0
15:05:00.620,47.300626,8.74654,659.1,61.7
15:05:01.120,47.30072,8.746475,657.7,61.0
15:05:01.620,47.30081,8.746475,657.3,61.0
15:05:02.120,47.300926,8.746475,655.2,61.6
15:05:02.620,47.300926,8.746363,654.7,61.7
15:05:03.120,47.300926,8.746303,651.9,62.5
15:05:03.620,47.301106,8.746216,651.2,63.3
15:05:04.120,47.301193,8.746216,648.7,64.3
15:05:04.620,47.301283,8.746145,646.9,64.7
15:05:05.120,47.301283,8.74606,644.5,65.3
15:05:05.620,47.30139,8.745968,643.0,66.0
15:05:06.120,47.301473,8.745968,642.4,66.2
15:05:06.620,47.301546,8.745831,641.9,66.1
15:05:07.120,47.301546,8.745831,641.9,65.4
15:05:07.620,47.301616,8.745598,642.1,64.6
15:05:08.120,47.301616,8.745598,642.7,63.8
15:05:08.620,47.301616,8.745476,643.1,62.1
15:05:09.120,47.301616,8.745355,644.5,60.9
15:05:09.620,47.3018,8.745193,645.4,60.9
15:05:10.120,47.301846,8.745076,646.0,58.5
15:05:10.620,47.301903,8.745076,646.5,58.1
15:05:11.120,47.301943,8.744958,646.5,56.5
15:05:11.620,47.301943,8.744808,646.5,56.5
15:05:12.120,47.301986,8.744695,646.4,56.1
15:05:12.620,47.302033,8.744695,646.3,56.3
15:05:13.120,47.302086,8.74458,646.1,56.2
15:05:13.620,47.302086,8.744465,646.1,56.3
15:05:14.120,47.302126,8.74435,645.7,56.5
15:05:14.620,47.302163,8.74435,645.7,56.8
15:05:15.120,47.302206,8.74435,645.0,58.0
15:05:15.620,47.302206,8.74435,643.8,58.0
15:05:16.120,47.302206,8.743946,643.6,59.6
15:05:16.620,47.3023,8.74382,642.9,60.5
15:05:17.120,47.30234,8.74382,642.8,60.9
15:05:17.620,47.30234,8.743653,642.8,60.9
15:05:18.120,47.30239,8.743528,642.8,60.9
15:05:18.620,47.302433,8.743405,643.0,59.1
15:05:19.120,47.3025,8.743405,643.3,59.0
15:05:19.620,47.302546,8.743288,643.6,58.0
15:05:20.120,47.302546,8.743288,643.9,57.5
15:05:20.620,47.302596,8.74303,643.8,57.6
15:05:21.120,47.302596,8.742923,643.5,57.8
15:05:21.620,47.302726,8.742923,642.8,58.7
15:05:22.120,47.30279,8.74282,642.2,59.6
15:05:22.620,47.30279,8.742688,642.0,59.6
15:05:23.120,47.30286,8.742593,641.7,61.4
15:05:23.620,47.302933,8.742593,641.7,61.4
15:05:24.120,47.303026,8.7425,641.9,61.0
15:05:24.620,47.303026,8.742405,642.2,61.0
15:05:25.120,47.303026,8.742285,644.1,57.7
15:05:25.620,47.30317,8.742285,644.5,57.6
15:05:26.120,47.303233,8.742198,645.4,55.8
15:05:26.620,47.303233,8.742113,645.4,55.3
15:05:27.120,47.30332,8.74203,646.7,54.4
15:05:27.620,47.303386,8.74203,646.5,54.1
15:05:28.120,47.303453,8.74203,646.6,53.1
15:05:28.620,47.303523,8.74203,647.0,51.4
15:05:29.120,47.303523,8.74179,647.3,49.4
15:05:29.620,47.303606,8.741721,647.6,47.5
15:05:30.120,47.303656,8.741721,647.5,46.3
15:05:30.620,47.303656,8.741646,648.4,44.9
15:05:31.120,47.303656,8.741543,648.9,44.3
15:05:31.620,47.303656,8.741461,649.1,42.1
15:05:32.120,47.303796,8.741461,649.3,41.7
15:05:32.620,47.30382,8.741461,649.3,42.8
15:05:33.120,47.30385,8.741285,648.1,44.0
15:05:33.620,47.30385,8.741285,646.5,45.0
15:05:34.120,47.30385,8.741285,644.4,46.9
15:05:34.620,47.303886,8.741285,642.8,49.8
15:05:35.120,47.303893,8.741285,640.4,50.8
15:05:35.620,47.303893,8.741285,638.7,50.8
15:05:36.120,47.303893,8.740641,636.5,57.7
15:05:36.620,47.303876,8.740641,635.9,57.7
15:05:37.120,47.303856,8.740508,634.3,59.5
15:05:37.620,47.303856,8.740378,634.3,59.5
15:05:38.120,47.30381,8.740255,633.5,58.8
15:05:38.620,47.303766,8.740255,633.5,58.6
15:05:39.120,47.30372,8.740255,632.5,57.6
15:05:39.620,47.30372,8.739986,632.9,55.6
15:05:40.120,47.30372,8.739885,633.0,54.7
15:05:40.620,47.303596,8.739885,633.0,52.4
15:05:41.120,47.303543,8.739885,632.9,51.9
15:05:41.620,47.303483,8.739885,632.4,50.8
15:05:42.120,47.303483,8.739601,631.8,50.7
15:05:42.620,47.303423,8.739533,630.6,51.0
15:05:43.120,47.30333,8.739533,629.6,52.0
15:05:43.620,47.303256,8.739468,629.0,53.0
15:05:44.120,47.303256,8.739408,626.4,53.0
15:05:44.620,47.303256,8.739333,624.8,57.3
15:05:45.120,47.303096,8.739283,623.9,58.5
15:05:45.620,47.30298,8.739283,623.5,59.3
15:05:46.120,47.30289,8.739238,622.5,59.3
15:05:46.620,47.30289,8.7392,621.1,61.1
15:05:47.120,47.302796,8.739161,620.2,62.1
15:05:47.620,47.302703,8.739161,619.6,62.6
15:05:48.120,47.302566,8.739161,618.0,62.8
15:05:48.620,47.302566,8.739135,617.8,62.8
15:05:49.120,47.302466,8.73914,616.7,64.3
15:05:49.620,47.302363,8.73914,616.5,64.3
15:05:50.120,47.302266,8.739168,615.8,64.9
15:05:50.620,47.302133,8.739203,615.0,65.3
15:05:51.120,47.302133,8.739246,614.9,65.5
15:05:51.620,47.302033,8.739298,613.8,65.3
15:05:52.120,47.30194,8.739298,613.8,65.2
15:05:52.620,47.30194,8.739375,613.8,64.5
15:05:53.120,47.30194,8.739445,612.6,64.2
15:05:53.620,47.30194,8.739445,612.4,62.9
15:05:54.120,47.301653,8.739445,612.6,61.9
15:05:54.620,47.301653,8.739608,613.5,61.9
15:05:55.120,47.301653,8.739725,614.1,58.3
15:05:55.620,47.30151,8.739823,614.6,57.5
15:05:56.120,47.301453,8.739823,614.6,57.0
15:05:56.620,47.301386,8.739933,613.8,58.4
15:05:57.120,47.301353,8.740053,612.7,58.4
15:05:57.620,47.301353,8.74023,612.4,61.0
15:05:58.120,47.301333,8.740371,612.5,61.5
15:05:58.620,47.301333,8.740371,612.7,60.8
15:05:59.120,47.30135,8.740513,613.7,59.6
15:05:59.620,47.30135,8.740648,613.7,59.0
15:06:00.120,47.30138,8.740813,613.8,58.9
15:06:00.620,47.301423,8.740926,613.7,59.0
15:06:01.120,47.30148,8.740926,612.8,59.5
15:06:01.620,47.301573,8.74103,612.3,61.1
15:06:02.120,47.301573,8.741116,610.5,62.2
15:06:02.620,47.30166,8.741188,608.8,62.2
15:06:03.120,47.301753,8.741188,607.7,66.5
15:06:03.620,47.301856,8.741258,606.1,67.3
15:06:04.120,47.301856,8.741283,605.5,67.0
15:06:04.620,47.301996,8.741288,605.5,66.0
15:06:05.120,47.3021,8.741288,605.0,64.5
15:06:05.620,47.3022,8.741288,605.6,64.5
15:06:06.120,47.3022,8.741288,606.6,56.8
15:06:06.620,47.302286,8.741288,608.2,52.0
15:06:07.120,47.302396,8.741288,610.5,47.4
15:06:07.620,47.302396,8.741288,611.8,42.9
15:06:08.120,47.302526,8.741296,612.4,40.9
15:06:08.620,47.302526,8.74131,613.7,39.3
15:06:09.120,47.302586,8.741323,613.7,39.3
15:06:09.620,47.302586,8.741323,612.8,38.0
15:06:10.120,47.302723,8.741341,611.2,39.4
15:06:10.620,47.302723,8.741371,610.6,42.0
15:06:11.120,47.302783,8.741418,608.9,44.0
15:06:11.620,47.30284,8.741418,608.9,44.5
15:06:12.120,47.302893,8.741503,607.9,45.3
15:06:12.620,47.302893,8.74158,607.4,45.3
15:06:13.120,47.30295,8.74158,607.2,44.5
15:06:13.620,47.30295,8.741758,606.9,44.4
15:06:14.120,47.30295,8.741758,606.2,44.7
15:06:14.620,47.30295,8.74189,605.8,45.5
15:06:15.120,47.30295,8.741991,605.3,45.6
15:06:15.620,47.30306,8.741991,604.9,45.6
15:06:16.120,47.303066,8.742098,603.9,45.6
15:06:16.620,47.303066,8.742246,603.9,45.6
15:06:17.120,47.303066,8.742363,602.5,50.2
15:06:17.620,47.303063,8.742483,601.4,53.5
15:06:18.120,47.30303,8.742603,600.4,54.8
15:06:18.620,47.30299,8.742603,599.4,57.4
15:06:19.120,47.302943,8.74272,598.8,57.4
15:06:19.620,47.302943,8.74287,597.9,62.3
15:06:20.120,47.302876,8.74287,596.9,63.4
15:06:20.620,47.302876,8.74287,596.3,65.4
15:06:21.120,47.302706,8.743081,595.4,66.3
15:06:21.620,47.302706,8.743183,595.1,67.5
15:06:22.120,47.302623,8.743311,594.1,69.1
15:06:22.620,47.302533,8.743311,593.9,69.9
15:06:23.120,47.302533,8.743406,593.8,71.2
15:06:23.620,47.302323,8.7435,593.9,71.7
15:06:24.120,47.302323,8.743586,594.9,70.8
15:06:24.620,47.302226,8.743698,594.9,69.7
15:06:25.120,47.302136,8.743698,597.6,67.1
15:06:25.620,47.302046,8.743773,599.0,65.1
15:06:26.120,47.302046,8.743773,601.1,62.3
15:06:26.620,47.301933,8.743906,602.8,58.6
15:06:27.120,47.301933,8.743906,603.9,58.6
15:06:27.620,47.301933,8.743981,604.9,56.2
15:06:28.120,47.301933,8.744026,606.2,55.6
15:06:28.620,47.30169,8.744056,607.5,52.0
15:06:29.120,47.301583,8.744056,608.1,51.5
15:06:29.620,47.3015,8.744071,608.0,51.3
15:06:30.120,47.301423,8.744076,607.8,52.2
15:06:30.620,47.301423,8.744061,607.4,53.9
15:06:31.120,47.30134,8.744035,607.4,55.8
15:06:31.620,47.301223,8.744035,606.5,56.9
15:06:32.120,47.301143,8.743986,606.5,57.7
15:06:32.620,47.301143,8.743915,607.5,57.1
15:06:33.120,47.301073,8.743915,609.1,54.4
15:06:33.620,47.301073,8.743915,609.5,52.1
15:06:34.120,47.300976,8.743685,610.5,49.3
15:06:34.620,47.300976,8.74358,610.6,48.7
15:06:35.120,47.300956,8.743468,609.7,48.4
15:06:35.620,47.300953,8.743318,608.7,48.3
15:06:36.120,47.300963,8.743318,608.5,48.8
15:06:36.620,47.300993,8.743213,608.3,48.4
15:06:37.120,47.300993,8.743118,608.3,47.9
15:06:37.620,47.301056,8.743045,608.9,45.0
15:06:38.120,47.30112,8.743045,610.1,44.8
15:06:38.620,47.30118,8.742978,610.6,43.9
15:06:39.120,47.30118,8.742978,610.5,44.1
15:06:39.620,47.30125,8.742925,609.9,44.7
15:06:40.120,47.30125,8.742925,609.4,44.7
15:06:40.620,47.30142,8.742915,608.4,48.6
15:06:41.120,47.30142,8.742918,607.8,48.6
15:06:41.620,47.301496,8.742938,607.8,51.7
15:06:42.120,47.30158,8.742963,608.2,51.8
15:06:42.620,47.301683,8.742963,608.7,50.9
15:06:43.120,47.301763,8.742993,609.0,50.4
15:06:43.620,47.301763,8.743038,610.2,48.6
15:06:44.120,47.301836,8.743073,610.2,46.7
15:06:44.620,47.301903,8.743073,610.2,45.5
15:06:45.120,47.30199,8.74311,612.9,44.2
15:06:45.620,47.30199,8.743145,613.6,43.9
15:06:46.120,47.302053,8.743145,613.8,43.2
15:06:46.620,47.30212,8.743145,613.8,43.2
15:06:47.120,47.302186,8.743226,613.2,44.3
15:06:47.620,47.30227,8.743265,612.7,44.5
15:06:48.120,47.30227,8.743306,612.5,45.9
15:06:48.620,47.302336,8.743348,611.3,46.0
15:06:49.120,47.302403,8.743348,610.9,47.3
15:06:49.620,47.302476,8.743396,610.3,48.5
15:06:50.120,47.302476,8.743426,609.4,48.9
15:06:50.620,47.30255,8.743453,608.9,49.3
15:06:51.120,47.302653,8.743453,608.5,49.6
15:06:51.620,47.30273,8.743478,607.8,49.8
15:06:52.120,47.30273,8.743478,607.2,50.3
15:06:52.620,47.302806,8.743543,606.0,50.9
15:06:53.120,47.302883,8.743543,605.4,50.9
15:06:53.620,47.30299,8.743571,605.1,50.4
15:06:54.120,47.303066,8.743571,604.9,50.4
15:06:54.620,47.303066,8.74363,604.5,49.0
15:06:55.120,47.30314,8.743653,604.2,49.0
15:06:55.620,47.303213,8.743653,604.2,48.1
15:06:56.120,47.303313,8.743675,604.2,46.9
15:06:56.620,47.303313,8.743693,603.7,46.8
15:06:57.120,47.303386,8.743715,603.7,46.5
15:06:57.620,47.30346,8.743715,603.7,45.9
15:06:58.120,47.303533,8.743725,603.7,46.0
15:06:58.620,47.303533,8.74373,603.2,45.0
15:06:59.120,47.30362,8.74373,603.1,45.4
15:06:59.620,47.303693,8.743725,602.3,45.3
15:07:00.120,47.303763,8.743725,602.1,45.5
15:07:00.620,47.303763,8.74371,601.6,46.2
15:07:01.120,47.303763,8.74369,601.5,46.9
15:07:01.620,47.303933,8.743666,601.3,47.1
15:07:02.120,47.304006,8.743666,601.4,46.8
15:07:02.620,47.304076,8.743643,601.6,46.4
15:07:03.120,47.304076,8.743606,601.8,46.0
15:07:03.620,47.304146,8.743575,601.8,45.6
15:07:04.120,47.304236,8.743575,601.9,45.4
15:07:04.620,47.3043,8.743541,602.1,44.4
15:07:05.120,47.3043,8.743541,602.1,44.9
15:07:05.620,47.3043,8.743441,601.6,45.7
15:07:06.120,47.3043,8.743441,601.1,45.7
15:07:06.620,47.304496,8.743386,600.5,48.6
15:07:07.120,47.304583,8.743325,600.1,49.1
15:07:07.620,47.304583,8.743325,600.0,51.0
15:07:08.120,47.304646,8.743158,600.1,51.4
15:07:08.620,47.304713,8.743158,600.2,51.4
15:07:09.120,47.304773,8.743083,600.2,51.7
15:07:09.620,47.304773,8.743006,600.1,52.2
15:07:10.120,47.304853,8.742926,600.1,52.3
15:07:10.620,47.304916,8.742926,600.1,52.5
15:07:11.120,47.304976,8.742815,600.0,51.7
15:07:11.620,47.30503,8.742728,600.1,51.2
15:07:12.120,47.30503,8.742728,600.1,50.4
15:07:12.620,47.3051,8.742555,599.9,49.1
15:07:13.120,47.305146,8.742555,599.6,48.7
15:07:13.620,47.305146,8.74244,599.4,47.9
15:07:14.120,47.305146,8.742361,599.1,46.8
15:07:14.620,47.305146,8.742288,598.1,46.4
15:07:15.120,47.305146,8.742288,597.3,48.2
15:07:15.620,47.305386,8.742218,596.9,48.9
15:07:16.120,47.30545,8.742146,595.0,49.7
15:07:16.620,47.30545,8.742038,594.5,48.8
15:07:17.120,47.305496,8.741951,594.0,48.1
15:07:17.620,47.305556,8.741951,594.0,47.6
15:07:18.120,47.30559,8.741951,592.7,47.5
15:07:18.620,47.30559,8.741758,592.2,48.4
15:07:19.120,47.30559,8.741758,591.1,48.9
15:07:19.620,47.30564,8.741758,590.6,49.6
15:07:20.120,47.305653,8.741503,589.4,52.0
15:07:20.620,47.305653,8.741383,589.3,52.5
15:07:21.120,47.305653,8.741261,588.9,52.8
15:07:21.620,47.305653,8.741096,588.8,53.9
15:07:22.120,47.305626,8.741096,588.5,55.3
15:07:22.620,47.305626,8.740975,588.2,55.5
15:07:23.120,47.305586,8.740851,587.7,56.4
15:07:23.620,47.305553,8.740731,587.4,57.2
15:07:24.120,47.30551,8.740731,587.4,57.8
15:07:24.620,47.30551,8.740581,586.5,58.8
15:07:25.120,47.30551,8.740581,586.1,59.2
15:07:25.620,47.30539,8.740375,585.3,60.4
15:07:26.120,47.305303,8.740375,585.0,61.4
15:07:26.620,47.305303,8.740281,584.4,62.1
15:07:27.120,47.305303,8.740168,583.8,62.4
15:07:27.620,47.305143,8.740085,582.7,62.8
15:07:28.120,47.305063,8.740001,581.7,63.8
15:07:28.620,47.304953,8.740001,581.7,64.8
15:07:29.120,47.304866,8.73992,580.6,65.3
15:07:29.620,47.304866,8.739803,580.6,65.5
15:07:30.120,47.304776,8.739715,579.1,65.6
15:07:30.620,47.3047,8.739715,578.6,65.1
15:07:31.120,47.30459,8.739715,578.0,64.1
15:07:31.620,47.30459,8.739536,578.0,63.1
15:07:32.120,47.304513,8.739536,578.2,60.8
15:07:32.620,47.304436,8.739536,578.4,60.8
15:07:33.120,47.30437,8.739328,579.2,56.0
15:07:33.620,47.30437,8.739241,579.5,55.4
15:07:34.120,47.30429,8.739156,579.8,53.4
15:07:34.620,47.30429,8.73907,579.6,52.8
15:07:35.120,47.304166,8.73907,579.1,52.4
15:07:35.620,47.30411,8.738955,578.5,52.8
15:07:36.120,47.30411,8.738871,578.0,53.9
15:07:36.620,47.304023,8.738793,578.0,53.7
15:07:37.120,47.303956,8.738793,577.7,53.4
15:07:37.620,47.303876,8.73873,577.3,53.7
15:07:38.120,47.303876,8.73873,577.3,53.7
15:07:38.620,47.303796,8.73873,577.1,53.8
15:07:39.120,47.303683,8.73873,575.6,53.9
15:07:39.620,47.303596,8.738653,574.0,54.1
15:07:40.120,47.303506,8.738675,572.1,58.3
15:07:40.620,47.303506,8.738675,571.1,59.7
15:07:41.120,47.303426,8.738836,571.1,63.0
15:07:41.620,47.303353,8.738836,571.1,60.9
15:07:42.120,47.303276,8.738941,570.6,60.7
15:07:42.620,47.303276,8.739058,570.3,61.1
15:07:43.120,47.303233,8.73919,568.7,61.2
15:07:43.620,47.303206,8.73919,568.2,61.2
15:07:44.120,47.303206,8.73919,567.7,60.5
15:07:44.620,47.303243,8.739513,567.5,60.5
15:07:45.120,47.303243,8.739641,566.6,59.1
15:07:45.620,47.303293,8.739641,566.1,59.0
15:07:46.120,47.303366,8.739641,566.0,58.3
15:07:46.620,47.303366,8.739836,565.9,57.6
15:07:47.120,47.303366,8.739871,565.4,57.6
15:07:47.620,47.30356,8.739881,565.4,57.6
15:07:48.120,47.303653,8.739881,565.2,57.5
15:07:48.620,47.303743,8.739863,564.6,57.7
15:07:49.120,47.303743,8.739823,564.0,56.7
15:07:49.620,47.30382,8.739761,564.1,55.6
15:07:50.120,47.303896,8.739683,564.0,54.9
15:07:50.620,47.303983,8.739683,563.7,53.9
15:07:51.120,47.304023,8.739683,563.9,53.0
15:07:51.620,47.304023,8.739448,564.2,52.1
15:07:52.120,47.304053,8.739333,564.1,51.9
15:07:52.620,47.304053,8.739333,563.3,52.2
15:07:53.120,47.30407,8.739213,562.8,53.8
15:07:53.620,47.30407,8.739213,562.3,53.8
15:07:54.120,47.30405,8.738928,561.5,56.1
15:07:54.620,47.304016,8.738928,561.5,55.4
15:07:55.120,47.30397,8.738818,562.2,53.7
15:07:55.620,47.303893,8.738721,562.2,53.1
15:07:56.120,47.303893,8.738638,562.1,52.1
15:07:56.620,47.303833,8.738638,562.1,51.8
15:07:57.120,47.303766,8.738638,560.9,52.3
15:07:57.620,47.303766,8.738476,560.7,51.5
15:07:58.120,47.303766,8.73842,560.1,50.5
15:07:58.620,47.303606,8.738365,558.8,50.6
15:07:59.120,47.303536,8.738365,557.9,50.8
15:07:59.620,47.30346,8.738365,555.8,53.0
15:08:00.120,47.30346,8.73825,554.0,53.0
15:08:00.620,47.303376,8.738205,550.9,53.0
15:08:01.120,47.30326,8.738205,549.3,61.4
15:08:01.620,47.303166,8.738158,548.6,62.9
15:08:02.120,47.303166,8.738118,547.6,62.9
15:08:02.620,47.303066,8.738066,547.6,63.0
15:08:03.120,47.30297,8.738025,547.3,62.5
15:08:03.620,47.30297,8.738025,546.9,62.3
15:08:04.120,47.302753,8.737983,546.6,62.2
15:08:04.620,47.302753,8.73794,546.6,61.0
15:08:05.120,47.30266,8.737881,546.1,60.7
15:08:05.620,47.30266,8.737881,545.6,60.7
15:08:06.120,47.30266,8.737833,544.7,58.7
15:08:06.620,47.30266,8.737781,544.4,58.7
15:08:07.120,47.30266,8.737731,544.1,56.4
15:08:07.620,47.30229,8.737731,544.1,56.2
15:08:08.120,47.30221,8.737731,543.8,56.0
15:08:08.620,47.302123,8.73764,543.6,55.7
15:08:09.120,47.302123,8.737618,543.5,55.6
15:08:09.620,47.302006,8.737618,542.8,55.9
15:08:10.120,47.301916,8.737618,542.6,55.9
15:08:10.620,47.301916,8.737611,542.3,56.3
15:08:11.120,47.301916,8.737631,542.1,55.8
15:08:11.620,47.301916,8.737665,541.7,55.8
15:08:12.120,47.301636,8.737665,541.5,55.7
15:08:12.620,47.301553,8.737665,541.1,55.6
15:08:13.120,47.301553,8.737803,540.7,55.6
15:08:13.620,47.30148,8.737888,539.7,56.4
15:08:14.120,47.30142,8.73799,539.2,57.5
15:08:14.620,47.30135,8.73799,538.8,57.3
15:08:15.120,47.301303,8.7381,538.6,56.7
15:08:15.620,47.301303,8.738215,538.6,56.7
15:08:16.120,47.30126,8.738371,537.3,56.7
15:08:16.620,47.30126,8.738371,535.8,58.7
15:08:17.120,47.30116,8.738491,534.9,61.3
15:08:17.620,47.30116,8.738615,534.6,61.4
15:08:18.120,47.301113,8.738738,533.7,61.6
15:08:18.620,47.301063,8.738738,533.4,61.6
15:08:19.120,47.30101,8.7389,532.1,61.9
15:08:19.620,47.300936,8.739021,531.9,61.9
15:08:20.120,47.300936,8.739138,531.9,61.2
15:08:20.620,47.300883,8.739255,532.3,60.8
15:08:21.120,47.30083,8.739255,532.2,59.0
15:08:21.620,47.300786,8.739406,532.3,57.6
15:08:22.120,47.300786,8.739518,532.4,56.7
15:08:22.620,47.300736,8.739518,532.7,55.5
15:08:23.120,47.30068,8.739518,532.8,55.3
15:08:23.620,47.30068,8.73974,532.8,54.7
15:08:24.120,47.30068,8.73974,532.6,54.3
15:08:24.620,47.30068,8.740008,532.2,55.1
15:08:25.120,47.30057,8.74013,531.8,56.0
15:08:25.620,47.300523,8.74013,531.2,57.7
15:08:26.120,47.300523,8.740253,530.6,58.7
15:08:26.620,47.300523,8.740425,530.0,60.4
15:08:27.120,47.30046,8.740558,529.7,60.9
15:08:27.620,47.30046,8.740558,528.7,62.5
15:08:28.120,47.30039,8.7407,528.5,64.5
15:08:28.620,47.30039,8.740845,528.5,64.6
15:08:29.120,47.30037,8.74099,528.6,64.2
15:08:29.620,47.300353,8.74099,529.2,63.3
15:08:30.120,47.300336,8.741185,530.1,61.3
15:08:30.620,47.300336,8.741325,531.0,60.4
15:08:31.120,47.300326,8.741458,532.3,57.6
15:08:31.620,47.300313,8.741585,534.4,55.7
15:08:32.120,47.3003,8.741585,535.1,52.5
15:08:32.620,47.30029,8.741743,537.0,52.5
15:08:33.120,47.30029,8.741855,538.3,48.0
15:08:33.620,47.30027,8.74196,539.3,46.4
15:08:34.120,47.300253,8.74196,539.5,45.9
15:08:34.620,47.300223,8.742063,539.5,47.1
15:08:35.120,47.300223,8.742203,537.8,48.9
15:08:35.620,47.3002,8.742308,536.1,49.9
15:08:36.120,47.30015,8.742418,534.5,51.8
15:08:36.620,47.30015,8.742418,532.1,56.5
15:08:37.120,47.30015,8.742535,531.0,60.2
15:08:37.620,47.30015,8.742698,530.8,61.9
15:08:38.120,47.300016,8.74282,531.0,60.2
15:08:38.620,47.299956,8.74282,531.3,58.3
15:08:39.120,47.299906,8.742935,531.9,55.9
15:08:39.620,47.299906,8.743048,532.2,54.6
15:08:40.120,47.299866,8.743191,532.8,52.9
15:08:40.620,47.29983,8.743191,532.9,52.2
15:08:41.120,47.299783,8.743293,533.0,50.1
15:08:41.620,47.299783,8.74339,533.0,49.5
15:08:42.120,47.299726,8.743481,532.8,48.1
15:08:42.620,47.299683,8.743601,532.4,48.0
15:08:43.120,47.299643,8.743601,531.6,48.4
15:08:43.620,47.299593,8.743693,531.6,46.9
15:08:44.120,47.299593,8.743781,531.5,46.8
15:08:44.620,47.299593,8.74387,530.9,46.3
15:08:45.120,47.2995,8.74387,530.4,46.7
15:08:45.620,47.29946,8.743958,529.2,46.8
15:08:46.120,47.29946,8.744081,528.4,47.5
15:08:46.620,47.299416,8.744178,527.0,48.0
15:08:47.120,47.29937,8.744178,525.8,49.3
15:08:47.620,47.299333,8.744275,523.9,50.0
15:08:48.120,47.299286,8.744376,522.9,51.9
15:08:48.620,47.299286,8.744518,521.5,53.1
15:08:49.120,47.29925,8.744623,520.7,52.3
15:08:49.620,47.2992,8.744623,520.1,51.6
15:08:50.120,47.2992,8.744728,519.0,50.2
15:08:50.620,47.2992,8.744833,517.7,50.7
15:08:51.120,47.29913,8.744833,515.7,51.7
15:08:51.620,47.299096,8.744833,515.2,52.0
15:08:52.120,47.299056,8.745088,512.5,51.6
15:08:52.620,47.299056,8.745201,511.8,52.4
15:08:53.120,47.29903,8.745318,511.8,53.0
15:08:53.620,47.29901,8.745481,508.0,53.2
15:08:54.120,47.299,8.745481,508.0,54.1
15:08:54.620,47.298993,8.745605,506.4,54.0
15:08:55.120,47.298993,8.745605,505.6,53.6
15:08:55.620,47.298993,8.745605,505.6,53.1
15:08:56.120,47.29904,8.745605,504.5,50.7
15:08:56.620,47.299076,8.745985,503.5,50.3
15:08:57.120,47.299076,8.746076,503.0,49.7
15:08:57.620,47.299076,8.746153,502.1,49.6
15:08:58.120,47.299076,8.746153,501.4,50.2
15:08:58.620,47.299076,8.746215,500.6,51.6
15:08:59.120,47.299076,8.746266,500.0,51.4
15:08:59.620,47.299366,8.746266,498.8,51.6
15:09:00.120,47.299446,8.746285,498.4,52.0
15:09:00.620,47.299556,8.746285,496.8,51.2
15:09:01.120,47.299633,8.746271,496.2,51.3
15:09:01.620,47.299633,8.746238,493.8,52.7
15:09:02.120,47.299716,8.746196,492.4,53.2
15:09:02.620,47.29979,8.746196,491.3,54.7
15:09:03.120,47.29979,8.746138,490.7,55.2
15:09:03.620,47.29979,8.746068,489.0,57.3
15:09:04.120,47.29979,8.746068,487.1,57.8
15:09:04.620,47.300023,8.746068,486.5,58.8
15:09:05.120,47.30008,8.745843,484.8,58.8
15:09:05.620,47.30015,8.745731,482.4,61.2
15:09:06.120,47.30015,8.74561,481.8,61.9
15:09:06.620,47.300203,8.745483,479.9,62.6
15:09:07.120,47.300246,8.745483,479.9,62.2
15:09:07.620,47.300296,8.745313,479.2,62.1
15:09:08.120,47.300296,8.745183,479.2,62.6
15:09:08.620,47.300363,8.745058,478.9,61.8
15:09:09.120,47.300406,8.745058,478.9,61.3
15:09:09.620,47.300456,8.744935,477.9,61.4
15:09:10.120,47.300456,8.744776,477.3,60.4
15:09:10.620,47.300456,8.744776,477.0,60.4
15:09:11.120,47.300456,8.744776,476.4,60.4
15:09:11.620,47.300456,8.744776,476.4,60.4
15:09:12.120,47.300693,8.744776,475.4,60.2
15:09:12.620,47.300693,8.744313,475.0,59.3
15:09:13.120,47.300743,8.744166,474.9,58.4
15:09:13.620,47.3008,8.744166,474.7,57.5
15:09:14.120,47.300873,8.744061,474.4,57.0
15:09:14.620,47.300873,8.743956,474.3,56.5
15:09:15.120,47.300933,8.743855,474.6,55.7
15:09:15.620,47.300983,8.743855,474.8,55.5
15:09:16.120,47.300983,8.743855,475.6,55.3
15:09:16.620,47.300983,8.743621,475.9,55.0
15:09:17.120,47.301113,8.743621,476.4,56.0
15:09:17.620,47.30118,8.743398,476.9,57.4
15:09:18.120,47.30118,8.743398,476.8,56.0
15:09:18.620,47.301293,8.743303,477.9,55.6
15:09:19.120,47.301293,8.743206,478.9,51.0
15:09:19.620,47.30136,8.74311,479.5,49.8
15:09:20.120,47.30136,8.74311,479.5,49.1
15:09:20.620,47.301436,8.74311,479.3,50.1
15:09:21.120,47.301436,8.742878,479.3,54.3
15:09:21.620,47.30148,8.74276,479.0,59.3
15:09:22.120,47.301533,8.74276,480.4,62.7
15:09:22.620,47.301603,8.742633,482.5,69.7
15:09:23.120,47.30166,8.742633,485.0,70.0
15:09:23.620,47.30166,8.742305,490.6,69.2
15:09:24.120,47.30166,8.742305,496.5,66.6
15:09:24.620,47.30166,8.742305,500.6,66.3
15:09:25.120,47.30185,8.742041,507.0,67.0
15:09:25.620,47.30185,8.741921,511.6,65.5
15:09:26.120,47.301916,8.741773,519.0,63.9
15:09:26.620,47.30199,8.741773,521.3,63.5
15:09:27.120,47.302063,8.741666,528.8,69.4
15:09:27.620,47.302063,8.741558,528.8,69.4
15:09:28.120,47.30217,8.74146,534.3,63.3
15:09:28.620,47.302246,8.74134,541.2,62.3
15:09:29.120,47.30233,8.74134,545.5,64.9
15:09:29.620,47.302413,8.741253,554.4,65.7
15:09:30.120,47.302413,8.741253,556.2,65.3
15:09:30.620,47.302526,8.74109,561.8,65.7
15:09:31.120,47.302613,8.74109,565.9,62.1
15:09:31.620,47.302693,8.74101,572.1,60.8
15:09:32.120,47.302693,8.740908,575.6,63.1
15:09:32.620,47.302776,8.740836,581.0,63.0
15:09:33.120,47.302893,8.740836,581.0,62.3
15:09:33.620,47.302983,8.740775,590.4,61.2
15:09:34.120,47.302983,8.740716,590.4,63.5
15:09:34.620,47.303073,8.740645,590.4,64.8
15:09:35.120,47.30317,8.740588,600.1,64.7
15:09:35.620,47.303296,8.740588,606.9,64.0
15:09:36.120,47.303386,8.740531,612.3,62.8
15:09:36.620,47.303386,8.740473,616.0,62.8
15:09:37.120,47.303386,8.740473,621.6,50.1
15:09:37.620,47.303386,8.740473,623.1,46.6
15:09:38.120,47.3036,8.740346,626.9,39.9
15:09:38.620,47.3036,8.740296,627.7,37.1
15:09:39.120,47.303666,8.740248,629.5,31.9
15:09:39.620,47.3037,8.740248,629.7,31.9
15:09:40.120,47.303736,8.740181,629.7,31.3
15:09:40.620,47.303766,8.740126,628.5,31.7
15:09:41.120,47.303766,8.740065,626.3,34.4
15:09:41.620,47.303813,8.740065,622.7,37.8
15:09:42.120,47.303813,8.740065,621.7,42.9
15:09:42.620,47.303876,8.73987,619.3,49.2
15:09:43.120,47.303876,8.73987,618.5,50.3
15:09:43.620,47.303913,8.73966,617.6,51.1
15:09:44.120,47.30396,8.73966,617.1,51.9
15:09:44.620,47.303993,8.739551,616.2,51.8
15:09:45.120,47.303993,8.739401,615.7,52.6
15:09:45.620,47.304023,8.739286,614.7,52.6
15:09:46.120,47.30405,8.739286,614.7,54.4
15:09:46.620,47.304086,8.739166,613.2,54.5
15:09:47.120,47.304106,8.739045,613.2,54.8
15:09:47.620,47.304106,8.73892,612.6,54.9
15:09:48.120,47.304116,8.738753,611.8,55.0
15:09:48.620,47.304136,8.738753,611.4,55.4
15:09:49.120,47.304163,8.738753,611.0,54.8
15:09:49.620,47.304163,8.738503,610.9,54.8
15:09:50.120,47.304163,8.738376,609.7,55.5
15:09:50.620,47.304163,8.738376,609.6,55.5
15:09:51.120,47.304173,8.738203,609.3,56.5
15:09:51.620,47.30416,8.738203,609.4,56.7
15:09:52.120,47.30416,8.737945,609.5,56.5
15:09:52.620,47.304133,8.737945,609.4,56.5
15:09:53.120,47.304106,8.73782,609.4,56.8
15:09:53.620,47.30406,8.73766,608.6,57.4
15:09:54.120,47.30406,8.73755,608.4,57.3
15:09:54.620,47.303986,8.737448,607.2,57.6
15:09:55.120,47.303986,8.737448,607.2,57.4
15:09:55.620,47.303986,8.737448,606.7,58.0
15:09:56.120,47.303986,8.737448,605.3,58.0
15:09:56.620,47.303986,8.737448,605.3,57.9
15:09:57.120,47.303986,8.737448,603.9,57.9
15:09:57.620,47.303986,8.7372,602.1,60.2
15:09:58.120,47.30346,8.737191,598.9,63.0
15:09:58.620,47.30346,8.737211,597.2,62.1
15:09:59.120,47.30336,8.737211,597.2,63.3
15:09:59.620,47.30326,8.73724,595.1,64.8
15:10:00.120,47.30313,8.737276,595.1,64.8
15:10:00.620,47.30313,8.737326,592.4,67.0
15:10:01.120,47.303026,8.737411,591.0,67.2
15:10:01.620,47.303026,8.737411,590.6,67.4
15:10:02.120,47.302843,8.737411,589.5,67.4
15:10:02.620,47.302843,8.737411,588.9,67.4
15:10:03.120,47.302843,8.73768,588.0,67.0
15:10:03.620,47.302843,8.73768,587.6,67.0
15:10:04.120,47.302583,8.737825,587.0,65.7
15:10:04.620,47.30252,8.737936,586.4,64.7
15:10:05.120,47.30252,8.738053,586.3,64.4
15:10:05.620,47.30243,8.738166,586.4,64.4
15:10:06.120,47.302366,8.738166,586.4,62.0
15:10:06.620,47.302306,8.738276,586.4,61.4
15:10:07.120,47.302306,8.738421,586.2,60.6
15:10:07.620,47.302246,8.738421,585.8,60.6
15:10:08.120,47.302246,8.738638,585.5,59.6
15:10:08.620,47.302113,8.738638,584.7,59.1
15:10:09.120,47.30206,8.738748,584.4,59.1
15:10:09.620,47.30206,8.7389,582.9,59.3
15:10:10.120,47.30206,8.73902,581.6,60.4
15:10:10.620,47.301943,8.73902,580.6,60.4
15:10:11.120,47.3019,8.739145,579.1,63.0
15:10:11.620,47.3019,8.739275,578.6,63.0
15:10:12.120,47.301856,8.739455,577.4,64.5
15:10:12.620,47.301813,8.739455,577.2,64.5
15:10:13.120,47.301763,8.73959,577.2,63.4
15:10:13.620,47.301763,8.739723,577.2,63.2
15:10:14.120,47.301716,8.739851,577.6,61.7
15:10:14.620,47.301716,8.739851,577.7,61.7
15:10:15.120,47.301623,8.739851,578.0,60.2
15:10:15.620,47.301623,8.739851,578.4,60.2
15:10:16.120,47.301623,8.74025,579.0,59.0
15:10:16.620,47.301623,8.740356,579.6,58.8
15:10:17.120,47.301436,8.740356,580.2,58.7
15:10:17.620,47.301363,8.740453,580.8,58.0
15:10:18.120,47.301363,8.740556,580.9,58.4
15:10:18.620,47.301286,8.740611,580.7,59.5
15:10:19.120,47.301166,8.740611,580.3,60.3
15:10:19.620,47.30107,8.740646,579.3,62.2
15:10:20.120,47.300973,8.740653,579.0,63.0
15:10:20.620,47.300973,8.740653,579.9,61.2
15:10:21.120,47.300883,8.740518,580.8,61.2
15:10:21.620,47.300796,8.740518,581.2,58.0
15:10:22.120,47.30075,8.740518,582.1,56.1
15:10:22.620,47.30075,8.74026,582.6,56.1
15:10:23.120,47.300723,8.740136,583.4,53.2
15:10:23.620,47.300723,8.740136,583.8,53.2
15:10:24.120,47.300743,8.740018,584.5,50.1
15:10:24.620,47.300743,8.739906,584.6,50.1
15:10:25.120,47.30077,8.739798,584.6,50.8
15:10:25.620,47.300796,8.739648,584.9,50.2
15:10:26.120,47.300816,8.739648,585.5,49.6
15:10:26.620,47.300843,8.73954,586.9,49.3
15:10:27.120,47.300843,8.739433,586.9,47.9
15:10:27.620,47.300843,8.73933,587.9,48.1
15:10:28.120,47.300843,8.73933,588.3,48.1
15:10:28.620,47.300843,8.739195,588.6,48.6
15:10:29.120,47.300843,8.739093,588.5,49.0
15:10:29.620,47.300843,8.738991,588.5,50.0
15:10:30.120,47.301016,8.738991,588.3,50.6
15:10:30.620,47.301056,8.738886,588.0,51.8
15:10:31.120,47.301056,8.738745,587.9,52.2
15:10:31.620,47.3011,8.738638,587.9,52.2
15:10:32.120,47.301136,8.738638,587.9,52.1
15:10:32.620,47.301183,8.738533,587.9,51.4
15:10:33.120,47.301183,8.738425,587.9,51.4
15:10:33.620,47.301223,8.738425,587.9,50.1
15:10:34.120,47.301256,8.738183,588.7,50.0
15:10:34.620,47.301256,8.738183,588.7,49.6
15:10:35.120,47.301346,8.738081,587.7,49.9
15:10:35.620,47.301346,8.737981,587.5,49.9
15:10:36.120,47.301346,8.737981,587.1,49.8
15:10:36.620,47.301346,8.737981,586.8,49.4
15:10:37.120,47.301456,8.737981,586.4,49.4
15:10:37.620,47.301456,8.737643,586.2,49.4
15:10:38.120,47.301456,8.737643,586.2,49.2
15:10:38.620,47.301546,8.737545,586.2,48.6
15:10:39.120,47.301583,8.737545,586.3,48.4
15:10:39.620,47.301616,8.737311,586.3,48.3
15:10:40.120,47.301616,8.73721,586.2,48.4
15:10:40.620,47.301616,8.737105,585.7,49.5
15:10:41.120,47.30168,8.737105,585.2,50.5
15:10:41.620,47.30168,8.736995,584.2,50.5
15:10:42.120,47.30168,8.736843,583.4,52.5
15:10:42.620,47.30168,8.736728,582.4,53.3
15:10:43.120,47.301766,8.736728,581.8,54.0
15:10:43.620,47.30181,8.736728,581.2,53.9
15:10:44.120,47.30181,8.736498,581.1,53.9
15:10:44.620,47.301846,8.736498,580.9,53.2
15:10:45.120,47.301883,8.736236,580.9,52.9
15:10:45.620,47.301923,8.736236,580.6,52.7
15:10:46.120,47.30198,8.73613,580.6,52.4
15:10:46.620,47.30198,8.736026,580.6,52.0
15:10:47.120,47.302026,8.735923,580.6,52.0
15:10:47.620,47.302026,8.73579,580.5,52.0
15:10:48.120,47.302026,8.73579,580.3,52.3
15:10:48.620,47.30218,8.735691,580.4,52.3
15:10:49.120,47.30218,8.735591,580.7,52.0
15:10:49.620,47.302226,8.735461,580.7,52.0
15:10:50.120,47.30228,8.735461,580.9,51.9
15:10:50.620,47.302323,8.735361,580.9,51.7
15:10:51.120,47.302323,8.735265,580.9,51.9
15:10:51.620,47.302383,8.735265,580.8,51.9
15:10:52.120,47.30243,8.735166,580.7,51.8
15:10:52.620,47.302473,8.735166,580.7,52.0
15:10:53.120,47.302473,8.734933,580.5,52.3
15:10:53.620,47.302473,8.734831,580.5,51.4
15:10:54.120,47.302563,8.734831,580.9,50.1
15:10:54.620,47.302563,8.734831,580.9,50.0
15:10:55.120,47.302563,8.734646,581.0,50.1
15:10:55.620,47.302563,8.734535,580.9,49.6
15:10:56.120,47.30274,8.734456,580.9,49.6
15:10:56.620,47.302796,8.734456,581.1,49.1
15:10:57.120,47.30287,8.734376,581.2,49.4
15:10:57.620,47.30287,8.734376,581.3,50.3
15:10:58.120,47.30293,8.734193,580.9,51.3
15:10:58.620,47.30299,8.734193,580.7,51.6
15:10:59.120,47.303056,8.734116,580.3,53.9
15:10:59.620,47.303056,8.734116,580.6,54.2
15:11:00.120,47.303146,8.733966,581.4,53.5
15:11:00.620,47.303213,8.733868,581.6,53.8
15:11:01.120,47.303213,8.733868,581.8,53.0
15:11:01.620,47.303213,8.733795,582.3,53.1
15:11:02.120,47.303213,8.733725,582.4,52.7
15:11:02.620,47.303436,8.733656,582.5,52.7
15:11:03.120,47.303506,8.733656,582.6,52.4
15:11:03.620,47.30358,8.733595,583.3,51.7
15:11:04.120,47.30358,8.733521,584.0,50.8
15:11:04.620,47.303653,8.733481,584.6,49.1
15:11:05.120,47.303746,8.733481,584.8,48.7
15:11:05.620,47.303823,8.733453,584.5,48.4
15:11:06.120,47.303823,8.73344,584.5,48.9
15:11:06.620,47.303823,8.73344,583.9,50.1
15:11:07.120,47.303983,8.73344,584.6,50.8
15:11:07.620,47.303983,8.73344,585.2,49.7
15:11:08.120,47.303983,8.733503,585.9,49.7
15:11:08.620,47.303983,8.73355,586.2,49.7
15:11:09.120,47.303983,8.733631,586.5,49.7
15:11:09.620,47.30429,8.733631,586.6,50.1
15:11:10.120,47.30434,8.733631,587.9,50.1
15:11:10.620,47.30434,8.733808,587.9,47.7
15:11:11.120,47.304376,8.733908,587.9,43.8
15:11:11.620,47.304386,8.733908,587.9,43.4
15:11:12.120,47.304383,8.734043,592.3,43.4
15:11:12.620,47.304383,8.734043,592.1,45.0
15:11:13.120,47.30437,8.734245,590.7,47.3
15:11:13.620,47.30437,8.734351,588.5,53.8
15:11:14.120,47.3043,8.734351,587.0,56.4
15:11:14.620,47.3043,8.734505,585.0,61.2
15:11:15.120,47.3043,8.734626,583.9,63.5
15:11:15.620,47.304196,8.73475,582.3,64.4
15:11:16.120,47.304116,8.73475,582.0,64.4
15:11:16.620,47.30406,8.734876,582.4,65.6
15:11:17.120,47.30406,8.735043,582.4,65.3
15:11:17.620,47.304,8.735043,582.3,65.1
15:11:18.120,47.303943,8.735043,582.3,65.9
15:11:18.620,47.303866,8.735043,581.3,66.3
15:11:19.120,47.303866,8.73542,581.3,66.5
15:11:19.620,47.303866,8.735535,581.8,65.9
15:11:20.120,47.303723,8.735535,581.4,66.2
15:11:20.620,47.303723,8.735535,581.1,66.8
15:11:21.120,47.303723,8.735758,580.7,67.1
15:11:21.620,47.303723,8.735758,580.7,67.5
15:11:22.120,47.303413,8.735758,579.9,68.8
15:11:22.620,47.303306,8.735758,579.7,68.5
15:11:23.120,47.303306,8.735831,579.5,68.3
15:11:23.620,47.303083,8.735831,580.2,64.7
15:11:24.120,47.303083,8.735696,580.2,58.5
15:11:24.620,47.303016,8.735606,582.8,56.1
15:11:25.120,47.302963,8.735606,583.4,53.1
15:11:25.620,47.30292,8.735606,583.5,51.4
15:11:26.120,47.30292,8.735361,583.5,49.4
15:11:26.620,47.30291,8.735361,583.7,47.4
15:11:27.120,47.30291,8.735253,584.3,43.5
15:11:27.620,47.30291,8.735253,584.3,42.3
15:11:28.120,47.30291,8.735253,584.3,41.9
15:11:28.620,47.303006,8.735253,584.1,40.3
15:11:29.120,47.30306,8.735003,583.8,39.8
15:11:29.620,47.303136,8.73497,583.6,39.8
15:11:30.120,47.303196,8.73497,584.7,37.4
15:11:30.620,47.303196,8.734948,585.1,37.3
15:11:31.120,47.303256,8.734948,585.1,36.9
15:11:31.620,47.303313,8.734951,585.0,37.6
15:11:32.120,47.303313,8.734963,585.0,38.0
15:11:32.620,47.303313,8.734983,584.2,39.8
15:11:33.120,47.303453,8.734983,584.2,39.9
15:11:33.620,47.303453,8.734983,584.3,40.2
15:11:34.120,47.303453,8.735088,584.2,40.2
15:11:34.620,47.303453,8.735156,584.1,40.2
15:11:35.120,47.30362,8.735156,584.1,44.6
15:11:35.620,47.303666,8.735345,584.2,44.8
15:11:36.120,47.303666,8.735345,584.1,44.8
15:11:36.620,47.30374,8.735345,583.9,47.7
15:11:37.120,47.30374,8.735548,583.9,50.3
15:11:37.620,47.303766,8.735548,582.9,52.2
15:11:38.120,47.303776,8.735666,582.8,54.5
15:11:38.620,47.303773,8.735666,582.3,55.9
15:11:39.120,47.303773,8.73597,582.3,58.8
15:11:39.620,47.303773,8.736098,581.6,58.8
15:11:40.120,47.303773,8.736098,581.6,61.0
15:11:40.620,47.303646,8.736225,580.8,61.6
15:11:41.120,47.303646,8.736225,581.0,60.4
15:11:41.620,47.303646,8.73648,581.2,60.5
15:11:42.120,47.30352,8.736575,580.6,60.5
15:11:42.620,47.30343,8.736575,580.0,60.5
15:11:43.120,47.303353,8.736665,579.4,60.5
15:11:43.620,47.303353,8.736748,579.2,60.7
15:11:44.120,47.30327,8.73685,578.6,61.6
15:11:44.620,47.30319,8.73685,577.7,62.0
15:11:45.120,47.30319,8.736918,576.5,61.4
15:11:45.620,47.30319,8.736978,576.4,60.8
15:11:46.120,47.302986,8.736978,575.9,61.4
15:11:46.620,47.302893,8.736978,575.2,60.9
15:11:47.120,47.302893,8.737061,573.7,61.9
15:11:47.620,47.302703,8.737061,572.9,61.9
15:11:48.120,47.302703,8.737061,572.4,63.1
15:11:48.620,47.302566,8.737038,571.8,63.5
15:11:49.120,47.30247,8.737038,571.4,63.5
15:11:49.620,47.302393,8.736983,571.7,59.6
15:11:50.120,47.302393,8.736876,572.8,56.3
15:11:50.620,47.302323,8.736793,574.3,51.9
15:11:51.120,47.302246,8.736793,574.5,50.9
15:11:51.620,47.302196,8.736706,574.0,50.7
15:11:52.120,47.302196,8.736613,573.2,50.8
15:11:52.620,47.302196,8.73648,572.6,51.3
15:11:53.120,47.302196,8.736373,571.7,50.0
15:11:53.620,47.302196,8.736373,571.1,49.6
15:11:54.120,47.30205,8.736373,569.5,49.2
15:11:54.620,47.30205,8.736116,568.4,49.5
15:11:55.120,47.302046,8.736001,567.0,49.7
15:11:55.620,47.30206,8.736001,566.6,50.3
15:11:56.120,47.302086,8.735891,566.1,48.4
15:11:56.620,47.302086,8.735788,566.4,48.4
15:11:57.120,47.30214,8.735691,567.4,46.5
15:11:57.620,47.302186,8.735691,568.4,46.2
15:11:58.120,47.30223,8.735585,569.1,43.1
15:11:58.620,47.302283,8.735516,569.1,42.6
15:11:59.120,47.302283,8.735465,569.3,42.0
15:11:59.620,47.30236,8.735435,569.7,40.5
15:12:00.120,47.30242,8.735435,570.1,38.5
15:12:00.620,47.30242,8.735435,570.6,38.5
15:12:01.120,47.30242,8.735468,570.5,36.9
15:12:01.620,47.302533,8.735468,570.5,38.3
15:12:02.120,47.302603,8.735468,568.1,40.8
15:12:02.620,47.302653,8.735573,567.0,46.0
15:12:03.120,47.302653,8.735688,567.0,46.9
15:12:03.620,47.30269,8.735688,567.0,46.6
15:12:04.120,47.302716,8.735891,567.0,46.6
15:12:04.620,47.30274,8.735891,567.0,47.3
15:12:05.120,47.30274,8.736,566.6,48.4
15:12:05.620,47.302743,8.736113,566.6,48.6
15:12:06.120,47.302726,8.736275,563.7,57.1
15:12:06.620,47.302726,8.736275,563.4,58.7
15:12:07.120,47.302726,8.736393,563.5,58.9
15:12:07.620,47.302726,8.736495,563.4,59.1
15:12:08.120,47.302556,8.73659,562.0,59.1
15:12:08.620,47.302476,8.73659,561.6,59.1
15:12:09.120,47.3024,8.736691,560.2,59.1
15:12:09.620,47.30227,8.736691,557.8,62.7
15:12:10.120,47.30227,8.73678,557.3,64.2
15:12:10.620,47.30217,8.736788,555.8,65.0
15:12:11.120,47.302066,8.736788,555.7,64.6
15:12:11.620,47.30197,8.736751,555.4,63.7
15:12:12.120,47.30197,8.736688,555.4,62.3
15:12:12.620,47.301883,8.736596,557.4,54.5
15:12:13.120,47.30181,8.736596,558.2,52.8
15:12:13.620,47.30177,8.7365,558.6,49.3
15:12:14.120,47.30177,8.736396,558.8,45.9
15:12:14.620,47.30175,8.736396,558.7,41.5
15:12:15.120,47.30175,8.736178,558.5,38.7
15:12:15.620,47.301783,8.736178,558.1,35.4
15:12:16.120,47.30182,8.736108,557.6,34.4
15:12:16.620,47.30182,8.736056,557.6,34.8
15:12:17.120,47.301866,8.736056,556.8,34.8
15:12:17.620,47.301923,8.736015,556.8,36.7
15:12:18.120,47.302003,8.736,554.8,38.5
15:12:18.620,47.302003,8.735996,554.8,39.4
15:12:19.120,47.302066,8.736015,551.5,43.1
15:12:19.620,47.302066,8.736015,551.2,43.9
15:12:20.120,47.302066,8.736053,550.6,45.4
15:12:20.620,47.302066,8.736113,550.7,45.1
15:12:21.120,47.302266,8.736185,550.6,43.6
15:12:21.620,47.302306,8.736266,550.3,43.6
15:12:22.120,47.30234,8.736266,550.1,43.3
15:12:22.620,47.302366,8.736388,549.2,43.3
15:12:23.120,47.302366,8.73649,548.3,46.3
15:12:23.620,47.302393,8.7366,546.9,49.0
15:12:24.120,47.302393,8.7366,546.9,49.9
15:12:24.620,47.30238,8.736715,545.8,50.0
15:12:25.120,47.30238,8.736866,545.1,50.1
15:12:25.620,47.302363,8.736978,544.7,51.0
15:12:26.120,47.30234,8.736978,543.1,51.7
15:12:26.620,47.30234,8.736978,542.1,51.7
15:12:27.120,47.30234,8.737211,542.1,54.1
15:12:27.620,47.302283,8.737373,540.2,55.0
15:12:28.120,47.302256,8.737373,539.0,55.5
15:12:28.620,47.302233,8.737373,538.4,56.7
15:12:29.120,47.3022,8.737623,537.4,57.7
15:12:29.620,47.3022,8.737753,537.4,58.1
15:12:30.120,47.302176,8.737925,536.7,58.1
15:12:30.620,47.302156,8.737925,536.7,58.2
15:12:31.120,47.30214,8.738055,536.4,57.9
15:12:31.620,47.30214,8.738185,536.3,57.9
15:12:32.120,47.302113,8.738315,536.3,57.4
15:12:32.620,47.302113,8.738315,536.3,57.7
15:12:33.120,47.302113,8.73849,536.3,57.6
15:12:33.620,47.302113,8.738618,537.0,57.0
15:12:34.120,47.302063,8.738748,537.0,56.9
15:12:34.620,47.302043,8.73888,536.7,56.9
15:12:35.120,47.302026,8.73888,536.6,57.4
15:12:35.620,47.301996,8.739008,536.1,57.9
15:12:36.120,47.301996,8.739176,536.0,58.2
15:12:36.620,47.301966,8.739298,536.0,58.2
15:12:37.120,47.30191,8.739298,536.0,58.1
15:12:37.620,47.301856,8.739415,534.9,58.3
15:12:38.120,47.301793,8.739525,534.2,59.0
15:12:38.620,47.301793,8.739525,532.9,58.7
15:12:39.120,47.30173,8.739755,531.2,62.2
15:12:39.620,47.301626,8.739755,530.0,61.6
15:12:40.120,47.301546,8.73984,528.1,62.4
15:12:40.620,47.301546,8.739913,527.0,63.9
15:12:41.120,47.301453,8.739913,525.6,64.8
15:12:41.620,47.301353,8.739913,525.1,65.7
15:12:42.120,47.301216,8.740015,523.6,65.8
15:12:42.620,47.301216,8.74002,523.4,66.0
15:12:43.120,47.30111,8.739995,524.0,65.6
15:12:43.620,47.30101,8.739925,524.1,65.5
15:12:44.120,47.300916,8.739925,523.8,65.0
15:12:44.620,47.300833,8.739845,523.9,65.0
15:12:45.120,47.300833,8.739745,524.3,60.6
15:12:45.620,47.300833,8.739631,524.3,58.8
15:12:46.120,47.300833,8.739631,524.2,58.1
15:12:46.620,47.300696,8.739463,523.6,55.6
15:12:47.120,47.300696,8.739463,523.7,53.6
15:12:47.620,47.3007,8.73922,524.3,50.0
15:12:48.120,47.30073,8.73922,524.5,50.0
15:12:48.620,47.300756,8.739115,524.5,50.0
15:12:49.120,47.300796,8.738993,524.1,44.6
15:12:49.620,47.300796,8.738913,523.6,44.1
15:12:50.120,47.300843,8.738841,523.6,43.7
15:12:50.620,47.300916,8.738841,521.8,44.2
15:12:51.120,47.300976,8.738781,521.1,44.7
15:12:51.620,47.300976,8.738735,520.6,44.6
15:12:52.120,47.30104,8.738691,519.8,45.1
15:12:52.620,47.30111,8.738691,519.4,45.6
15:12:53.120,47.30121,8.738678,519.0,46.4
15:12:53.620,47.30121,8.738678,518.9,46.6
15:12:54.120,47.301283,8.738678,519.0,47.2
15:12:54.620,47.30136,8.738678,518.8,47.5
15:12:55.120,47.301426,8.73873,518.2,48.8
15:12:55.620,47.301523,8.738775,517.4,48.5
15:12:56.120,47.301523,8.738838,516.3,51.1
15:12:56.620,47.301583,8.738918,516.5,52.6
15:12:57.120,47.30164,8.738918,516.8,50.5
15:12:57.620,47.30169,8.739038,516.7,50.3
15:12:58.120,47.30169,8.739133,516.5,50.4
15:12:58.620,47.30169,8.739233,516.2,51.8
15:12:59.120,47.30169,8.739233,516.0,53.0
15:12:59.620,47.301826,8.739341,515.4,54.5
15:13:00.120,47.301826,8.739493,514.5,55.2
15:13:00.620,47.30186,8.739615,513.4,57.1
15:13:01.120,47.301893,8.739615,513.2,57.1
15:13:01.620,47.301916,8.739615,512.5,56.8
15:13:02.120,47.30192,8.73987,512.3,56.5
15:13:02.620,47.30192,8.740043,512.4,55.6
15:13:03.120,47.30192,8.740171,512.4,55.2
15:13:03.620,47.301913,8.740171,512.4,55.4
15:13:04.120,47.3019,8.740298,514.2,54.7
15:13:04.620,47.3019,8.740425,514.4,54.6
15:13:05.120,47.301886,8.740591,514.5,54.6
15:13:05.620,47.301873,8.740715,514.5,54.6
15:13:06.120,47.30186,8.740715,514.4,54.8
15:13:06.620,47.301843,8.740841,514.3,54.8
15:13:07.120,47.301843,8.740841,513.9,55.5
15:13:07.620,47.30183,8.74114,512.6,56.0
15:13:08.120,47.30182,8.74114,512.3,57.4
15:13:08.620,47.301806,8.74128,511.7,64.6
15:13:09.120,47.301806,8.74145,511.7,76.0
15:13:09.620,47.30179,8.741638,512.7,83.9
15:13:10.120,47.301783,8.741638,512.7,83.0
15:13:10.620,47.301783,8.741833,515.9,83.0
15:13:11.120,47.301783,8.741833,522.5,83.7
15:13:11.620,47.301776,8.741833,524.3,84.8
15:13:12.120,47.301776,8.742293,524.3,86.6
15:13:12.620,47.301776,8.742498,532.4,88.9
15:13:13.120,47.301776,8.742703,538.0,88.9
15:13:13.620,47.301763,8.742963,547.0,81.5
15:13:14.120,47.301763,8.743145,555.1,81.5
15:13:14.620,47.301766,8.743145,560.7,77.6
15:13:15.120,47.301773,8.743313,569.5,68.2
15:13:15.620,47.301773,8.743471,572.4,65.1
15:13:16.120,47.30179,8.74366,584.3,60.9
15:13:16.620,47.301813,8.74366,587.2,60.5
15:13:17.120,47.301813,8.743795,598.1,60.5
15:13:17.620,47.301876,8.743923,600.8,57.4
15:13:18.120,47.301876,8.744055,607.9,61.2
15:13:18.620,47.301903,8.744055,612.1,61.7
15:13:19.120,47.30193,8.744055,616.3,61.7
15:13:19.620,47.30193,8.744368,622.4,54.8
15:13:20.120,47.301953,8.744368,626.9,50.4
15:13:20.620,47.30198,8.74459,627.9,49.3
15:13:21.120,47.302003,8.74459,628.3,48.4
15:13:21.620,47.302016,8.744698,628.5,48.2
15:13:22.120,47.302016,8.744846,628.5,49.1
15:13:22.620,47.302023,8.744961,628.7,50.7
15:13:23.120,47.302003,8.745073,629.4,50.2
15:13:23.620,47.30197,8.745073,629.8,49.9
15:13:24.120,47.301923,8.745073,629.8,50.7
15:13:24.620,47.301923,8.745291,630.9,51.2
15:13:25.120,47.301923,8.745341,630.9,51.9
15:13:25.620,47.301753,8.745341,631.7,52.1
15:13:26.120,47.301673,8.745353,631.7,52.8
15:13:26.620,47.301673,8.745353,631.8,53.3
15:13:27.120,47.301673,8.745226,632.3,51.6
15:13:27.620,47.301546,8.745226,633.2,51.6
15:13:28.120,47.301506,8.745126,633.2,51.3
15:13:28.620,47.301506,8.745016,633.2,51.3
15:13:29.120,47.30148,8.744896,632.8,52.1
15:13:29.620,47.30148,8.744736,632.3,52.2
15:13:30.120,47.301493,8.744736,630.9,54.7
15:13:30.620,47.301523,8.744615,630.3,55.7
15:13:31.120,47.301523,8.744493,630.2,56.5
15:13:31.620,47.301573,8.744378,630.7,55.4
15:13:32.120,47.301573,8.744378,631.5,54.5
15:13:32.620,47.301573,8.744236,633.4,52.0
15:13:33.120,47.301573,8.744236,634.6,49.7
15:13:33.620,47.301693,8.744035,636.5,47.0
15:13:34.120,47.301733,8.744035,637.3,45.9
15:13:34.620,47.301753,8.743936,637.5,45.9
15:13:35.120,47.30177,8.743798,636.5,47.6
15:13:35.620,47.30177,8.743685,636.5,50.3
15:13:36.120,47.301773,8.743565,634.4,52.1
15:13:36.620,47.30177,8.743565,633.7,54.3
15:13:37.120,47.301763,8.743436,632.8,56.5
15:13:37.620,47.301763,8.743306,632.3,57.2
15:13:38.120,47.301763,8.74313,632.3,56.7
15:13:38.620,47.30175,8.74313,632.3,56.7
15:13:39.120,47.30175,8.743,632.5,55.6
15:13:39.620,47.30175,8.743,632.7,54.1
15:13:40.120,47.30175,8.743,633.8,51.9
15:13:40.620,47.301753,8.743,633.9,51.9
15:13:41.120,47.301753,8.742591,633.6,50.6
15:13:41.620,47.3018,8.742478,633.2,50.6
15:13:42.120,47.3018,8.74237,632.7,50.5
15:13:42.620,47.30184,8.742271,632.6,49.9
15:13:43.120,47.301886,8.742271,632.6,48.9
15:13:43.620,47.30195,8.742191,633.0,41.5
15:13:44.120,47.30195,8.742135,634.4,39.9
15:13:44.620,47.302006,8.742121,635.4,36.7
15:13:45.120,47.302083,8.742121,635.5,35.8
15:13:45.620,47.302083,8.742123,635.3,35.4
15:13:46.120,47.302083,8.742123,635.1,38.0
15:13:46.620,47.3022,8.742146,634.8,38.0
15:13:47.120,47.302263,8.742173,634.8,38.7
15:13:47.620,47.302336,8.742173,634.5,38.6
15:13:48.120,47.302393,8.74221,634.2,38.0
15:13:48.620,47.302393,8.742248,634.2,38.2
15:13:49.120,47.302446,8.742311,632.6,38.9
15:13:49.620,47.3025,8.742311,632.6,41.6
15:13:50.120,47.30257,8.742365,631.8,42.1
15:13:50.620,47.30257,8.742426,631.8,42.9
15:13:51.120,47.30257,8.74252,630.4,44.9
15:13:51.620,47.30267,8.74252,630.0,46.0
15:13:52.120,47.302723,8.742601,629.1,48.3
15:13:52.620,47.302723,8.742601,628.8,48.3
15:13:53.120,47.302723,8.742601,628.2,48.8
15:13:53.620,47.302823,8.742873,629.1,48.8
15:13:54.120,47.302853,8.742873,629.4,47.6
15:13:54.620,47.302853,8.74301,629.9,47.6
15:13:55.120,47.302873,8.743116,630.5,46.8
15:13:55.620,47.302883,8.743223,630.8,46.9
15:13:56.120,47.30289,8.743223,631.2,46.9
15:13:56.620,47.302883,8.743333,631.3,47.8
15:13:57.120,47.302883,8.743478,631.4,48.2
15:13:57.620,47.302873,8.743588,631.5,49.2
15:13:58.120,47.302843,8.743588,631.5,48.9
15:13:58.620,47.302843,8.74369,632.5,48.8
15:13:59.120,47.30274,8.74369,632.7,49.4
15:13:59.620,47.30274,8.74388,632.4,51.5
15:14:00.120,47.302673,8.74394,631.9,52.7
15:14:00.620,47.302593,8.74394,631.9,56.2
15:14:01.120,47.30247,8.74397,632.2,57.5
15:14:01.620,47.30247,8.743975,632.2,57.6
15:14:02.120,47.30238,8.743943,633.6,57.2
15:14:02.620,47.30229,8.743943,633.9,56.8
15:14:03.120,47.30221,8.743903,634.4,57.1
15:14:03.620,47.30221,8.74385,634.4,57.0
15:14:04.120,47.30221,8.743783,634.0,58.4
15:14:04.620,47.302026,8.743705,633.6,59.2
15:14:05.120,47.30195,8.743705,633.7,58.9
15:14:05.620,47.30188,8.743588,634.6,57.6
15:14:06.120,47.30188,8.743496,635.0,57.1
15:14:06.620,47.301793,8.743401,636.1,55.5
15:14:07.120,47.301746,8.743401,636.7,53.5
15:14:07.620,47.30171,8.7433,637.0,51.7
15:14:08.120,47.30171,8.743155,637.4,50.4
15:14:08.620,47.30169,8.743041,637.6,48.3
15:14:09.120,47.3017,8.742941,638.3,46.1
15:14:09.620,47.301736,8.742941,638.6,42.4
15:14:10.120,47.301793,8.74287,639.7,41.0
15:14:10.620,47.301793,8.742838,640.0,40.6
15:14:11.120,47.30186,8.742855,640.6,41.0
15:14:11.620,47.30186,8.742855,641.2,40.4
15:14:12.120,47.301993,8.742893,642.2,40.0
15:14:12.620,47.301993,8.742943,643.1,38.5
15:14:13.120,47.30204,8.743023,644.4,37.7
15:14:13.620,47.30208,8.743023,644.6,34.9
15:14:14.120,47.302113,8.743086,645.1,34.8
15:14:14.620,47.302113,8.743155,645.1,36.0
15:14:15.120,47.302156,8.743233,644.6,38.1
15:14:15.620,47.30218,8.743356,644.6,41.5
15:14:16.120,47.302196,8.743356,644.8,43.1
15:14:16.620,47.302196,8.743455,646.3,41.8
15:14:17.120,47.302196,8.743551,646.4,42.6
15:14:17.620,47.302176,8.743551,646.2,43.8
15:14:18.120,47.302176,8.743551,646.0,45.9
15:14:18.620,47.3021,8.743551,645.1,50.6
15:14:19.120,47.3021,8.743851,645.6,51.0
15:14:19.620,47.302033,8.743886,646.7,50.5
15:14:20.120,47.30193,8.743886,647.0,51.8
15:14:20.620,47.301846,8.743891,646.8,52.0
15:14:21.120,47.301773,8.743865,646.9,51.9
15:14:21.620,47.301773,8.74377,647.2,51.2
15:14:22.120,47.301716,8.74368,647.8,48.9
15:14:22.620,47.301663,8.74368,648.1,47.0
15:14:23.120,47.301633,8.743583,649.5,45.1
15:14:23.620,47.301633,8.74349,649.7,44.0
15:14:24.120,47.301606,8.743358,649.0,44.0
15:14:24.620,47.301606,8.743358,648.7,45.9
15:14:25.120,47.301586,8.74325,647.3,46.6
15:14:25.620,47.301586,8.743138,647.1,49.4
15:14:26.120,47.301596,8.743025,648.3,50.8
15:14:26.620,47.301603,8.743025,648.7,49.1
15:14:27.120,47.301623,8.742876,649.1,48.6
15:14:27.620,47.30166,8.742771,650.8,47.0
15:14:28.120,47.30166,8.742676,651.2,44.9
15:14:28.620,47.301693,8.742593,652.3,42.3
15:14:29.120,47.30173,8.742593,652.5,40.5
15:14:29.620,47.301776,8.742496,653.3,40.1
15:14:30.120,47.301776,8.742436,654.0,39.3
15:14:30.620,47.301823,8.742386,655.2,36.7
15:14:31.120,47.301886,8.742386,655.9,34.4
15:14:31.620,47.301936,8.742348,656.0,33.5
15:14:32.120,47.301936,8.742348,655.5,34.6
15:14:32.620,47.301993,8.742348,653.8,39.2
15:14:33.120,47.302053,8.742316,652.7,42.9
15:14:33.620,47.30215,8.742316,652.6,44.6
15:14:34.120,47.30215,8.742358,652.9,43.5
15:14:34.620,47.30215,8.74244,652.9,42.8
15:14:35.120,47.30215,8.74252,652.1,45.2
15:14:35.620,47.302293,8.74252,652.1,47.2
15:14:36.120,47.302336,8.742616,648.5,51.5
15:14:36.620,47.302336,8.742728,647.9,53.1
15:14:37.120,47.302363,8.742853,645.8,58.7
15:14:37.620,47.302363,8.742853,645.4,59.4
15:14:38.120,47.3024,8.743035,645.0,61.2
15:14:38.620,47.3024,8.743178,645.0,61.2
15:14:39.120,47.3024,8.743178,644.7,60.7
15:14:39.620,47.302393,8.743178,644.7,60.7
15:14:40.120,47.302393,8.743458,645.1,60.7
15:14:40.620,47.302393,8.743623,645.1,55.3
15:14:41.120,47.302336,8.743731,647.4,54.0
15:14:41.620,47.30228,8.743831,647.7,53.0
15:14:42.120,47.302223,8.743831,647.7,53.3
15:14:42.620,47.30216,8.743921,647.3,54.9
15:14:43.120,47.30216,8.743921,646.9,57.7
15:14:43.620,47.30209,8.744103,646.2,57.7
15:14:44.120,47.301976,8.744103,646.6,58.4
15:14:44.620,47.301886,8.744103,648.6,58.1
15:14:45.120,47.301886,8.744188,649.0,57.6
15:14:45.620,47.301793,8.744188,649.9,57.9
15:14:46.120,47.301703,8.74418,649.8,58.0
15:14:46.620,47.301586,8.74418,649.5,59.2
15:14:47.120,47.301496,8.744145,649.0,60.7
15:14:47.620,47.301496,8.744083,649.0,61.4
15:14:48.120,47.301496,8.744001,649.7,60.2
15:14:48.620,47.301343,8.744001,649.8,60.2
15:14:49.120,47.301276,8.74388,650.3,57.3
15:14:49.620,47.30121,8.743778,650.4,56.8
15:14:50.120,47.30121,8.743666,650.6,56.0
15:14:50.620,47.30121,8.743546,649.5,55.7
15:14:51.120,47.301156,8.743546,649.2,55.5
15:14:51.620,47.301156,8.74338,649.1,53.3
15:14:52.120,47.301156,8.74326,650.0,53.3
15:14:52.620,47.301176,8.743148,651.0,47.6
15:14:53.120,47.3012,8.743148,651.2,47.6
15:14:53.620,47.301236,8.743046,650.7,45.5
15:14:54.120,47.301236,8.74292,650.0,45.5
15:14:54.620,47.301276,8.742836,649.1,49.4
15:14:55.120,47.30136,8.742766,649.1,50.3
15:14:55.620,47.30142,8.742766,649.6,47.6
15:14:56.120,47.30148,8.742766,649.8,46.2
15:14:56.620,47.30148,8.742653,649.6,45.6
15:14:57.120,47.30155,8.742653,649.2,47.0
15:14:57.620,47.301623,8.742653,648.9,47.8
15:14:58.120,47.301726,8.742625,649.2,49.1
15:14:58.620,47.301726,8.742646,649.8,49.8
15:14:59.120,47.301726,8.742693,651.1,45.7
15:14:59.620,47.301866,8.742693,651.2,44.6
15:15:00.120,47.301933,8.74273,651.5,43.0
15:15:00.620,47.301933,8.74277,651.4,42.2
15:15:01.120,47.302013,8.742808,650.8,45.0
15:15:01.620,47.302083,8.742866,650.7,45.6
15:15:02.120,47.302143,8.742866,650.9,44.8
15:15:02.620,47.302206,8.742916,651.3,44.5
15:15:03.120,47.302206,8.742971,651.3,44.0
15:15:03.620,47.30228,8.743031,650.9,43.4
15:15:04.120,47.302336,8.743031,650.3,43.4
15:15:04.620,47.302396,8.743115,649.6,47.7
15:15:05.120,47.302396,8.743183,649.5,47.7
15:15:05.620,47.302453,8.743258,648.8,47.9
15:15:06.120,47.302523,8.743258,648.2,47.9
15:15:06.620,47.30258,8.74334,646.7,49.9
15:15:07.120,47.30258,8.74344,646.0,49.9
15:15:07.620,47.30262,8.743591,645.7,54.2
15:15:08.120,47.302643,8.743711,645.7,54.1
15:15:08.620,47.30267,8.743711,645.5,53.5
15:15:09.120,47.30267,8.743711,646.0,52.1
15:15:09.620,47.30267,8.743953,646.3,50.5
15:15:10.120,47.30267,8.743953,645.8,50.0
15:15:10.620,47.302673,8.743953,645.5,50.7
15:15:11.120,47.302656,8.743953,644.6,51.9
15:15:11.620,47.302656,8.743953,644.6,51.9
15:15:12.120,47.302633,8.744453,644.6,51.8
15:15:12.620,47.302593,8.744453,644.4,51.8
15:15:13.120,47.302546,8.74459,643.8,54.3
15:15:13.620,47.302546,8.744688,643.4,54.8
15:15:14.120,47.302546,8.744781,642.6,57.2
15:15:14.620,47.3024,8.744861,642.4,58.6
15:15:15.120,47.30232,8.744861,642.3,59.6
15:15:15.620,47.302233,8.744935,642.5,60.6
15:15:16.120,47.302233,8.744935,642.6,61.4
15:15:16.620,47.30215,8.745075,642.4,61.9
15:15:17.120,47.30203,8.745075,642.5,61.9
15:15:17.620,47.30194,8.745128,642.6,62.4
15:15:18.120,47.30194,8.745181,642.4,62.4
15:15:18.620,47.301846,8.745245,642.6,60.9
15:15:19.120,47.301753,8.745276,643.3,60.9
15:15:19.620,47.301623,8.745276,644.3,59.6
15:15:20.120,47.30153,8.745291,645.0,59.6
15:15:20.620,47.30153,8.745288,645.1,62.1
15:15:21.120,47.301433,8.745263,644.6,63.2
15:15:21.620,47.30134,8.745263,644.4,63.4
15:15:22.120,47.30134,8.745263,643.8,63.9
15:15:22.620,47.30134,8.745141,644.1,63.6
15:15:23.120,47.30134,8.745141,646.0,58.5
15:15:23.620,47.301073,8.745141,646.6,58.0
15:15:24.120,47.301016,8.745141,648.1,56.0
15:15:24.620,47.300973,8.74481,649.0,56.0
15:15:25.120,47.300973,8.744698,649.2,53.7
15:15:25.620,47.300933,8.744583,649.4,52.4
15:15:26.120,47.30092,8.744583,649.5,50.6
15:15:26.620,47.30092,8.744428,649.9,48.7
15:15:27.120,47.30092,8.744428,650.4,48.0
15:15:27.620,47.300936,8.74421,650.4,47.1
15:15:28.120,47.30097,8.74421,650.2,47.1
15:15:28.620,47.30101,8.744108,650.0,48.2
15:15:29.120,47.30101,8.743993,650.1,48.6
15:15:29.620,47.301066,8.743928,650.3,49.0
15:15:30.120,47.30113,8.743928,650.8,47.5
15:15:30.620,47.301223,8.743886,651.7,44.4
15:15:31.120,47.30129,8.743861,652.5,44.4
15:15:31.620,47.30129,8.743856,652.8,41.5
15:15:32.120,47.301353,8.743873,653.3,41.1
15:15:32.620,47.30142,8.743873,653.7,40.4
15:15:33.120,47.30149,8.743906,654.3,39.0
15:15:33.620,47.30149,8.743948,654.5,38.2
15:15:34.120,47.301546,8.743998,654.8,38.0
15:15:34.620,47.30159,8.743998,654.8,38.0
15:15:35.120,47.301633,8.743998,654.1,40.5
15:15:35.620,47.301633,8.744155,653.4,41.2
15:15:36.120,47.301633,8.744155,653.0,42.7
15:15:36.620,47.30171,8.74433,653.0,43.7
15:15:37.120,47.301733,8.74433,653.0,44.1
15:15:37.620,47.301733,8.744461,653.3,45.4
15:15:38.120,47.301733,8.744565,653.9,45.6
15:15:38.620,47.301766,8.744565,654.9,44.9
15:15:39.120,47.301753,8.74467,656.3,44.6
15:15:39.620,47.301753,8.744773,656.6,45.2
15:15:40.120,47.301736,8.744906,656.1,46.6
15:15:40.620,47.301716,8.74501,655.3,48.5
15:15:41.120,47.301683,8.745115,655.3,51.0
15:15:41.620,47.301636,8.745115,655.1,51.3
15:15:42.120,47.30159,8.745216,655.7,51.7
15:15:42.620,47.30159,8.745216,655.8,52.0
15:15:43.120,47.30159,8.745445,655.8,52.2
15:15:43.620,47.301486,8.745445,655.3,53.5
15:15:44.120,47.301403,8.745445,655.2,53.5
15:15:44.620,47.301403,8.745601,655.4,53.5
15:15:45.120,47.301403,8.745673,656.0,51.8
15:15:45.620,47.301253,8.745673,656.2,51.8
15:15:46.120,47.301176,8.745705,656.1,54.8
15:15:46.620,47.301176,8.745728,655.9,55.2
15:15:47.120,47.301056,8.745721,655.8,54.3
15:15:47.620,47.300976,8.745721,656.3,53.7
15:15:48.120,47.3009,8.745721,656.6,53.3
15:15:48.620,47.3009,8.745721,657.2,52.7
15:15:49.120,47.3009,8.745721,658.2,52.1
15:15:49.620,47.300753,8.745721,658.5,52.2
15:15:50.120,47.300706,8.745721,658.4,52.4
15:15:50.620,47.300706,8.745721,658.4,52.4
15:15:51.120,47.300706,8.745721,658.4,52.4
15:15:51.620,47.30064,8.745721,660.1,52.4
15:15:52.120,47.30061,8.745721,661.7,47.6
15:15:52.620,47.30061,8.744963,662.1,45.7
15:15:53.120,47.300583,8.744858,663.4,45.7
15:15:53.620,47.300583,8.744721,663.9,44.7
15:15:54.120,47.300573,8.744618,664.0,45.0
15:15:54.620,47.300573,8.744618,663.8,45.6
15:15:55.120,47.30059,8.744511,663.1,46.8
15:15:55.620,47.30059,8.744405,662.6,48.0
15:15:56.120,47.30062,8.744266,661.4,48.6
15:15:56.620,47.30066,8.744266,661.1,51.6
15:15:57.120,47.300723,8.744165,659.2,52.3
15:15:57.620,47.300723,8.744066,658.8,54.8
15:15:58.120,47.30078,8.743976,659.0,55.4
15:15:58.620,47.30085,8.743886,659.9,54.5
15:15:59.120,47.300926,8.743886,660.5,51.5
15:15:59.620,47.300993,8.743846,661.5,48.3
15:16:00.120,47.300993,8.74383,662.9,43.9
15:16:00.620,47.301086,8.74383,664.0,39.7
15:16:01.120,47.301146,8.74383,664.0,38.7
15:16:01.620,47.30121,8.743868,664.0,40.0
15:16:02.120,47.30121,8.743918,664.3,39.9
15:16:02.620,47.301256,8.743918,664.4,39.7
15:16:03.120,47.301313,8.743918,664.6,39.9
15:16:03.620,47.301313,8.743918,664.4,39.8
15:16:04.120,47.301313,8.744163,664.0,40.8
15:16:04.620,47.301376,8.744251,663.5,40.8
15:16:05.120,47.301376,8.744346,663.3,43.1
15:16:05.620,47.301423,8.744346,662.8,45.6
15:16:06.120,47.301433,8.744451,662.0,46.8
15:16:06.620,47.301433,8.744596,662.3,47.4
15:16:07.120,47.301436,8.744706,662.6,47.5
15:16:07.620,47.301433,8.744706,662.6,48.0
15:16:08.120,47.30142,8.744706,662.9,50.1
15:16:08.620,47.30142,8.74493,663.0,51.0
15:16:09.120,47.30142,8.74504,664.6,49.8
15:16:09.620,47.30136,8.74504,665.1,49.4
15:16:10.120,47.30131,8.74504,666.7,48.3
15:16:10.620,47.301236,8.74525,667.3,47.9
15:16:11.120,47.301236,8.745321,667.5,48.5
15:16:11.620,47.30118,8.745388,667.7,48.9
15:16:12.120,47.301113,8.745388,667.6,49.8
15:16:12.620,47.301053,8.745475,667.6,50.0
15:16:13.120,47.301053,8.745538,668.1,49.2
15:16:13.620,47.300963,8.745538,668.4,48.4
15:16:14.120,47.300906,8.745538,668.4,48.9
15:16:14.620,47.300906,8.745675,668.2,48.5
15:16:15.120,47.300793,8.745771,668.2,47.9
15:16:15.620,47.300793,8.745771,668.4,48.2
15:16:16.120,47.300736,8.745771,668.6,48.2
15:16:16.620,47.300736,8.745771,669.2,48.2
15:16:17.120,47.300736,8.745978,669.3,46.9
15:16:17.620,47.300736,8.746043,669.1,46.9
15:16:18.120,47.30052,8.746043,669.0,49.5
15:16:18.620,47.300446,8.746043,668.6,50.5
15:16:19.120,47.300446,8.746086,668.8,51.0
15:16:19.620,47.300446,8.746085,668.8,51.8
15:16:20.120,47.300256,8.74607,669.0,51.6
15:16:20.620,47.300173,8.74607,669.0,51.6
15:16:21.120,47.300096,8.74607,669.0,50.3
15:16:21.620,47.300096,8.745991,669.2,49.4
15:16:22.120,47.300096,8.745991,669.3,47.6
15:16:22.620,47.29994,8.745888,668.6,47.5
15:16:23.120,47.299876,8.745888,667.8,46.3
15:16:23.620,47.29982,8.745803,667.3,46.2
15:16:24.120,47.29982,8.745731,665.8,46.2
15:16:24.620,47.299753,8.745655,665.2,43.9
15:16:25.120,47.29971,8.745655,665.0,42.5
15:16:25.620,47.29968,8.745575,664.6,41.0
15:16:26.120,47.29968,8.745461,663.7,40.4
15:16:26.620,47.29965,8.745461,662.2,40.8
15:16:27.120,47.29963,8.745278,660.9,42.1
15:16:27.620,47.29963,8.745278,658.9,44.2
15:16:28.120,47.299613,8.745176,657.3,44.9
15:16:28.620,47.299613,8.745176,656.2,46.3
15:16:29.120,47.299616,8.745176,654.9,47.2
15:16:29.620,47.299616,8.745176,654.2,47.9
15:16:30.120,47.299646,8.744818,653.1,48.0
15:16:30.620,47.299646,8.744708,652.7,48.0
15:16:31.120,47.299663,8.744561,651.5,49.2
15:16:31.620,47.299663,8.744561,651.3,48.9
15:16:32.120,47.299723,8.74446,649.8,48.3
15:16:32.620,47.29978,8.744361,649.2,48.5
15:16:33.120,47.29978,8.74427,647.5,50.2
15:16:33.620,47.299836,8.744153,647.5,50.6
15:16:34.120,47.299893,8.744153,644.7,51.3
15:16:34.620,47.299956,8.744071,642.6,52.7
15:16:35.120,47.299956,8.744071,642.3,53.9
15:16:35.620,47.299956,8.743915,642.3,52.1
15:16:36.120,47.300106,8.743915,642.5,52.1
15:16:36.620,47.30017,8.743843,642.9,48.9
15:16:37.120,47.30017,8.743761,643.2,48.9
15:16:37.620,47.300236,8.743713,643.4,45.0
15:16:38.120,47.300326,8.743713,643.4,43.8
15:16:38.620,47.300386,8.743676,643.0,42.8
15:16:39.120,47.300456,8.743655,642.3,43.5
15:16:39.620,47.300456,8.743645,641.4,45.6
15:16:40.120,47.30053,8.743658,641.2,46.2
15:16:40.620,47.30053,8.743658,640.8,48.5
15:16:41.120,47.3007,8.74368,640.4,48.9
15:16:41.620,47.3007,8.74368,640.4,50.0
15:16:42.120,47.300773,8.74368,640.5,50.3
15:16:42.620,47.300773,8.74368,640.6,50.3
15:16:43.120,47.300926,8.743841,641.4,48.6
15:16:43.620,47.300926,8.743913,641.7,47.9
15:16:44.120,47.300983,8.743985,642.3,45.6
15:16:44.620,47.301036,8.744058,642.6,45.2
15:16:45.120,47.301086,8.744058,642.6,44.2
15:16:45.620,47.30113,8.744158,642.5,44.5
15:16:46.120,47.30113,8.744238,642.1,45.4
15:16:46.620,47.301193,8.744318,640.5,47.0
15:16:47.120,47.301236,8.744318,640.5,47.0
15:16:47.620,47.301283,8.744318,639.7,46.9
15:16:48.120,47.301283,8.744318,639.6,46.7
15:16:48.620,47.301283,8.74463,639.5,46.1
15:16:49.120,47.30135,8.74463,639.4,46.1
15:16:49.620,47.30137,8.74473,639.2,45.9
15:16:50.120,47.301396,8.744831,638.9,45.9
15:16:50.620,47.301396,8.744965,638.5,46.2
15:16:51.120,47.301396,8.74507,638.4,46.6
15:16:51.620,47.301443,8.74507,638.1,47.2
15:16:52.120,47.301453,8.745178,638.0,47.5
15:16:52.620,47.301453,8.745325,637.2,47.9
15:16:53.120,47.301453,8.745436,637.2,49.5
15:16:53.620,47.301433,8.745436,637.2,50.9
15:16:54.120,47.301433,8.745548,635.6,51.2
15:16:54.620,47.301433,8.745548,635.7,50.6
15:16:55.120,47.301433,8.745548,636.1,50.6
15:16:55.620,47.301433,8.745548,636.4,49.3
15:16:56.120,47.301216,8.745833,636.9,48.4
15:16:56.620,47.30115,8.745891,636.9,48.2
15:16:57.120,47.30115,8.745938,636.8,49.7
15:16:57.620,47.301053,8.745966,636.6,50.0
15:16:58.120,47.300973,8.745966,636.5,50.8
15:16:58.620,47.30089,8.745971,636.5,52.5
15:16:59.120,47.30089,8.74594,636.5,52.8
15:16:59.620,47.300813,8.745873,639.1,52.5
15:17:00.120,47.300733,8.745873,640.3,52.6
15:17:00.620,47.300686,8.74578,641.9,52.1
15:17:01.120,47.300686,8.74564,642.8,50.9
15:17:01.620,47.300656,8.745525,643.4,50.8
15:17:02.120,47.300633,8.745525,643.8,50.8
15:17:02.620,47.300646,8.745408,644.9,49.6
15:17:03.120,47.300666,8.745408,645.6,49.6
15:17:03.620,47.300666,8.745191,645.6,47.0
15:17:04.120,47.300693,8.745056,645.9,46.6
15:17:04.620,47.300723,8.745056,646.1,44.5
15:17:05.120,47.300773,8.744963,646.2,44.1
15:17:05.620,47.300773,8.74488,646.3,44.2
15:17:06.120,47.300816,8.744806,647.0,44.3
15:17:06.620,47.300873,8.744806,647.2,44.3
15:17:07.120,47.300936,8.744733,648.0,43.3
15:17:07.620,47.300936,8.744733,648.5,43.3
15:17:08.120,47.301026,8.744733,649.4,42.1
15:17:08.620,47.301026,8.744685,650.0,39.1
15:17:09.120,47.301146,8.744685,650.1,38.7
15:17:09.620,47.301203,8.744705,649.8,38.3
15:17:10.120,47.301203,8.744736,649.2,39.6
15:17:10.620,47.301203,8.74479,648.8,40.7
15:17:11.120,47.301326,8.74479,648.6,41.7
15:17:11.620,47.30136,8.744865,647.5,44.7
15:17:12.120,47.30136,8.74499,647.5,46.7
15:17:12.620,47.30138,8.745098,647.0,47.4
15:17:13.120,47.301383,8.74521,647.0,47.4
15:17:13.620,47.30136,8.74521,646.6,48.8
15:17:14.120,47.30136,8.74521,646.6,48.6
15:17:14.620,47.30136,8.74545,646.2,48.6
15:17:15.120,47.30136,8.74545,645.9,48.6
15:17:15.620,47.30136,8.74545,644.3,51.5
15:17:16.120,47.30136,8.745608,644.2,51.5
15:17:16.620,47.30136,8.74566,644.0,51.1
15:17:17.120,47.301063,8.7457,644.3,51.1
15:17:17.620,47.300983,8.7457,644.3,51.2
15:17:18.120,47.300983,8.745713,644.4,53.2
15:17:18.620,47.300983,8.745713,644.6,54.0
15:17:19.120,47.300786,8.745703,645.0,55.3
15:17:19.620,47.3007,8.74568,645.6,55.3
15:17:20.120,47.300613,8.74568,648.8,50.7
15:17:20.620,47.300613,8.74568,653.9,42.3
15:17:21.120,47.300613,8.74568,654.8,42.3
15:17:21.620,47.300613,8.745531,656.5,39.7
15:17:22.120,47.300426,8.745531,657.1,39.7
15:17:22.620,47.300383,8.745473,657.1,42.5
15:17:23.120,47.300383,8.745355,657.0,43.3
15:17:23.620,47.300363,8.745261,657.8,42.4
15:17:24.120,47.300353,8.745261,658.6,39.8
15:17:24.620,47.300356,8.745261,658.8,38.2
15:17:25.120,47.30037,8.74508,658.8,38.0
15:17:25.620,47.30037,8.744961,656.8,40.3
15:17:26.120,47.300386,8.74487,656.8,44.6
15:17:26.620,47.30045,8.74487,654.1,50.7
15:17:27.120,47.30052,8.74487,654.8,52.2
15:17:27.620,47.30052,8.744736,655.4,50.4
15:17:28.120,47.30052,8.744705,656.2,48.2
15:17:28.620,47.30067,8.744705,656.2,47.2
15:17:29.120,47.300743,8.744711,657.0,46.7
15:17:29.620,47.300743,8.744746,657.3,46.6
15:17:30.120,47.30083,8.744795,657.7,44.8
15:17:30.620,47.30089,8.744875,658.8,44.1
15:17:31.120,47.30094,8.744875,658.8,42.3
15:17:31.620,47.300983,8.744948,659.3,42.1
15:17:32.120,47.300983,8.745033,659.2,42.7
15:17:32.620,47.301016,8.745128,659.2,43.4
15:17:33.120,47.301026,8.745128,659.2,43.6
15:17:33.620,47.301026,8.745265,658.7,44.6
15:17:34.120,47.301026,8.745265,658.3,45.8
15:17:34.620,47.301013,8.745473,658.2,46.6
15:17:35.120,47.300983,8.745473,658.1,46.6
15:17:35.620,47.300953,8.745573,657.7,47.6
15:17:36.120,47.300953,8.745705,657.4,48.5
15:17:36.620,47.300916,8.745795,657.6,48.4
15:17:37.120,47.300866,8.745873,657.9,48.3
15:17:37.620,47.300786,8.745873,658.1,50.2
15:17:38.120,47.30072,8.745943,658.8,49.3
15:17:38.620,47.30072,8.746003,659.5,48.8
15:17:39.120,47.300656,8.746003,659.5,49.4
15:17:39.620,47.300586,8.746076,659.9,49.4
15:17:40.120,47.300586,8.746123,660.3,50.9
15:17:40.620,47.300586,8.746155,660.1,51.8
15:17:41.120,47.300586,8.746155,661.2,49.8
15:17:41.620,47.30033,8.74609,661.7,49.0
15:17:42.120,47.300263,8.74609,663.1,47.1
15:17:42.620,47.30022,8.746006,663.1,45.9
15:17:43.120,47.30022,8.74591,665.5,44.1
15:17:43.620,47.30021,8.74581,666.3,41.0
15:17:44.120,47.300223,8.74581,666.5,39.9
15:17:44.620,47.300256,8.745695,666.5,37.9
15:17:45.120,47.300256,8.745626,666.1,38.2
15:17:45.620,47.300316,8.745566,666.1,42.5
15:17:46.120,47.30038,8.745566,664.9,44.8
15:17:46.620,47.300446,8.745516,664.7,48.8
15:17:47.120,47.300516,8.745516,664.9,49.4
15:17:47.620,47.300516,8.745415,665.8,47.9
15:17:48.120,47.300583,8.745376,666.9,44.5
15:17:48.620,47.300583,8.745376,667.1,40.9
15:17:49.120,47.300583,8.745345,665.6,40.4
15:17:49.620,47.300583,8.745345,665.4,43.2
15:17:50.120,47.30081,8.745331,666.7,47.8
15:17:50.620,47.30087,8.745331,668.4,41.5
15:17:51.120,47.300936,8.745368,670.4,37.2
15:17:51.620,47.300936,8.745425,670.6,36.2
15:17:52.120,47.300973,8.745498,670.0,38.9
15:17:52.620,47.300993,8.745498,670.0,40.7
15:17:53.120,47.300983,8.745498,668.1,42.4
15:17:53.620,47.300983,8.745723,665.7,49.6
15:17:54.120,47.300983,8.74582,664.7,53.5
15:17:54.620,47.30087,8.74582,664.4,54.1
15:17:55.120,47.30081,8.74582,665.3,52.2
15:17:55.620,47.300743,8.746003,666.8,49.6
15:17:56.120,47.300743,8.746063,667.8,47.0
15:17:56.620,47.300656,8.746113,668.7,47.8
15:17:57.120,47.300586,8.746113,669.1,48.9
15:17:57.620,47.300516,8.746156,669.1,47.7
15:17:58.120,47.300516,8.746205,670.4,47.7
15:17:58.620,47.300446,8.746223,670.4,42.8
15:17:59.120,47.300383,8.746223,673.2,40.9
15:17:59.620,47.300296,8.746225,673.4,41.9
15:18:00.120,47.300233,8.746225,672.8,42.5
15:18:00.620,47.300233,8.74615,672.3,44.2
15:18:01.120,47.300183,8.746063,672.2,45.9
15:18:01.620,47.300183,8.746063,672.7,45.6
15:18:02.120,47.300183,8.745963,673.5,43.0
15:18:02.620,47.300183,8.745963,673.6,43.0
15:18:03.120,47.30015,8.74574,673.0,41.9
15:18:03.620,47.300183,8.74574,672.7,42.4
15:18:04.120,47.300243,8.745668,672.1,47.7
15:18:04.620,47.300336,8.745636,672.5,47.5
15:18:05.120,47.300336,8.745643,673.0,46.5
15:18:05.620,47.300406,8.745643,673.0,45.9
15:18:06.120,47.300463,8.745643,674.6,44.2
15:18:06.620,47.300463,8.745768,675.7,42.2
15:18:07.120,47.300463,8.745855,675.7,42.5
15:18:07.620,47.300463,8.745855,675.6,43.2
15:18:08.120,47.30053,8.745855,675.8,44.6
15:18:08.620,47.30053,8.746055,676.1,45.2
15:18:09.120,47.30053,8.746193,675.8,45.2
15:18:09.620,47.300486,8.746295,675.5,50.4
15:18:10.120,47.30044,8.746295,675.9,50.2
15:18:10.620,47.300393,8.746393,675.9,48.5
15:18:11.120,47.300393,8.746486,676.4,48.1
15:18:11.620,47.30035,8.746596,676.4,48.1
15:18:12.120,47.300296,8.746668,676.0,48.4
15:18:12.620,47.300296,8.746668,675.0,50.9
15:18:13.120,47.300296,8.746725,674.8,51.5
15:18:13.620,47.300133,8.746756,675.6,50.9
15:18:14.120,47.300053,8.746756,675.6,49.7
15:18:14.620,47.300053,8.746756,676.7,49.9
15:18:15.120,47.299893,8.746755,677.4,47.4
15:18:15.620,47.299893,8.746718,677.8,47.4
15:18:16.120,47.299893,8.746665,679.7,39.0
15:18:16.620,47.299773,8.746591,680.4,37.9
15:18:17.120,47.299753,8.746591,680.4,35.5
15:18:17.620,47.299746,8.746486,680.4,35.0
15:18:18.120,47.299746,8.746403,679.8,35.4
15:18:18.620,47.29976,8.746403,679.2,38.4
15:18:19.120,47.299783,8.746403,679.0,39.0
15:18:19.620,47.299783,8.74624,678.2,42.1
15:18:20.120,47.299783,8.74624,677.4,43.2
15:18:20.620,47.299866,8.74624,676.0,46.9
15:18:21.120,47.299943,8.74624,674.9,48.6
15:18:21.620,47.299943,8.74598,673.3,51.9
15:18:22.120,47.30008,8.745888,672.4,51.9
15:18:22.620,47.30008,8.74583,672.2,56.4
15:18:23.120,47.300163,8.74579,672.5,56.3
15:18:23.620,47.300273,8.74579,672.7,55.8
15:18:24.120,47.300363,8.745765,672.8,56.2
15:18:24.620,47.300363,8.745761,672.8,55.6
15:18:25.120,47.300446,8.745783,675.6,50.1
15:18:25.620,47.300523,8.745783,677.6,50.1
15:18:26.120,47.30059,8.745826,679.0,45.0
15:18:26.620,47.30059,8.74589,679.3,45.4
15:18:27.120,47.30065,8.745981,680.1,43.9
15:18:27.620,47.30065,8.745981,680.1,44.2
15:18:28.120,47.30064,8.746118,679.1,44.2
15:18:28.620,47.30064,8.746216,678.2,48.7
15:18:29.120,47.30064,8.746301,677.3,52.4
15:18:29.620,47.300503,8.746371,676.2,54.3
15:18:30.120,47.300426,8.746371,675.9,55.4
15:18:30.620,47.300426,8.746436,676.3,52.4
15:18:31.120,47.300343,8.746463,676.7,52.3
15:18:31.620,47.30026,8.746463,677.3,52.8
15:18:32.120,47.30015,8.746463,677.7,51.3
15:18:32.620,47.30015,8.746483,680.0,45.6
15:18:33.120,47.30015,8.746483,682.0,42.1
15:18:33.620,47.300006,8.746483,682.7,41.0
15:18:34.120,47.299943,8.746458,684.2,41.0
15:18:34.620,47.299856,8.746458,684.2,41.7
15:18:35.120,47.299793,8.74644,683.8,42.6
15:18:35.620,47.299793,8.746405,683.7,43.6
15:18:36.120,47.299736,8.74633,683.7,43.0
15:18:36.620,47.299683,8.74633,683.7,43.0
15:18:37.120,47.299626,8.746255,683.7,45.2
15:18:37.620,47.299626,8.746168,683.7,45.5
15:18:38.120,47.299593,8.746073,684.7,44.8
15:18:38.620,47.29957,8.746073,685.5,44.9
15:18:39.120,47.29955,8.745943,685.9,45.6
15:18:39.620,47.29955,8.745838,686.2,45.8
15:18:40.120,47.299536,8.745731,686.4,46.6
15:18:40.620,47.299536,8.74562,686.5,47.3
15:18:41.120,47.29954,8.74562,686.6,48.3
15:18:41.620,47.299556,8.74562,686.7,48.3
15:18:42.120,47.299556,8.745366,686.9,48.1
15:18:42.620,47.299596,8.74527,686.8,48.4
15:18:43.120,47.299646,8.74527,686.5,49.4
15:18:43.620,47.299706,8.74518,685.9,51.2
15:18:44.120,47.299706,8.745073,685.9,52.6
15:18:44.620,47.299773,8.74501,684.6,54.9
15:18:45.120,47.29985,8.744973,684.7,55.1
15:18:45.620,47.29985,8.744973,685.2,53.7
15:18:46.120,47.300043,8.744973,685.7,52.9
15:18:46.620,47.300043,8.744973,686.3,51.3
15:18:47.120,47.300113,8.745093,687.1,50.0
15:18:47.620,47.30017,8.745093,687.6,49.1
15:18:48.120,47.300206,8.745093,688.5,48.6
15:18:48.620,47.300206,8.74529,688.9,44.3
15:18:49.120,47.30021,8.745423,689.6,43.0
15:18:49.620,47.300203,8.745423,689.5,43.2
15:18:50.120,47.300173,8.74552,689.5,43.5
15:18:50.620,47.300173,8.745606,689.9,43.0
15:18:51.120,47.300126,8.745606,690.3,42.9
15:18:51.620,47.300076,8.745606,690.6,42.9
15:18:52.120,47.300016,8.74576,690.6,44.5
15:18:52.620,47.300016,8.74576,690.4,47.0
15:18:53.120,47.299943,8.74576,690.3,48.3
15:18:53.620,47.299943,8.745765,691.3,47.5
15:18:54.120,47.299943,8.745765,691.8,46.1
15:18:54.620,47.299943,8.745765,691.3,46.4
15:18:55.120,47.299943,8.745606,690.5,48.8
15:18:55.620,47.299673,8.745501,689.0,53.7
15:18:56.120,47.299643,8.745501,688.8,53.9
15:18:56.620,47.299646,8.745376,690.9,53.8
15:18:57.120,47.299663,8.745261,690.9,49.0
15:18:57.620,47.299663,8.745128,694.6,44.3
15:18:58.120,47.299693,8.74505,695.8,41.3
15:18:58.620,47.299756,8.74505,696.1,40.4
15:18:59.120,47.299756,8.744986,695.9,40.1
15:18:59.620,47.299756,8.744986,695.3,41.3
15:19:00.120,47.299756,8.744865,693.9,44.4
15:19:00.620,47.299923,8.744865,693.5,44.4
15:19:01.120,47.299996,8.744826,693.2,47.4
15:19:01.620,47.299996,8.744803,693.3,45.8
15:19:02.120,47.30009,8.744803,693.7,42.5
15:19:02.620,47.300153,8.744836,695.2,41.7
15:19:03.120,47.30021,8.744836,695.2,39.0
15:19:03.620,47.30026,8.744888,695.7,38.2
15:19:04.120,47.30026,8.744956,695.7,40.0
15:19:04.620,47.300306,8.745043,694.5,42.7
15:19:05.120,47.300326,8.745043,694.5,42.9
15:19:05.620,47.300326,8.745173,694.8,42.7
15:19:06.120,47.300326,8.745173,694.9,42.4
15:19:06.620,47.300326,8.745368,694.8,41.9
15:19:07.120,47.300326,8.745368,694.4,43.0
15:19:07.620,47.300326,8.745463,694.1,43.7
15:19:08.120,47.300236,8.745583,694.3,42.8
15:19:08.620,47.300236,8.745661,694.7,40.9
15:19:09.120,47.300236,8.745661,694.7,41.2
15:19:09.620,47.300133,8.745731,694.0,42.9
15:19:10.120,47.30007,8.745731,694.0,44.6
15:19:10.620,47.30007,8.745843,691.7,49.4
15:19:11.120,47.299996,8.745843,691.3,50.0
15:19:11.620,47.299913,8.745868,690.5,51.0
15:19:12.120,47.299913,8.745868,691.5,48.6
15:19:12.620,47.299913,8.745833,691.7,48.7
15:19:13.120,47.29974,8.745781,691.3,49.4
15:19:13.620,47.299673,8.745781,690.6,50.3
15:19:14.120,47.299613,8.745681,689.2,50.3
15:19:14.620,47.299553,8.74558,688.3,56.2
15:19:15.120,47.299553,8.745463,687.9,58.0
15:19:15.620,47.299516,8.745338,688.2,58.4
15:19:16.120,47.299486,8.745338,688.2,55.6
15:19:16.620,47.29947,8.745171,690.6,52.9
15:19:17.120,47.29947,8.74505,690.6,52.2
15:19:17.620,47.299463,8.744933,692.3,50.3
15:19:18.120,47.299476,8.744933,692.3,49.0
15:19:18.620,47.29952,8.744828,694.8,46.2
15:19:19.120,47.29952,8.74473,695.2,44.6
15:19:19.620,47.29952,8.744695,695.1,44.5
15:19:20.120,47.29952,8.744695,695.1,44.5
15:19:20.620,47.299736,8.744695,694.9,44.5
15:19:21.120,47.299793,8.744755,694.6,45.6
15:19:21.620,47.299793,8.744831,694.4,46.1
15:19:22.120,47.299833,8.744958,694.7,44.9
15:19:22.620,47.299853,8.744958,694.7,45.1
15:19:23.120,47.29985,8.745061,695.0,44.6
15:19:23.620,47.29985,8.745163,695.0,44.7
15:19:24.120,47.299836,8.745261,695.2,44.5
15:19:24.620,47.2998,8.745261,695.3,44.6
15:19:25.120,47.2998,8.745261,696.0,42.9
15:19:25.620,47.29969,8.745445,696.4,42.8
15:19:26.120,47.29969,8.74551,696.5,43.1
15:19:26.620,47.299636,8.74551,696.2,44.2
15:19:27.120,47.299636,8.745586,695.1,44.2
15:19:27.620,47.299636,8.74563,694.8,46.9
15:19:28.120,47.299636,8.74564,695.0,45.8
15:19:28.620,47.299636,8.74562,695.3,45.8
15:19:29.120,47.299336,8.74562,695.3,46.6
15:19:29.620,47.29928,8.745573,696.1,43.5
15:19:30.120,47.29928,8.745493,696.1,41.5
15:19:30.620,47.299226,8.745426,696.7,40.6
15:19:31.120,47.299183,8.745426,696.7,41.4
15:19:31.620,47.29913,8.745426,694.2,42.7
15:19:32.120,47.299083,8.745271,692.3,44.7
15:19:32.620,47.299083,8.745155,691.2,46.1
15:19:33.120,47.29904,8.745155,691.1,49.8
15:19:33.620,47.298993,8.745155,691.2,48.9
15:19:34.120,47.298943,8.744966,691.0,48.1
15:19:34.620,47.298943,8.744865,690.8,47.3
15:19:35.120,47.298916,8.744728,689.5,47.6
15:19:35.620,47.298893,8.744728,689.0,47.6
15:19:36.120,47.29888,8.74462,686.3,50.3
15:19:36.620,47.29888,8.744503,685.6,50.8
15:19:37.120,47.29888,8.744383,683.2,53.8
15:19:37.620,47.298893,8.744383,681.4,54.6
15:19:38.120,47.298916,8.744383,678.5,57.8
15:19:38.620,47.29896,8.744086,676.3,61.9
15:19:39.120,47.29896,8.743961,675.6,62.1
15:19:39.620,47.299023,8.743843,675.0,61.4
15:19:40.120,47.29908,8.743843,674.7,58.05
15:19:40.620,47.29914,8.743735,674.4,58.3
15:19:41.120,47.29914,8.743605,674.4,56.7
15:19:41.620,47.299206,8.74352,674.0,54.6
15:19:42.120,47.299293,8.74352,674.0,53.2
15:19:42.620,47.29936,8.743448,672.9,51.2
15:19:43.120,47.299433,8.74339,672.9,50.0
15:19:43.620,47.299433,8.743335,671.1,49.4
15:19:44.120,47.299513,8.743306,669.8,49.6
15:19:44.620,47.29961,8.743306,668.9,49.3
15:19:45.120,47.29969,8.743293,667.4,49.0
15:19:45.620,47.29969,8.743303,666.3,49.0
15:19:46.120,47.29969,8.743303,665.0,51.1
15:19:46.620,47.29969,8.743303,664.6,51.3
15:19:47.120,47.299893,8.743435,663.3,51.0
15:19:47.620,47.299893,8.74353,663.0,51.0
15:19:48.120,47.299946,8.74364,662.2,52.4
15:19:48.620,47.299963,8.743761,661.7,52.4
15:19:49.120,47.299976,8.743761,661.7,54.8
15:19:49.620,47.299976,8.74393,660.8,55.0
15:19:50.120,47.299976,8.744058,660.8,54.8
15:19:50.620,47.299966,8.744058,660.8,54.5
15:19:51.120,47.299956,8.744058,661.3,54.0
15:19:51.620,47.299956,8.744306,663.0,50.7
15:19:52.120,47.299956,8.744448,663.9,47.4
15:19:52.620,47.299896,8.744543,664.8,45.7
15:19:53.120,47.299856,8.744543,665.1,43.9
15:19:53.620,47.299826,8.74463,665.0,43.3
15:19:54.120,47.299783,8.744741,664.6,43.7
15:19:54.620,47.299783,8.744828,663.6,44.4
15:19:55.120,47.299746,8.744913,662.8,46.1
15:19:55.620,47.29969,8.744913,662.8,45.1
15:19:56.120,47.299643,8.744993,662.7,44.5
15:19:56.620,47.299643,8.745063,662.1,45.4
15:19:57.120,47.299583,8.745138,660.9,46.8
15:19:57.620,47.29952,8.745138,660.6,48.4
15:19:58.120,47.29952,8.745138,659.9,49.8
15:19:58.620,47.29945,8.745138,658.6,49.9
15:19:59.120,47.29945,8.745261,656.4,54.2
15:19:59.620,47.29945,8.745261,655.7,54.2
15:20:00.120,47.299173,8.745293,654.8,55.9
15:20:00.620,47.29909,8.745308,655.2,55.5
15:20:01.120,47.29909,8.745325,655.4,54.7
15:20:01.620,47.298973,8.745325,655.9,52.9
15:20:02.120,47.29889,8.745325,656.0,52.5
15:20:02.620,47.298806,8.74538,655.5,52.3
15:20:03.120,47.298806,8.745413,655.5,51.7
15:20:03.620,47.29874,8.745413,653.5,50.8
15:20:04.120,47.29874,8.745413,653.3,48.9
15:20:04.620,47.29874,8.745536,652.9,47.7
15:20:05.120,47.29874,8.74565,652.6,47.5
15:20:05.620,47.29855,8.745743,652.5,46.9
15:20:06.120,47.29855,8.745836,652.6,43.9
15:20:06.620,47.298493,8.745836,652.5,41.7
15:20:07.120,47.298493,8.745933,652.4,41.3
15:20:07.620,47.29849,8.746026,652.4,41.7
15:20:08.120,47.298493,8.746156,650.6,42.3
15:20:08.620,47.298503,8.746156,650.4,42.1
15:20:09.120,47.29853,8.746251,649.4,42.0
15:20:09.620,47.29853,8.746343,649.4,43.7
15:20:10.120,47.298556,8.746435,647.0,45.3
15:20:10.620,47.298596,8.746435,646.5,45.3
15:20:11.120,47.29864,8.746548,645.4,47.3
15:20:11.620,47.29864,8.746626,644.6,47.3
15:20:12.120,47.29864,8.746701,643.4,48.5
15:20:12.620,47.29864,8.746773,641.9,48.5
15:20:13.120,47.298836,8.746773,641.5,50.5
15:20:13.620,47.298906,8.746866,639.6,50.5
15:20:14.120,47.298906,8.746928,638.6,53.7
15:20:14.620,47.299003,8.746976,637.7,54.5
15:20:15.120,47.299083,8.746976,637.0,54.6
15:20:15.620,47.299166,8.747016,636.6,54.9
15:20:16.120,47.299166,8.747061,635.7,55.0
15:20:16.620,47.29925,8.747061,635.3,57.2
15:20:17.120,47.29934,8.747105,636.0,57.0
15:20:17.620,47.29934,8.747105,637.3,53.6
15:20:18.120,47.299526,8.747118,638.5,51.7
15:20:18.620,47.299526,8.747128,638.9,50.7
15:20:19.120,47.29961,8.747133,638.9,49.6
15:20:19.620,47.29969,8.747133,639.0,49.3
15:20:20.120,47.29979,8.74712,639.2,48.9
15:20:20.620,47.29979,8.747078,639.5,46.8
15:20:21.120,47.299846,8.74697,641.8,46.2
15:20:21.620,47.299876,8.74697,642.2,45.0
15:20:22.120,47.299886,8.74697,643.0,45.2
15:20:22.620,47.299856,8.746765,642.9,46.6
15:20:23.120,47.299856,8.74666,642.9,52.8
15:20:23.620,47.29981,8.746546,641.8,54.2
15:20:24.120,47.29973,8.746546,640.9,57.6
15:20:24.620,47.29973,8.746503,641.2,56.5
15:20:25.120,47.29973,8.7465,641.4,56.7
15:20:25.620,47.29973,8.7465,642.5,56.7
15:20:26.120,47.299443,8.7465,643.1,53.0
15:20:26.620,47.299376,8.746583,644.1,51.0
15:20:27.120,47.299376,8.74669,644.8,49.2
15:20:27.620,47.299333,8.74669,645.2,46.8
15:20:28.120,47.2993,8.74669,646.7,44.3
15:20:28.620,47.2993,8.746888,648.5,39.8
15:20:29.120,47.29932,8.74698,649.4,38.2
15:20:29.620,47.29932,8.74698,650.3,36.6
15:20:30.120,47.29935,8.747135,650.4,36.3
15:20:30.620,47.29935,8.747135,650.1,35.3
15:20:31.120,47.29935,8.747166,649.9,37.1
15:20:31.620,47.299476,8.747166,649.7,38.6
15:20:32.120,47.299476,8.747113,649.9,39.0
15:20:32.620,47.29959,8.747113,649.5,39.4
15:20:33.120,47.29963,8.747048,648.5,43.4
15:20:33.620,47.29963,8.746961,648.3,44.4
15:20:34.120,47.299666,8.746858,647.7,48.7
15:20:34.620,47.299673,8.74671,648.3,48.8
15:20:35.120,47.299666,8.74671,648.3,48.0
15:20:35.620,47.299646,8.7466,648.2,48.8
15:20:36.120,47.299646,8.746495,647.7,52.1
15:20:36.620,47.29958,8.746405,647.3,54.9
15:20:37.120,47.299513,8.746405,646.9,55.2
15:20:37.620,47.299513,8.74633,647.9,50.7
15:20:38.120,47.299513,8.746308,648.2,51.8
15:20:38.620,47.299513,8.746315,648.9,49.5
15:20:39.120,47.299246,8.746315,649.7,47.8
15:20:39.620,47.299186,8.746356,650.2,47.0
15:20:40.120,47.299186,8.746448,650.7,45.4
15:20:40.620,47.29914,8.746448,651.0,45.4
15:20:41.120,47.299113,8.746633,651.0,43.8
15:20:41.620,47.299103,8.746633,651.5,44.0
15:20:42.120,47.299113,8.746735,651.9,44.2
15:20:42.620,47.299113,8.746735,652.6,41.8
15:20:43.120,47.29915,8.746923,653.2,38.7
15:20:43.620,47.29915,8.746923,655.0,36.4
15:20:44.120,47.299263,8.746963,656.1,34.9
15:20:44.620,47.299263,8.746976,656.3,34.9
15:20:45.120,47.299316,8.746963,656.1,35.0
15:20:45.620,47.299373,8.746963,655.3,35.4
15:20:46.120,47.299423,8.74691,653.8,41.3
15:20:46.620,47.29947,8.746836,652.8,43.0
15:20:47.120,47.29947,8.746741,652.8,45.1
15:20:47.620,47.29947,8.746638,653.4,45.0
15:20:48.120,47.299486,8.746638,653.9,44.6
15:20:48.620,47.29947,8.746501,654.4,44.6
15:20:49.120,47.29947,8.746408,655.3,44.3
15:20:49.620,47.299416,8.746408,656.1,43.2
15:20:50.120,47.299366,8.746408,656.0,43.2
15:20:50.620,47.299366,8.746288,655.0,44.9
15:20:51.120,47.299366,8.746271,654.3,47.1
15:20:51.620,47.299366,8.74631,653.6,47.1
15:20:52.120,47.299156,8.746385,653.2,50.0
15:20:52.620,47.29909,8.746385,653.3,50.0
15:20:53.120,47.29909,8.746481,653.6,49.9
15:20:53.620,47.29906,8.746481,655.5,43.6
15:20:54.120,47.299056,8.746716,655.8,43.0
15:20:54.620,47.299056,8.746716,656.3,41.1
15:20:55.120,47.299113,8.746803,656.4,38.8
15:20:55.620,47.299113,8.746803,656.3,38.7
15:20:56.120,47.299163,8.746906,655.8,39.1
15:20:56.620,47.299163,8.746898,655.9,39.3
15:20:57.120,47.299163,8.746898,656.2,38.8
15:20:57.620,47.299163,8.746865,656.0,39.4
15:20:58.120,47.299163,8.746806,655.1,42.4
15:20:58.620,47.299406,8.7467,654.3,44.4
15:20:59.120,47.29945,8.7467,654.2,46.4
15:20:59.620,47.29947,8.746601,654.7,46.6
15:21:00.120,47.29947,8.746493,655.0,46.1
15:21:00.620,47.29947,8.746385,654.7,48.3
15:21:01.120,47.299443,8.746385,653.9,50.6
15:21:01.620,47.29939,8.746278,652.7,54.5
15:21:02.120,47.29939,8.746175,652.8,55.0
15:21:02.620,47.299313,8.746141,653.4,54.0
15:21:03.120,47.299226,8.746141,653.4,48.5
15:21:03.620,47.299226,8.746141,655.4,46.5
15:21:04.120,47.299226,8.74617,656.9,44.3
15:21:04.620,47.299226,8.746226,657.2,44.3
15:21:05.120,47.299006,8.746285,656.9,43.8
15:21:05.620,47.298953,8.746285,656.5,44.8
15:21:06.120,47.2989,8.746358,656.3,44.6
15:21:06.620,47.2989,8.746358,656.2,43.9
15:21:07.120,47.29888,8.746578,656.3,41.6
15:21:07.620,47.298876,8.746578,656.7,40.7
15:21:08.120,47.298893,8.746668,656.9,39.1
15:21:08.620,47.298933,8.746668,656.8,38.8
15:21:09.120,47.298933,8.74682,656.5,37.7
15:21:09.620,47.298933,8.746875,656.1,37.9
15:21:10.120,47.298933,8.746875,656.0,37.6
15:21:10.620,47.29909,8.746913,655.7,37.9
15:21:11.120,47.29909,8.746926,655.1,38.4
15:21:11.620,47.29917,8.746926,654.3,41.2
15:21:12.120,47.29924,8.746931,653.6,43.3
15:21:12.620,47.299303,8.746921,654.1,42.2
15:21:13.120,47.299303,8.746901,655.0,38.9
15:21:13.620,47.299366,8.746878,656.2,36.9
15:21:14.120,47.29944,8.746878,656.0,36.4
15:21:14.620,47.299496,8.746853,654.5,37.5
15:21:15.120,47.299553,8.746826,654.5,39.8
15:21:15.620,47.299553,8.746783,652.8,45.4
15:21:16.120,47.29962,8.746745,651.1,48.4
15:21:16.620,47.29962,8.746745,651.2,50.1
15:21:17.120,47.29962,8.746703,652.0,50.1
15:21:17.620,47.29962,8.746661,652.8,48.1
15:21:18.120,47.29986,8.746608,653.9,47.4
15:21:18.620,47.29993,8.746608,654.2,44.5
15:21:19.120,47.299996,8.746573,655.1,43.8
15:21:19.620,47.299996,8.746541,655.2,42.7
15:21:20.120,47.30008,8.746511,655.2,43.0
15:21:20.620,47.300143,8.746481,655.1,43.4
15:21:21.120,47.30021,8.746481,654.5,46.1
15:21:21.620,47.30021,8.746481,654.3,46.1
15:21:22.120,47.300283,8.746481,654.7,47.2
15:21:22.620,47.300283,8.746481,654.7,45.9
15:21:23.120,47.300283,8.746381,654.7,45.4
15:21:23.620,47.3005,8.74631,655.7,46.4
15:21:24.120,47.3005,8.74631,655.4,47.3
15:21:24.620,47.300553,8.74615,654.4,48.1
15:21:25.120,47.300606,8.74615,653.5,48.1
15:21:25.620,47.300626,8.746046,652.7,48.1
15:21:26.120,47.300626,8.745926,651.7,53.2
15:21:26.620,47.300626,8.745758,651.0,56.0
15:21:27.120,47.300593,8.745651,649.9,58.8
15:21:27.620,47.300503,8.745651,648.7,58.8
15:21:28.120,47.30042,8.745575,646.7,61.6
15:21:28.620,47.30042,8.745545,645.9,61.7
15:21:29.120,47.30032,8.74558,645.8,60.4
15:21:29.620,47.30032,8.74558,646.0,60.4
15:21:30.120,47.30032,8.74563,646.5,59.3
15:21:30.620,47.30032,8.745691,647.5,59.3
15:21:31.120,47.300033,8.745756,648.2,51.3
15:21:31.620,47.299966,8.745756,648.3,50.1
15:21:32.120,47.29991,8.745846,648.2,48.0
15:21:32.620,47.299856,8.745846,647.8,46.0
15:21:33.120,47.299856,8.745993,647.8,45.1
15:21:33.620,47.2998,8.746078,646.6,44.6
15:21:34.120,47.299766,8.746078,646.6,42.9
15:21:34.620,47.29974,8.746078,646.6,41.4
15:21:35.120,47.29974,8.746285,646.4,41.1
15:21:35.620,47.29974,8.746373,645.9,41.8
15:21:36.120,47.29974,8.746373,645.2,42.9
15:21:36.620,47.29974,8.746465,643.8,46.0
15:21:37.120,47.29974,8.746465,643.4,48.8
15:21:37.620,47.29974,8.746695,644.2,46.8
15:21:38.120,47.29959,8.746786,645.4,46.8
15:21:38.620,47.29954,8.746786,646.0,44.3
15:21:39.120,47.299503,8.746786,646.2,44.7
15:21:39.620,47.299503,8.746995,646.1,45.5
15:21:40.120,47.29947,8.746995,645.9,46.1
15:21:40.620,47.29943,8.747085,645.1,48.7
15:21:41.120,47.29943,8.747181,645.1,48.4
15:21:41.620,47.29943,8.74728,645.1,48.4
15:21:42.120,47.29935,8.74738,644.0,49.2
15:21:42.620,47.29935,8.74752,644.0,50.3
15:21:43.120,47.29935,8.74752,643.9,50.7
15:21:43.620,47.29935,8.747625,643.9,50.7
15:21:44.120,47.299236,8.747625,643.8,50.2
15:21:44.620,47.299236,8.747733,643.7,50.2
15:21:45.120,47.29919,8.747843,642.7,51.2
15:21:45.620,47.299166,8.747998,641.1,52.6
15:21:46.120,47.299166,8.748118,641.1,54.0
15:21:46.620,47.299146,8.748243,641.1,55.6
15:21:47.120,47.299133,8.748243,639.0,56.3
15:21:47.620,47.299126,8.748243,638.4,56.4
15:21:48.120,47.299126,8.748546,638.3,56.2
15:21:48.620,47.299126,8.748546,638.2,56.1
15:21:49.120,47.299126,8.748676,638.2,56.1
15:21:49.620,47.299126,8.748806,638.1,56.0
15:21:50.120,47.299126,8.748806,637.9,56.3
15:21:50.620,47.29912,8.74911,636.4,57.0
15:21:51.120,47.299126,8.749245,635.3,58.7
15:21:51.620,47.299126,8.749245,634.1,58.7
15:21:52.120,47.299126,8.749381,632.3,58.7
15:21:52.620,47.299126,8.749521,631.9,60.6
15:21:53.120,47.29913,8.749521,631.5,60.4
15:21:53.620,47.29913,8.749521,631.3,58.6
15:21:54.120,47.29913,8.749521,631.9,54.8
15:21:54.620,47.299126,8.749968,631.9,53.7
15:21:55.120,47.299126,8.750088,633.0,51.3
15:21:55.620,47.299126,8.7502,633.6,47.9
15:21:56.120,47.299126,8.7502,634.6,45.8
15:21:56.620,47.299103,8.750335,635.0,43.5
15:21:57.120,47.299103,8.750433,635.0,42.7
15:21:57.620,47.299093,8.750528,634.3,42.3
15:21:58.120,47.299083,8.750528,633.6,42.3
15:21:58.620,47.29908,8.750626,633.0,44.0
15:21:59.120,47.29908,8.750761,632.4,44.2
15:21:59.620,47.299083,8.750865,631.9,44.9
15:22:00.120,47.299096,8.750865,631.3,45.5
15:22:00.620,47.29911,8.750865,631.3,45.8
15:22:01.120,47.29911,8.751073,631.3,46.0
15:22:01.620,47.29911,8.751201,631.4,43.7
15:22:02.120,47.299163,8.75129,632.3,42.4
15:22:02.620,47.299206,8.75129,632.4,41.3
15:22:03.120,47.29924,8.75129,632.0,41.7
15:22:03.620,47.29924,8.751451,631.4,43.1
15:22:04.120,47.299283,8.751546,630.7,43.1
15:22:04.620,47.29934,8.751546,630.5,45.1
15:22:05.120,47.299406,8.7516,630.0,46.3
15:22:05.620,47.299406,8.751636,629.5,46.7
15:22:06.120,47.299406,8.751636,629.5,46.7
15:22:06.620,47.299576,8.751636,629.2,49.7
15:22:07.120,47.299576,8.751626,629.3,49.6
15:22:07.620,47.299726,8.75159,629.0,50.7
15:22:08.120,47.299726,8.75159,628.6,52.1
15:22:08.620,47.299726,8.751486,627.7,55.5
15:22:09.120,47.299906,8.751486,627.1,55.9
15:22:09.620,47.299983,8.751406,628.0,55.3
15:22:10.120,47.299983,8.751345,629.1,54.1
15:22:10.620,47.30006,8.751286,630.4,52.9
15:22:11.120,47.300153,8.751286,630.9,52.9
15:22:11.620,47.300226,8.751286,631.0,52.3
15:22:12.120,47.300226,8.751166,631.0,53.0
15:22:12.620,47.3003,8.751086,631.5,52.7
15:22:13.120,47.300373,8.751086,631.7,51.7
15:22:13.620,47.300456,8.751086,631.5,50.7
15:22:14.120,47.300456,8.750946,631.2,50.5
15:22:14.620,47.300456,8.750861,631.2,50.4
15:22:15.120,47.300456,8.750728,630.5,50.4
15:22:15.620,47.300456,8.750728,630.3,51.0
15:22:16.120,47.300456,8.750616,629.4,51.8
15:22:16.620,47.300456,8.750496,629.1,52.0
15:22:17.120,47.30061,8.750375,628.1,54.7
15:22:17.620,47.30057,8.750375,627.9,54.6
15:22:18.120,47.30051,8.750236,628.0,54.5
15:22:18.620,47.30051,8.750165,627.7,54.7
15:22:19.120,47.30041,8.75012,627.0,55.7
15:22:19.620,47.300326,8.75013,626.8,55.1
15:22:20.120,47.300326,8.75013,627.3,54.5
15:22:20.620,47.300326,8.750198,627.3,54.6
15:22:21.120,47.300166,8.750198,627.3,54.3
15:22:21.620,47.300166,8.750391,628.1,51.0
15:22:22.120,47.300166,8.750391,628.0,51.0
15:22:22.620,47.300086,8.750505,627.7,51.0
15:22:23.120,47.300116,8.75062,626.5,51.0
15:22:23.620,47.300116,8.750751,625.5,49.8
15:22:24.120,47.300166,8.750751,624.8,49.8
15:22:24.620,47.300166,8.75082,623.5,50.9
15:22:25.120,47.300166,8.75082,623.5,46.3
15:22:25.620,47.300166,8.750821,623.5,47.2
15:22:26.120,47.300403,8.750821,623.4,46.2
15:22:26.620,47.300463,8.750821,623.3,46.4
15:22:27.120,47.300463,8.750688,622.0,46.3
15:22:27.620,47.300463,8.750603,621.5,46.6
15:22:28.120,47.30057,8.750508,620.0,50.1
15:22:28.620,47.300593,8.750508,620.1,50.2
15:22:29.120,47.30061,8.750365,621.3,44.6
15:22:29.620,47.300626,8.750263,622.0,43.7
15:22:30.120,47.300626,8.750168,622.3,41.6
15:22:30.620,47.300643,8.750076,622.3,40.8
15:22:31.120,47.30066,8.750076,621.6,40.5
15:22:31.620,47.30066,8.749953,620.8,40.5
15:22:32.120,47.30068,8.749858,620.3,43.1
15:22:32.620,47.300696,8.749756,617.7,45.1
15:22:33.120,47.300696,8.749756,615.1,49.0
15:22:33.620,47.300756,8.749648,612.0,52.2
15:22:34.120,47.300756,8.749491,609.8,52.2
15:22:34.620,47.300756,8.749363,608.7,62.3
15:22:35.120,47.300756,8.749363,605.5,62.3
15:22:35.620,47.30087,8.749221,605.2,67.2
15:22:36.120,47.30087,8.749221,604.9,67.2
15:22:36.620,47.30087,8.74888,604.9,65.6
15:22:37.120,47.300933,8.74888,604.9,64.8
15:22:37.620,47.30096,8.74888,604.9,64.3
15:22:38.120,47.300996,8.748593,605.2,63.5
15:22:38.620,47.300996,8.748451,605.4,63.0
15:22:39.120,47.30103,8.74827,606.0,62.0
15:22:39.620,47.301063,8.74827,606.1,61.7
15:22:40.120,47.301063,8.74814,606.1,60.6
15:22:40.620,47.301063,8.748013,606.9,60.6
15:22:41.120,47.301063,8.747893,606.5,59.7
15:22:41.620,47.301063,8.747893,606.1,59.7
15:22:42.120,47.301266,8.747893,605.0,59.5
15:22:42.620,47.301326,8.747628,604.0,59.5
15:22:43.120,47.301326,8.747523,603.6,59.2
15:22:43.620,47.301406,8.747423,603.8,57.2
15:22:44.120,47.301473,8.747423,603.9,57.2
15:22:44.620,47.301533,8.747326,603.9,55.4
15:22:45.120,47.301533,8.747203,603.8,54.1
15:22:45.620,47.301596,8.747116,603.2,53.8
15:22:46.120,47.301596,8.747031,602.8,53.1
15:22:46.620,47.301736,8.747031,601.8,53.1
15:22:47.120,47.301803,8.74695,601.0,53.6
15:22:47.620,47.301803,8.746838,599.9,54.3
15:22:48.120,47.301803,8.74675,598.3,54.3
15:22:48.620,47.301923,8.74675,597.2,54.3
15:22:49.120,47.30201,8.746656,595.4,57.9
15:22:49.620,47.30201,8.746556,594.7,59.2
15:22:50.120,47.30207,8.746451,592.5,60.8
15:22:50.620,47.302133,8.746451,592.5,61.1
15:22:51.120,47.302193,8.746301,590.4,62.0
15:22:51.620,47.302193,8.746185,590.2,62.1
15:22:52.120,47.302266,8.746063,589.8,62.1
15:22:52.620,47.302316,8.74594,589.8,61.8
15:22:53.120,47.302316,8.74594,590.0,61.2
15:22:53.620,47.302316,8.745775,590.0,60.8
15:22:54.120,47.302316,8.74565,589.8,60.2
15:22:54.620,47.302316,8.74565,588.5,59.0
15:22:55.120,47.30249,8.74565,587.3,59.4
15:22:55.620,47.302513,8.745343,585.3,59.4
15:22:56.120,47.302513,8.745201,584.1,62.4
15:22:56.620,47.30253,8.745201,582.3,63.4
15:22:57.120,47.30255,8.745201,581.1,64.8
15:22:57.620,47.302566,8.74491,580.5,64.8
15:22:58.120,47.30258,8.744758,577.5,67.0
15:22:58.620,47.30258,8.744551,577.5,67.2
15:22:59.120,47.302583,8.744395,576.0,67.5
15:22:59.620,47.302593,8.744395,576.0,67.5
15:23:00.120,47.302596,8.74424,574.9,66.4
15:23:00.620,47.302596,8.744086,574.6,65.9
15:23:01.120,47.302596,8.743883,574.0,65.6
15:23:01.620,47.302606,8.743883,573.9,64.7
15:23:02.120,47.30262,8.743735,573.6,64.0
15:23:02.620,47.30262,8.743585,573.5,63.8
15:23:03.120,47.302636,8.74344,573.1,63.8
15:23:03.620,47.302653,8.74344,573.1,63.7
15:23:04.120,47.302676,8.743246,571.8,63.8
15:23:04.620,47.302703,8.743103,571.4,63.9
15:23:05.120,47.302703,8.742961,570.8,63.7
15:23:05.620,47.302746,8.742825,570.2,63.2
15:23:06.120,47.30278,8.742825,569.9,62.3
15:23:06.620,47.30278,8.74269,569.4,61.5
15:23:07.120,47.30278,8.742515,569.0,61.2
15:23:07.620,47.302853,8.742515,568.7,60.4
15:23:08.120,47.302896,8.742515,568.6,59.2
15:23:08.620,47.302933,8.742256,568.3,58.7
15:23:09.120,47.302966,8.742131,567.9,57.8
15:23:09.620,47.302966,8.741965,567.1,58.1
15:23:10.120,47.303003,8.741841,566.8,58.0
15:23:10.620,47.303056,8.741841,566.2,58.6
15:23:11.120,47.303096,8.74172,564.5,58.0
15:23:11.620,47.303096,8.741601,564.5,57.5
15:23:12.120,47.303136,8.74145,563.9,57.1
15:23:12.620,47.30319,8.74145,563.3,55.8
15:23:13.120,47.303263,8.741345,561.7,56.7
15:23:13.620,47.303263,8.741246,561.4,56.9
15:23:14.120,47.303263,8.741153,560.2,57.5
15:23:14.620,47.303393,8.741153,559.9,57.6
15:23:15.120,47.303466,8.741035,559.2,57.9
15:23:15.620,47.30356,8.740953,559.0,58.0
15:23:16.120,47.30356,8.740873,559.1,57.9
15:23:16.620,47.303636,8.7408,559.1,57.7
15:23:17.120,47.303716,8.7408,559.6,57.6
15:23:17.620,47.303796,8.740705,560.2,57.5
15:23:18.120,47.303796,8.740638,561.1,57.3
15:23:18.620,47.30387,8.740573,561.1,55.7
15:23:19.120,47.303976,8.740573,563.1,54.7
15:23:19.620,47.303976,8.740513,564.2,53.3
15:23:20.120,47.303976,8.74044,564.8,52.5
15:23:20.620,47.304123,8.74044,565.4,52.0
15:23:21.120,47.3042,8.74044,565.6,51.8
15:23:21.620,47.304296,8.740343,565.6,51.8
15:23:22.120,47.304373,8.740296,566.0,52.3
15:23:22.620,47.304373,8.74024,566.4,52.0
15:23:23.120,47.30445,8.740186,566.5,52.0
15:23:23.620,47.304523,8.740186,566.6,53.1
15:23:24.120,47.304606,8.740118,567.3,53.6
15:23:24.620,47.304606,8.74003,567.3,53.4
15:23:25.120,47.30466,8.739938,568.4,49.5
15:23:25.620,47.304706,8.739938,569.6,49.0
15:23:26.120,47.30474,8.73981,570.5,47.3
15:23:26.620,47.304776,8.739711,570.7,47.1
15:23:27.120,47.304776,8.739608,571.3,47.3
15:23:27.620,47.304796,8.739503,571.8,46.6
15:23:28.120,47.304806,8.739503,572.1,46.6
15:23:28.620,47.304806,8.739358,572.0,47.9
15:23:29.120,47.304806,8.73925,572.1,48.2
15:23:29.620,47.304776,8.73925,572.1,48.5
15:23:30.120,47.304776,8.739143,572.3,49.8
15:23:30.620,47.30469,8.739043,572.0,51.8
15:23:31.120,47.30469,8.738933,571.7,52.9
15:23:31.620,47.304626,8.738876,571.9,54.3
15:23:32.120,47.304516,8.738855,572.7,53.0
15:23:32.620,47.304516,8.738855,573.3,53.6
15:23:33.120,47.304516,8.738856,573.1,55.1
15:23:33.620,47.304516,8.738856,572.7,57.0
15:23:34.120,47.304516,8.738956,572.5,57.1
15:23:34.620,47.304186,8.738956,571.5,59.5
15:23:35.120,47.3041,8.738956,571.0,59.5
15:23:35.620,47.3041,8.739155,571.1,59.5
15:23:36.120,47.304056,8.739328,571.2,61.1
15:23:36.620,47.304033,8.739328,571.2,61.1
15:23:37.120,47.304023,8.739466,571.5,59.1
15:23:37.620,47.304023,8.739603,571.5,59.0
15:23:38.120,47.304023,8.739603,571.8,59.1
15:23:38.620,47.304023,8.73974,571.8,58.7
15:23:39.120,47.304023,8.739918,571.8,58.7
15:23:39.620,47.304023,8.740048,572.4,58.7
15:23:40.120,47.304023,8.740168,573.5,56.3
15:23:40.620,47.304023,8.740278,575.3,53.1
15:23:41.120,47.30417,8.740278,576.5,53.1
15:23:41.620,47.304223,8.740375,578.5,46.9
15:23:42.120,47.304223,8.740375,579.2,45.5
15:23:42.620,47.304276,8.740536,579.3,45.3
15:23:43.120,47.304356,8.740536,579.3,45.9
15:23:43.620,47.30443,8.740573,579.2,46.1
15:23:44.120,47.30443,8.740578,579.2,46.6
15:23:44.620,47.304503,8.740528,579.9,47.3
15:23:45.120,47.304566,8.740455,580.1,48.3
15:23:45.620,47.304566,8.740455,580.1,49.6
15:23:46.120,47.30467,8.740365,580.0,51.7
15:23:46.620,47.30467,8.740365,580.0,52.2
15:23:47.120,47.304686,8.740096,581.4,52.4
15:23:47.620,47.30468,8.740096,581.8,50.3
15:23:48.120,47.30468,8.740096,582.4,50.1
15:23:48.620,47.30468,8.739883,582.9,50.9
15:23:49.120,47.30459,8.739883,583.5,50.7
15:23:49.620,47.304523,8.739735,584.1,49.7
15:23:50.120,47.30445,8.739735,585.5,46.7
15:23:50.620,47.304353,8.739713,585.5,46.6
15:23:51.120,47.304353,8.739713,586.9,48.6
15:23:51.620,47.304276,8.739736,586.6,52.1
15:23:52.120,47.3042,8.739736,585.9,54.5
15:23:52.620,47.30413,8.739785,585.1,54.0
15:23:53.120,47.30413,8.739913,585.1,52.8
15:23:53.620,47.304093,8.740036,585.6,52.7
15:23:54.120,47.30408,8.740036,585.8,54.2
15:23:54.620,47.304096,8.740163,585.8,54.8
15:23:55.120,47.304096,8.740163,586.7,52.4
15:23:55.620,47.304143,8.740403,587.7,50.9
15:23:56.120,47.3042,8.740458,588.0,50.2
15:23:56.620,47.304293,8.740458,589.6,48.2
15:23:57.120,47.304366,8.740478,589.6,45.5
15:23:57.620,47.304366,8.740471,589.6,45.0
15:23:58.120,47.30444,8.74041,589.9,45.9
15:23:58.620,47.30444,8.74041,589.8,48.4
15:23:59.120,47.30444,8.740325,589.8,49.0
15:23:59.620,47.30444,8.740325,589.8,49.6
15:24:00.120,47.30444,8.740073,591.3,49.5
15:24:00.620,47.304556,8.740073,591.7,46.5
15:24:01.120,47.304533,8.739968,593.0,45.9
15:24:01.620,47.304533,8.739875,593.8,45.0
15:24:02.120,47.304496,8.739791,594.4,45.0
15:24:02.620,47.304436,8.739721,593.7,45.0
15:24:03.120,47.304373,8.739721,593.2,49.6
15:24:03.620,47.3043,8.739648,593.3,50.6
15:24:04.120,47.3043,8.739648,593.3,49.4
15:24:04.620,47.304223,8.73962,594.4,49.8
15:24:05.120,47.304116,8.73962,594.4,51.2
15:24:05.620,47.304043,8.73964,593.7,54.3
15:24:06.120,47.303976,8.73964,593.2,54.3
15:24:06.620,47.303976,8.739836,593.2,58.3
15:24:07.120,47.30394,8.739836,593.5,58.3
15:24:07.620,47.303956,8.739966,594.1,55.5
15:24:08.120,47.303956,8.74009,594.3,55.5
15:24:08.620,47.303956,8.74009,595.0,55.5
15:24:09.120,47.30405,8.740306,594.9,54.2
15:24:09.620,47.304116,8.740306,594.7,54.5
15:24:10.120,47.304233,8.74036,594.7,55.1
15:24:10.620,47.304233,8.740388,594.7,55.3
15:24:11.120,47.304313,8.740383,596.5,54.5
15:24:11.620,47.304313,8.740383,597.0,54.3
15:24:12.120,47.304313,8.740333,598.8,51.5
15:24:12.620,47.304313,8.740333,600.2,49.7
15:24:13.120,47.304313,8.74016,601.5,45.8
15:24:13.620,47.304546,8.74016,601.7,45.4
15:24:14.120,47.30454,8.740055,602.3,46.1
15:24:14.620,47.30451,8.740055,603.0,46.2
15:24:15.120,47.30451,8.739841,603.5,46.2
15:24:15.620,47.304436,8.73979,604.2,44.2
15:24:16.120,47.30437,8.73979,604.0,46.3
15:24:16.620,47.304296,8.739755,604.0,48.5
15:24:17.120,47.304296,8.739756,604.0,47.6
15:24:17.620,47.304223,8.739791,604.9,47.8
15:24:18.120,47.304153,8.739851,605.5,47.5
15:24:18.620,47.30408,8.739851,606.0,47.6
15:24:19.120,47.304043,8.739936,605.9,47.6
15:24:19.620,47.304043,8.740036,605.6,49.9
15:24:20.120,47.30402,8.74019,605.7,49.9
15:24:20.620,47.30402,8.74019,606.6,49.0
15:24:21.120,47.304053,8.74019,607.4,46.5
15:24:21.620,47.304053,8.740396,608.9,45.9
15:24:22.120,47.304093,8.740485,609.1,45.4
15:24:22.620,47.304136,8.740485,609.0,46.7
15:24:23.120,47.304203,8.740576,609.0,46.8
15:24:23.620,47.304203,8.740618,608.7,49.3
15:24:24.120,47.304296,8.740623,608.7,46.9
15:24:24.620,47.304296,8.740623,611.3,44.3
15:24:25.120,47.304296,8.740586,612.6,44.3
15:24:25.620,47.304296,8.740586,614.5,40.0
15:24:26.120,47.304296,8.740455,614.8,37.8
15:24:26.620,47.304503,8.740455,615.0,38.4
15:24:27.120,47.304503,8.740366,614.9,39.7
15:24:27.620,47.30448,8.740366,614.3,39.7
15:24:28.120,47.30448,8.740366,614.3,43.4
15:24:28.620,47.304436,8.740093,615.0,45.8
15:24:29.120,47.30437,8.740061,615.3,45.6
15:24:29.620,47.30428,8.740061,615.7,46.3
15:24:30.120,47.30428,8.740058,615.7,47.2
15:24:30.620,47.304203,8.740058,615.7,47.9
15:24:31.120,47.304133,8.740156,615.7,49.6
15:24:31.620,47.304076,8.740156,615.9,50.2
15:24:32.120,47.304023,8.740251,615.4,52.5
15:24:32.620,47.304023,8.740363,615.1,53.6
15:24:33.120,47.304013,8.740525,615.9,50.8
15:24:33.620,47.304023,8.740525,616.3,50.3
15:24:34.120,47.30405,8.740525,617.0,50.5
15:24:34.620,47.30405,8.740743,617.6,50.6
15:24:35.120,47.30411,8.740831,618.1,49.0
15:24:35.620,47.304163,8.740831,619.0,48.5
15:24:36.120,47.304226,8.740925,619.0,48.4
15:24:36.620,47.30429,8.740975,621.3,47.5
15:24:37.120,47.30429,8.741003,621.6,45.7
15:24:37.620,47.30429,8.741003,622.7,43.6
15:24:38.120,47.30429,8.741003,623.4,42.9
15:24:38.620,47.30429,8.741003,623.8,41.9
15:24:39.120,47.30429,8.740905,624.2,41.4
15:24:39.620,47.304556,8.740825,624.6,40.9
15:24:40.120,47.304593,8.740825,624.8,40.9
15:24:40.620,47.304593,8.740733,624.7,41.4
15:24:41.120,47.304593,8.740638,624.7,41.4
15:24:41.620,47.304566,8.740531,623.9,42.6
15:24:42.120,47.304516,8.740471,623.5,45.2
15:24:42.620,47.304426,8.740471,621.6,49.6
15:24:43.120,47.304346,8.740435,621.6,53.3
15:24:43.620,47.304346,8.74042,619.6,54.7
15:24:44.120,47.30426,8.740436,619.2,57.2
15:24:44.620,47.304166,8.740436,619.1,58.3
15:24:45.120,47.304166,8.740436,619.3,58.3
15:24:45.620,47.304166,8.740536,619.0,61.2
15:24:46.120,47.30397,8.740623,618.2,62.9
15:24:46.620,47.303906,8.740781,618.3,63.0
15:24:47.120,47.303906,8.740781,619.5,56.1
15:24:47.620,47.303853,8.740906,622.2,56.0
15:24:48.120,47.303853,8.741035,622.3,56.8
15:24:48.620,47.303853,8.741161,622.5,56.4
15:24:49.120,47.303893,8.741161,622.7,55.1
15:24:49.620,47.30396,8.741293,623.6,53.1
15:24:50.120,47.30396,8.741346,624.2,51.8
15:24:50.620,47.30396,8.741346,625.4,50.6
15:24:51.120,47.30396,8.741346,626.7,48.0
15:24:51.620,47.30396,8.741346,628.0,44.2
15:24:52.120,47.30396,8.74128,628.2,44.2
15:24:52.620,47.304263,8.741205,629.0,45.3
15:24:53.120,47.3043,8.741113,630.3,45.3
15:24:53.620,47.3043,8.741113,631.2,42.5
15:24:54.120,47.3043,8.741113,631.5,39.8
15:24:54.620,47.304293,8.741113,633.2,39.0
15:24:55.120,47.304253,8.740873,633.5,39.2
15:24:55.620,47.304196,8.740873,633.9,40.2
15:24:56.120,47.30411,8.740865,633.4,44.7
15:24:56.620,47.30411,8.740886,633.0,47.3
15:24:57.120,47.304043,8.740948,630.7,48.1
15:24:57.620,47.303996,8.740948,630.4,52.6
15:24:58.120,47.30397,8.740948,630.5,54.1
15:24:58.620,47.303966,8.741218,630.6,54.6
15:24:59.120,47.303966,8.741343,631.8,52.4
15:24:59.620,47.30398,8.74146,634.0,50.1
15:25:00.120,47.304,8.74146,634.0,49.3
15:25:00.620,47.304026,8.741605,634.7,49.0
15:25:01.120,47.304026,8.741703,634.5,49.3
15:25:01.620,47.30409,8.741703,634.8,49.3
15:25:02.120,47.304146,8.741703,634.8,48.0
15:25:02.620,47.30421,8.74185,634.8,46.8
15:25:03.120,47.30421,8.741905,634.8,46.0
15:25:03.620,47.30428,8.741923,635.3,47.3
15:25:04.120,47.30428,8.741923,634.9,49.1
15:25:04.620,47.30428,8.741923,633.9,49.8
15:25:05.120,47.304536,8.74191,632.9,50.5
15:25:05.620,47.304536,8.741865,632.0,53.2
15:25:06.120,47.304613,8.7418,633.5,53.2
15:25:06.620,47.304676,8.7418,634.0,47.6
15:25:07.120,47.304726,8.741721,634.9,44.2
15:25:07.620,47.304726,8.741633,634.8,43.5
15:25:08.120,47.304756,8.741501,633.9,44.3
15:25:08.620,47.304763,8.741501,633.6,44.0
15:25:09.120,47.304756,8.741395,632.4,49.7
15:25:09.620,47.30472,8.741285,632.3,49.8
15:25:10.120,47.30472,8.741195,632.7,45.8
15:25:10.620,47.30472,8.741195,633.0,46.1
15:25:11.120,47.304616,8.741195,632.7,45.9
15:25:11.620,47.304616,8.741035,632.3,45.9
15:25:12.120,47.304616,8.740988,631.6,47.3
15:25:12.620,47.304463,8.740988,631.0,50.2
15:25:13.120,47.304386,8.740988,631.0,51.4
15:25:13.620,47.304306,8.740921,630.8,52.3
15:25:14.120,47.304306,8.740893,631.2,52.2
15:25:14.620,47.304223,8.740881,631.9,51.6
15:25:15.120,47.30411,8.740873,633.2,51.5
15:25:15.620,47.304033,8.740873,634.2,52.1
15:25:16.120,47.303946,8.740866,634.5,52.9
15:25:16.620,47.303946,8.740866,634.7,54.2
15:25:17.120,47.303946,8.740866,634.2,54.8
15:25:17.620,47.303946,8.740866,634.0,54.4
15:25:18.120,47.303683,8.740925,632.7,55.4
15:25:18.620,47.303683,8.740988,632.0,56.8
15:25:19.120,47.30362,8.741126,629.3,59.6
15:25:19.620,47.30358,8.741126,628.8,59.6
15:25:20.120,47.303576,8.741261,627.1,59.6
15:25:20.620,47.30362,8.7414,626.8,61.2
15:25:21.120,47.30362,8.741525,626.2,62.1
15:25:21.620,47.303686,8.741525,625.9,58.8
15:25:22.120,47.30376,8.741651,625.9,60.4
15:25:22.620,47.30385,8.741721,627.0,60.6
15:25:23.120,47.30385,8.741753,627.6,61.3
15:25:23.620,47.303966,8.741753,629.3,57.9
15:25:24.120,47.303966,8.741753,632.0,57.9
15:25:24.620,47.303966,8.741725,633.9,48.5
15:25:25.120,47.304113,8.741725,635.7,43.9
15:25:25.620,47.30417,8.741593,636.9,42.4
15:25:26.120,47.304233,8.741593,636.9,41.8
15:25:26.620,47.30426,8.741513,638.6,40.1
15:25:27.120,47.304276,8.741426,638.9,39.8
15:25:27.620,47.304276,8.7413,639.2,41.3
15:25:28.120,47.304276,8.741206,639.5,40.8
15:25:28.620,47.304246,8.741206,640.2,38.5
15:25:29.120,47.304216,8.741126,640.2,38.5
15:25:29.620,47.304216,8.741126,642.2,39.1
15:25:30.120,47.304216,8.741126,641.9,43.4
15:25:30.620,47.30411,8.741126,641.8,45.2
15:25:31.120,47.30402,8.740943,642.3,44.2
15:25:31.620,47.30402,8.740955,642.6,43.8
15:25:32.120,47.30402,8.740996,643.4,43.3
15:25:32.620,47.303896,8.740996,643.8,43.0
15:25:33.120,47.303866,8.741095,644.7,40.9
15:25:33.620,47.303856,8.741185,645.5,40.3
15:25:34.120,47.303856,8.741278,645.5,40.8
15:25:34.620,47.30386,8.741278,645.2,41.8
15:25:35.120,47.30386,8.741375,645.2,43.7
15:25:35.620,47.30386,8.741508,644.5,46.0
15:25:36.120,47.30386,8.741616,644.6,47.4
15:25:36.620,47.303903,8.741726,645.1,48.0
15:25:37.120,47.303923,8.741726,645.2,49.0
15:25:37.620,47.303923,8.741835,645.0,50.3
15:25:38.120,47.303923,8.741978,644.6,51.5
15:25:38.620,47.303986,8.741978,644.9,52.1
15:25:39.120,47.304036,8.742155,644.9,47.6
15:25:39.620,47.30411,8.742155,647.9,43.9
15:25:40.120,47.304166,8.742215,648.9,42.3
15:25:40.620,47.304166,8.74227,648.9,40.2
15:25:41.120,47.304233,8.742286,649.9,37.9
15:25:41.620,47.30429,8.742286,649.9,37.5
15:25:42.120,47.304366,8.742288,649.7,36.8
15:25:42.620,47.304366,8.74228,649.5,36.8
15:25:43.120,47.304366,8.74228,648.3,38.5
15:25:43.620,47.304366,8.74228,648.1,38.8
15:25:44.120,47.304536,8.742221,647.4,40.2
15:25:44.620,47.304536,8.742221,647.2,40.0
15:25:45.120,47.30461,8.742221,647.0,40.2
15:25:45.620,47.304663,8.742221,646.9,40.2
15:25:46.120,47.304713,8.742221,646.3,40.2
15:25:46.620,47.304756,8.741988,645.6,41.0
15:25:47.120,47.304756,8.74192,645.3,40.3
15:25:47.620,47.304813,8.74185,645.0,40.3
15:25:48.120,47.30485,8.74185,644.9,39.5
15:25:48.620,47.304896,8.741781,644.5,39.0
15:25:49.120,47.30493,8.74171,643.9,39.0
15:25:49.620,47.30493,8.74171,642.8,40.1
15:25:50.120,47.304966,8.741526,642.7,42.5
15:25:50.620,47.304966,8.741526,642.8,41.3
15:25:51.120,47.305013,8.74144,643.3,38.1
15:25:51.620,47.305013,8.741353,642.5,39.1
15:25:52.120,47.305003,8.741353,642.0,40.5
15:25:52.620,47.30498,8.74123,640.9,42.5
15:25:53.120,47.30493,8.74123,639.5,46.6
15:25:53.620,47.30493,8.741056,639.5,47.8
15:25:54.120,47.304873,8.741056,639.5,48.2
15:25:54.620,47.304806,8.741056,638.7,48.5
15:25:55.120,47.304733,8.740925,638.2,50.4
15:25:55.620,47.304733,8.740893,636.9,50.7
15:25:56.120,47.304733,8.74087,636.0,52.0
15:25:56.620,47.304733,8.740846,636.9,50.0
15:25:57.120,47.304473,8.740846,637.4,48.6
15:25:57.620,47.304393,8.740833,638.6,47.6
15:25:58.120,47.304393,8.74082,639.2,47.3
15:25:58.620,47.30432,8.740805,640.0,47.3
15:25:59.120,47.304223,8.740805,640.2,48.3
15:25:59.620,47.304146,8.740791,640.3,49.9
15:26:00.120,47.304146,8.740771,640.0,51.0
15:26:00.620,47.30407,8.740761,639.1,53.5
15:26:01.120,47.303986,8.740765,638.2,53.5
15:26:01.620,47.303873,8.740765,637.9,53.7
15:26:02.120,47.3038,8.740801,638.1,52.9
15:26:02.620,47.3038,8.740801,639.9,52.0
15:26:03.120,47.303743,8.74099,640.2,52.8
15:26:03.620,47.303743,8.74099,639.7,52.8
15:26:04.120,47.303666,8.741101,638.2,55.7
15:26:04.620,47.303666,8.741228,637.9,57.6
15:26:05.120,47.303686,8.741385,637.8,57.2
15:26:05.620,47.303743,8.741385,637.8,56.7
15:26:06.120,47.303743,8.741475,637.4,57.0
15:26:06.620,47.30381,8.741475,637.7,57.0
15:26:07.120,47.30381,8.741503,637.7,57.0
15:26:07.620,47.304003,8.741503,637.7,54.6
15:26:08.120,47.304063,8.741445,643.5,53.9
15:26:08.620,47.304063,8.74132,644.8,50.1
15:26:09.120,47.304063,8.741211,646.2,47.9
15:26:09.620,47.304063,8.7411,647.5,47.9
15:26:10.120,47.30408,8.7411,648.3,48.3
15:26:10.620,47.30408,8.740996,648.8,49.1
15:26:11.120,47.30408,8.7409,648.9,46.4
15:26:11.620,47.303976,8.740863,649.6,44.2
15:26:12.120,47.303976,8.740863,649.5,42.9
15:26:12.620,47.30382,8.740846,648.8,44.8
15:26:13.120,47.303756,8.74086,648.2,48.7
15:26:13.620,47.303756,8.740953,647.9,50.6
15:26:14.120,47.303706,8.741066,648.4,51.6
15:26:14.620,47.303686,8.741066,648.9,50.3
15:26:15.120,47.30371,8.741181,649.6,49.4
15:26:15.620,47.30371,8.741285,649.5,48.8
15:26:16.120,47.30376,8.74138,648.7,50.1
15:26:16.620,47.30376,8.74138,648.7,50.1
15:26:17.120,47.30376,8.74138,647.3,52.6
15:26:17.620,47.30376,8.74138,647.3,56.3
15:26:18.120,47.304003,8.741256,647.6,58.2
15:26:18.620,47.304033,8.741256,648.3,58.2
15:26:19.120,47.304013,8.741081,650.2,56.8
15:26:19.620,47.304013,8.740968,650.2,54.7
15:26:20.120,47.30397,8.740876,652.1,51.7
15:26:20.620,47.30397,8.740805,652.5,50.1
15:26:21.120,47.303823,8.740805,652.1,49.8
15:26:21.620,47.303823,8.740746,652.2,50.6
15:26:22.120,47.303823,8.74075,652.9,47.3
15:26:22.620,47.303823,8.740795,655.1,46.3
15:26:23.120,47.30359,8.740795,655.8,46.7
15:26:23.620,47.303543,8.74086,656.2,47.1
15:26:24.120,47.303533,8.74086,656.4,45.7
15:26:24.620,47.303533,8.741086,656.7,45.7
15:26:25.120,47.303546,8.741175,656.2,45.7
15:26:25.620,47.30361,8.741175,655.8,44.4
15:26:26.120,47.30368,8.741235,655.8,44.7
15:26:26.620,47.30368,8.741255,655.8,45.4
15:26:27.120,47.303746,8.741235,655.8,45.0
15:26:27.620,47.303816,8.741235,655.7,44.8
15:26:28.120,47.303876,8.74119,654.8,45.6
15:26:28.620,47.303876,8.74119,654.5,45.6
15:26:29.120,47.303943,8.74103,654.5,49.0
15:26:29.620,47.303963,8.74103,654.6,49.0
15:26:30.120,47.303963,8.740883,654.4,50.3
15:26:30.620,47.303933,8.740768,654.3,50.3
15:26:31.120,47.303933,8.740675,655.3,47.6
15:26:31.620,47.30387,8.740675,655.5,47.2
15:26:32.120,47.30387,8.740601,655.5,48.3
15:26:32.620,47.30373,8.740546,655.8,49.5
15:26:33.120,47.30373,8.740541,655.8,50.1
15:26:33.620,47.303653,8.740568,655.8,52.4
15:26:34.120,47.303553,8.740568,654.6,54.2
15:26:34.620,47.303553,8.740621,653.1,57.9
15:26:35.120,47.303553,8.740718,653.1,59.2
15:26:35.620,47.303553,8.740883,654.5,53.0
15:26:36.120,47.30345,8.741003,655.2,53.6
15:26:36.620,47.30345,8.741003,655.5,53.6
15:26:37.120,47.30345,8.741105,655.6,52.2
15:26:37.620,47.303556,8.741105,656.1,52.2
15:26:38.120,47.303643,8.741123,656.2,54.9
15:26:38.620,47.303723,8.741123,656.5,55.5
15:26:39.120,47.303796,8.741048,658.6,51.9
15:26:39.620,47.303796,8.74095,658.6,49.1
15:26:40.120,47.303816,8.740855,663.2,40.5
15:26:40.620,47.30382,8.740731,663.8,39.9
15:26:41.120,47.303813,8.740731,664.6,40.0
15:26:41.620,47.303813,8.740731,664.4,40.0
15:26:42.120,47.303783,8.740558,664.3,42.6
15:26:42.620,47.303736,8.7405,664.8,43.2
15:26:43.120,47.30367,8.7405,664.8,43.7
15:26:43.620,47.3036,8.740485,664.8,47.4
15:26:44.120,47.3036,8.74053,664.8,48.2
15:26:44.620,47.30354,8.74062,664.9,49.1
15:26:45.120,47.3035,8.74062,665.3,49.1
15:26:45.620,47.3035,8.740728,666.6,45.0
15:26:46.120,47.3035,8.740865,666.6,45.0
15:26:46.620,47.303526,8.740953,667.8,45.1
15:26:47.120,47.30357,8.740953,668.4,43.7
15:26:47.620,47.30357,8.741006,668.8,43.7
15:26:48.120,47.30357,8.741023,668.8,42.5
15:26:48.620,47.30357,8.740993,666.8,42.9
15:26:49.120,47.303793,8.740918,665.6,51.7
15:26:49.620,47.303846,8.740918,665.8,51.7
15:26:50.120,47.303846,8.740808,666.1,52.7
15:26:50.620,47.303846,8.740693,667.2,52.7
15:26:51.120,47.303836,8.740693,667.9,48.8
15:26:51.620,47.303796,8.740558,669.0,46.4
15:26:52.120,47.30374,8.740486,670.4,45.3
15:26:52.620,47.303643,8.74044,670.4,46.0
15:26:53.120,47.303643,8.74042,671.1,49.2
15:26:53.620,47.303563,8.740435,672.1,49.0
15:26:54.120,47.303496,8.740435,672.3,48.5
15:26:54.620,47.303433,8.740501,672.6,48.5
15:26:55.120,47.303433,8.740583,672.7,50.5
15:26:55.620,47.303433,8.740685,673.6,47.6
15:26:56.120,47.303366,8.740685,674.6,43.4
15:26:56.620,47.303373,8.740685,675.6,41.4
15:26:57.120,47.303373,8.740908,675.7,41.4
15:26:57.620,47.303396,8.740978,675.7,39.9
15:26:58.120,47.303396,8.740978,675.4,40.9
15:26:58.620,47.303526,8.740978,675.2,42.4
15:26:59.120,47.303596,8.741016,675.0,43.8
15:26:59.620,47.303596,8.740941,674.8,46.7
15:27:00.120,47.303646,8.740841,674.3,47.8
15:27:00.620,47.303646,8.740841,674.6,47.7
15:27:01.120,47.303646,8.740735,676.1,44.6
15:27:01.620,47.303646,8.740641,677.0,45.1
15:27:02.120,47.303596,8.74055,677.9,45.4
15:27:02.620,47.303536,8.74055,678.2,45.4
15:27:03.120,47.303466,8.740516,678.4,46.3
15:27:03.620,47.303466,8.740501,677.6,46.3
15:27:04.120,47.30336,8.74052,676.7,53.2
15:27:04.620,47.303286,8.740613,676.2,52.0
15:27:05.120,47.303233,8.740613,676.7,48.4
15:27:05.620,47.30321,8.740711,677.6,46.0
15:27:06.120,47.30321,8.740815,677.8,44.8
15:27:06.620,47.30321,8.740915,677.4,44.0
15:27:07.120,47.30324,8.740915,677.2,43.7
15:27:07.620,47.303283,8.740915,676.9,42.5
15:27:08.120,47.303283,8.741078,676.7,42.6
15:27:08.620,47.303283,8.741108,676.5,43.1
15:27:09.120,47.30343,8.741108,676.8,42.8
15:27:09.620,47.30349,8.741111,677.4,41.3
15:27:10.120,47.30349,8.74108,677.6,41.0
15:27:10.620,47.303553,8.741038,678.5,40.1
15:27:11.120,47.303606,8.740985,679.4,39.5
15:27:11.620,47.303673,8.740985,679.8,39.5
15:27:12.120,47.30372,8.740928,679.7,40.8
15:27:12.620,47.30372,8.740866,679.0,43.2
15:27:13.120,47.303766,8.740761,678.9,45.2
15:27:13.620,47.303766,8.740761,679.2,45.3
15:27:14.120,47.303766,8.74067,680.7,44.3
15:27:14.620,47.303766,8.740573,681.0,44.6
15:27:15.120,47.30386,8.740473,681.9,42.8
15:27:15.620,47.30387,8.740343,682.1,42.5
15:27:16.120,47.303883,8.740343,681.9,43.1
15:27:16.620,47.303883,8.740241,683.7,43.1
15:27:17.120,47.303883,8.740145,684.3,39.7
15:27:17.620,47.303883,8.740056,685.7,38.3
15:27:18.120,47.30387,8.740056,685.9,38.9
15:27:18.620,47.303846,8.739941,685.5,41.5
15:27:19.120,47.303846,8.739851,685.0,44.9
15:27:19.620,47.303813,8.73976,684.6,48.7
15:27:20.120,47.303746,8.73976,684.6,49.0
15:27:20.620,47.303693,8.73976,686.6,46.9
15:27:21.120,47.303693,8.7396,687.4,46.2
15:27:21.620,47.303643,8.73951,687.9,45.9
15:27:22.120,47.303583,8.739448,688.0,46.2
15:27:22.620,47.3035,8.739448,687.9,47.9
15:27:23.120,47.303433,8.73939,687.4,50.6
15:27:23.620,47.303433,8.739333,687.7,51.1
15:27:24.120,47.30336,8.739276,688.2,47.2
15:27:24.620,47.303286,8.739276,690.5,45.1
15:27:25.120,47.303193,8.739256,690.5,43.7
15:27:25.620,47.303193,8.739248,692.8,43.5
15:27:26.120,47.303133,8.739248,692.2,42.2
15:27:26.620,47.303133,8.739261,691.8,42.5
15:27:27.120,47.303133,8.739261,690.5,44.1
15:27:27.620,47.30292,8.739291,689.6,43.5
15:27:28.120,47.30292,8.739338,688.9,41.0
15:27:28.620,47.30287,8.739393,687.7,40.6
15:27:29.120,47.30282,8.739393,686.3,41.6
15:27:29.620,47.30277,8.739478,683.9,42.3
15:27:30.120,47.30277,8.73956,682.1,45.2
15:27:30.620,47.30274,8.73966,680.5,46.9
15:27:31.120,47.302703,8.73966,679.9,46.3
15:27:31.620,47.302693,8.739763,678.8,46.2
15:27:32.120,47.30268,8.739905,678.0,46.1
15:27:32.620,47.30268,8.74001,677.0,46.1
15:27:33.120,47.30268,8.74001,676.1,46.3
15:27:33.620,47.30269,8.74001,675.2,47.2
15:27:34.120,47.30269,8.740225,674.8,46.8
15:27:34.620,47.30269,8.740365,674.7,44.8
15:27:35.120,47.302703,8.740365,673.8,44.7
15:27:35.620,47.30271,8.740365,673.0,45.5
15:27:36.120,47.30273,8.74057,672.2,45.3
15:27:36.620,47.30273,8.74067,672.0,45.3
15:27:37.120,47.302753,8.740795,672.0,45.1
15:27:37.620,47.30279,8.740795,670.6,45.1
15:27:38.120,47.30284,8.740876,670.6,44.4
15:27:38.620,47.302913,8.740943,670.2,44.4
15:27:39.120,47.302913,8.740996,669.0,44.2
15:27:39.620,47.30298,8.741038,667.8,44.5
15:27:40.120,47.30298,8.741038,667.5,44.9
15:27:40.620,47.303116,8.741063,666.6,47.2
15:27:41.120,47.303116,8.741063,666.1,48.4
15:27:41.620,47.30322,8.74104,665.9,49.2
15:27:42.120,47.303296,8.74104,666.1,49.6
15:27:42.620,47.30337,8.741008,666.7,49.3
15:27:43.120,47.30337,8.740963,667.0,48.0
15:27:43.620,47.303436,8.740928,667.6,47.7
15:27:44.120,47.303533,8.740928,667.9,47.7
15:27:44.620,47.303606,8.740893,668.1,47.9
15:27:45.120,47.30368,8.740856,668.4,48.0
15:27:45.620,47.30368,8.740808,669.1,48.3
15:27:46.120,47.303746,8.740808,671.1,46.1
15:27:46.620,47.30381,8.740808,672.7,40.0
15:27:47.120,47.303883,8.740743,674.7,35.0
15:27:47.620,47.303883,8.740713,675.1,33.2
15:27:48.120,47.30393,8.740713,675.7,31.1
15:27:48.620,47.30398,8.740713,675.6,31.1
15:27:49.120,47.304033,8.740645,674.3,35.8
15:27:49.620,47.304033,8.740611,673.9,37.5
15:27:50.120,47.30411,8.740573,673.5,41.5
15:27:50.620,47.304166,8.740528,673.7,41.4
15:27:51.120,47.304223,8.740528,673.7,41.5
15:27:51.620,47.304276,8.740461,674.5,41.0
15:27:52.120,47.304276,8.74041,675.3,39.0
15:27:52.620,47.30434,8.740361,675.5,37.2
15:27:53.120,47.30434,8.740361,675.3,37.0
15:27:53.620,47.30434,8.740298,674.5,38.5
15:27:54.120,47.30434,8.740246,673.6,40.3
15:27:54.620,47.304493,8.740185,672.4,44.5
15:27:55.120,47.304546,8.740185,672.5,44.5
15:27:55.620,47.304603,8.740185,673.1,44.4
15:27:56.120,47.30464,8.740185,673.5,42.7
15:27:56.620,47.30464,8.73991,673.6,41.4
15:27:57.120,47.304663,8.739821,673.8,41.3
15:27:57.620,47.304683,8.739821,673.8,40.0
15:27:58.120,47.3047,8.73973,673.5,40.4
15:27:58.620,47.3047,8.739638,673.2,41.4
15:27:59.120,47.304703,8.739638,673.0,41.6
15:27:59.620,47.304703,8.739638,673.0,40.9
15:28:00.120,47.304696,8.739415,672.7,41.6
15:28:00.620,47.304696,8.73932,672.1,41.8
15:28:01.120,47.304676,8.73932,671.3,42.8
15:28:01.620,47.30466,8.73932,671.0,43.4
15:28:02.120,47.304643,8.739093,669.9,45.8
15:28:02.620,47.304616,8.73899,669.3,47.4
15:28:03.120,47.304616,8.738883,668.9,48.4
15:28:03.620,47.304586,8.738776,668.6,49.1
15:28:04.120,47.304556,8.738776,668.6,49.3
15:28:04.620,47.304533,8.738668,668.6,49.2
15:28:05.120,47.304533,8.738526,668.5,49.3
15:28:05.620,47.304503,8.738418,668.0,50.3
15:28:06.120,47.304503,8.738418,667.8,49.1
15:28:06.620,47.304423,8.738315,668.7,45.5
15:28:07.120,47.304383,8.738223,669.2,45.1
15:28:07.620,47.304383,8.738116,669.6,43.9
15:28:08.120,47.304336,8.738043,669.3,44.3
15:28:08.620,47.304276,8.738043,668.8,44.9
15:28:09.120,47.304223,8.737968,668.3,46.2
15:28:09.620,47.304223,8.737891,669.0,45.6
15:28:10.120,47.30417,8.737801,670.9,41.1
15:28:10.620,47.304123,8.737801,670.9,40.4
15:28:11.120,47.304056,8.73774,671.8,40.9
15:28:11.620,47.304056,8.737678,671.6,41.7
15:28:12.120,47.304006,8.737613,670.3,45.6
15:28:12.620,47.303956,8.737513,670.0,47.0
15:28:13.120,47.303956,8.737513,669.9,49.1
15:28:13.620,47.303846,8.737435,671.4,48.7
15:28:14.120,47.303846,8.737435,671.7,47.2
15:28:14.620,47.303776,8.73728,671.9,47.4
15:28:15.120,47.303723,8.73728,671.8,48.3
15:28:15.620,47.303673,8.737168,671.8,49.2
15:28:16.120,47.303673,8.737083,672.9,47.3
15:28:16.620,47.303626,8.737005,673.8,44.0
15:28:17.120,47.303563,8.737005,674.1,43.0
15:28:17.620,47.303516,8.736931,673.9,43.3
15:28:18.120,47.30346,8.73685,672.5,43.8
15:28:18.620,47.30346,8.736801,672.2,43.9
15:28:19.120,47.30346,8.736801,672.2,44.1
15:28:19.620,47.303306,8.736801,670.1,44.5
15:28:20.120,47.303233,8.736801,667.6,45.7
15:28:20.620,47.303233,8.736775,666.5,47.0
15:28:21.120,47.30316,8.73681,665.6,47.0
15:28:21.620,47.303093,8.73681,665.3,47.0
15:28:22.120,47.30301,8.736866,664.4,48.0
15:28:22.620,47.30301,8.736933,664.1,48.0
15:28:23.120,47.30295,8.737043,662.2,50.3
15:28:23.620,47.302896,8.737043,661.7,50.0
15:28:24.120,47.302896,8.737136,659.9,49.8
15:28:24.620,47.302896,8.737231,659.6,49.3
15:28:25.120,47.302796,8.737326,658.3,49.6
15:28:25.620,47.302753,8.737421,657.0,49.0
15:28:26.120,47.30271,8.737421,656.7,48.5
15:28:26.620,47.302666,8.737543,655.9,48.2
15:28:27.120,47.302666,8.737543,655.2,47.6
15:28:27.620,47.302666,8.737713,654.7,47.6
15:28:28.120,47.302556,8.737713,653.8,48.0
15:28:28.620,47.30251,8.7378,653.0,48.4
15:28:29.120,47.30251,8.737925,652.3,48.8
15:28:29.620,47.302473,8.738031,652.0,49.9
15:28:30.120,47.302446,8.738145,649.6,50.4
15:28:30.620,47.302433,8.738145,649.6,51.1
15:28:31.120,47.30244,8.738263,647.6,51.9
15:28:31.620,47.30244,8.738418,647.2,51.1
15:28:32.120,47.30247,8.73851,647.7,48.1
15:28:32.620,47.30247,8.73851,648.2,46.0
15:28:33.120,47.3026,8.73851,647.9,44.3
15:28:33.620,47.3026,8.73851,647.6,43.9
15:28:34.120,47.30267,8.73851,646.7,44.0
15:28:34.620,47.30274,8.73851,646.2,44.0
15:28:35.120,47.302803,8.738583,644.9,44.8
15:28:35.620,47.302803,8.738511,644.2,44.8
15:28:36.120,47.302846,8.738511,643.2,45.2
15:28:36.620,47.302846,8.738511,640.4,44.8
15:28:37.120,47.302846,8.738275,637.0,47.5
15:28:37.620,47.30275,8.7382,631.3,51.6
15:28:38.120,47.30275,8.73819,628.3,58.9
15:28:38.620,47.302623,8.738225,626.4,63.7
15:28:39.120,47.302526,8.738225,626.4,64.6
15:28:39.620,47.302436,8.738225,623.1,65.2
15:28:40.120,47.302436,8.738383,622.5,65.0
15:28:40.620,47.302346,8.738473,622.1,63.4
15:28:41.120,47.302346,8.73857,622.4,61.7
15:28:41.620,47.30218,8.73857,623.6,61.2
15:28:42.120,47.30212,8.738666,624.7,54.3
15:28:42.620,47.30212,8.738785,625.3,48.4
15:28:43.120,47.302076,8.738865,628.4,45.2
15:28:43.620,47.302016,8.738865,628.4,41.2
15:28:44.120,47.30198,8.738943,630.0,38.8
15:28:44.620,47.30198,8.739016,630.0,38.2
15:28:45.120,47.30195,8.739113,629.7,38.6
15:28:45.620,47.301913,8.739113,629.4,39.6
15:28:46.120,47.301866,8.739113,627.4,41.3
15:28:46.620,47.301866,8.739113,626.8,42.9
15:28:47.120,47.301826,8.739355,624.3,48.5
15:28:47.620,47.301783,8.739481,622.7,48.5
15:28:48.120,47.301733,8.739481,621.5,50.3
15:28:48.620,47.301673,8.739578,622.8,49.0
15:28:49.120,47.301673,8.739666,623.2,46.5
15:28:49.620,47.301626,8.739751,624.2,44.9
15:28:50.120,47.30159,8.739751,624.2,42.3
15:28:50.620,47.301553,8.73983,624.6,40.4
15:28:51.120,47.301553,8.739936,624.2,39.4
15:28:51.620,47.301526,8.740016,623.4,39.3
15:28:52.120,47.301486,8.740016,623.4,40.0
15:28:52.620,47.301456,8.740016,621.1,41.5
15:28:53.120,47.301423,8.740183,619.5,43.5
15:28:53.620,47.301423,8.740306,616.8,47.1
15:28:54.120,47.301386,8.740403,614.0,49.5
15:28:54.620,47.301326,8.740403,614.0,52.9
15:28:55.120,47.30127,8.740503,610.1,55.1
15:28:55.620,47.30127,8.740601,610.1,55.6
15:28:56.120,47.301213,8.74073,608.4,55.5
15:28:56.620,47.301156,8.74073,608.4,53.4
15:28:57.120,47.301083,8.740826,608.2,51.5
15:28:57.620,47.301083,8.740918,608.2,51.0
15:28:58.120,47.301033,8.741006,607.9,48.7
15:28:58.620,47.300983,8.741121,607.9,48.4
15:28:59.120,47.300936,8.741121,607.4,48.2
15:28:59.620,47.300883,8.741121,605.6,47.9
15:29:00.120,47.300883,8.741291,605.0,48.8
15:29:00.620,47.300816,8.74138,603.1,48.8
15:29:01.120,47.30077,8.74138,601.5,51.0
15:29:01.620,47.30072,8.741506,598.5,55.2
15:29:02.120,47.30072,8.74161,596.3,55.2
15:29:02.620,47.300666,8.741721,592.8,59.6
15:29:03.120,47.300603,8.741721,590.5,61.9
15:29:03.620,47.300603,8.741845,587.4,65.3
15:29:04.120,47.3005,8.742025,585.6,67.4
15:29:04.620,47.3005,8.742168,583.7,70.1
15:29:05.120,47.30045,8.742318,583.7,71.1
15:29:05.620,47.30039,8.742318,582.7,71.3
15:29:06.120,47.300353,8.742471,582.5,71.0
15:29:06.620,47.300353,8.742676,582.9,69.4
15:29:07.120,47.300316,8.742823,584.0,67.3
15:29:07.620,47.300276,8.742823,584.0,65.7
15:29:08.120,47.300223,8.742965,586.2,63.1
15:29:08.620,47.300223,8.743098,586.2,61.5
15:29:09.120,47.300186,8.743225,587.9,60.8
15:29:09.620,47.30014,8.743225,587.9,60.8
15:29:10.120,47.300093,8.743381,588.7,56.7
15:29:10.620,47.30003,8.743491,588.7,56.3
15:29:11.120,47.30003,8.743595,589.3,54.7
15:29:11.620,47.30003,8.743701,589.5,54.4
15:29:12.120,47.29994,8.743701,589.4,54.4
15:29:12.620,47.299893,8.743701,588.9,55.2
15:29:13.120,47.299893,8.743958,588.4,55.4
15:29:13.620,47.299836,8.743958,587.4,57.3
15:29:14.120,47.2998,8.743958,586.5,58.7
15:29:14.620,47.299763,8.7442,585.3,61.0
15:29:15.120,47.299763,8.744371,584.6,61.0
15:29:15.620,47.29972,8.744505,583.4,64.0
15:29:16.120,47.29968,8.74464,582.7,64.1
15:29:16.620,47.299626,8.74464,581.8,65.2
15:29:17.120,47.29958,8.744776,581.6,65.3
15:29:17.620,47.29958,8.744913,581.2,65.3
15:29:18.120,47.299533,8.744913,581.6,64.2
15:29:18.620,47.29949,8.744913,581.9,63.6
15:29:19.120,47.299433,8.745228,582.1,62.4
15:29:19.620,47.299433,8.745358,582.2,61.7
15:29:20.120,47.299396,8.745488,582.5,60.5
15:29:20.620,47.299353,8.745488,582.6,60.5
15:29:21.120,47.299316,8.745656,582.8,58.5
15:29:21.620,47.299316,8.745778,582.8,58.2
15:29:22.120,47.299263,8.745896,582.7,57.9
15:29:22.620,47.29922,8.746051,582.5,57.5
15:29:23.120,47.29917,8.746051,582.0,57.9
15:29:23.620,47.299126,8.746166,581.4,58.2
15:29:24.120,47.299126,8.746288,581.6,57.7
15:29:24.620,47.29908,8.74641,582.6,54.7
15:29:25.120,47.299056,8.74641,583.4,52.9
15:29:25.620,47.29904,8.74641,584.5,49.9
15:29:26.120,47.29904,8.746676,585.3,48.0
15:29:26.620,47.299023,8.746783,586.3,46.8
15:29:27.120,47.299016,8.746783,586.9,46.1
15:29:27.620,47.29902,8.746888,587.8,45.2
15:29:28.120,47.299036,8.746993,588.3,45.2
15:29:28.620,47.299036,8.747123,588.6,45.1
15:29:29.120,47.299063,8.747211,589.4,45.5
15:29:29.620,47.299103,8.747211,589.5,45.2
15:29:30.120,47.299173,8.74729,590.3,46.1
15:29:30.620,47.299173,8.747358,590.8,45.6
15:29:31.120,47.29923,8.747358,590.6,45.8
15:29:31.620,47.299293,8.747358,590.5,45.6
15:29:32.120,47.299356,8.747495,590.9,44.3
15:29:32.620,47.299356,8.747526,591.0,44.2
15:29:33.120,47.29945,8.747546,590.9,45.1
15:29:33.620,47.299523,8.747546,590.2,46.2
15:29:34.120,47.299593,8.747546,589.7,46.2
15:29:34.620,47.299666,8.747526,589.9,46.8
15:29:35.120,47.299666,8.74749,589.8,46.5
15:29:35.620,47.299756,8.74749,589.5,47.0
15:29:36.120,47.29982,8.747441,589.5,48.9
15:29:36.620,47.29982,8.747378,588.4,50.3
15:29:37.120,47.299886,8.747378,587.7,52.4
15:29:37.620,47.299886,8.747181,587.7,54.4
15:29:38.120,47.300013,8.747181,587.7,53.2
15:29:38.620,47.300053,8.747181,588.7,52.2
15:29:39.120,47.300086,8.746973,588.9,51.8
15:29:39.620,47.300086,8.746828,589.0,51.5
15:29:40.120,47.300086,8.746713,588.9,51.5
15:29:40.620,47.30014,8.746713,588.6,52.0
15:29:41.120,47.300143,8.746593,588.6,52.0
15:29:41.620,47.300143,8.746473,588.4,52.5
15:29:42.120,47.300143,8.746473,588.4,52.7
15:29:42.620,47.300143,8.746311,587.9,54.0
15:29:43.120,47.300106,8.746188,587.5,53.6
15:29:43.620,47.30007,8.746071,587.5,52.7
15:29:44.120,47.30007,8.74597,587.8,51.4
15:29:44.620,47.300016,8.745866,587.6,51.6
15:29:45.120,47.299946,8.745866,586.6,51.0
15:29:45.620,47.299866,8.745836,586.4,51.4
15:29:46.120,47.299866,8.74585,586.2,52.3
15:29:46.620,47.299766,8.74585,586.4,52.3
15:29:47.120,47.299716,8.745915,586.6,52.3
15:29:47.620,47.29968,8.746035,586.8,47.5
15:29:48.120,47.29968,8.746138,586.8,47.1
15:29:48.620,47.299663,8.746245,586.3,47.1
15:29:49.120,47.299663,8.746245,586.3,45.7
15:29:49.620,47.299663,8.746353,585.8,45.7
15:29:50.120,47.299706,8.746353,586.5,44.4
15:29:50.620,47.299706,8.74658,586.3,43.6
15:29:51.120,47.29973,8.74658,586.4,43.8
15:29:51.620,47.299773,8.74658,586.6,43.2
15:29:52.120,47.29981,8.74658,586.5,43.1
15:29:52.620,47.29981,8.746868,586.2,43.4
15:29:53.120,47.29985,8.74695,586.3,44.4
15:29:53.620,47.299893,8.74695,586.0,44.4
15:29:54.120,47.299893,8.74703,585.9,44.4
15:29:54.620,47.29996,8.74703,585.2,47.2
15:29:55.120,47.29996,8.747188,585.9,47.5
15:29:55.620,47.30006,8.747188,586.1,47.2
15:29:56.120,47.300113,8.74729,586.0,46.0
15:29:56.620,47.300196,8.747353,586.2,45.5
15:29:57.120,47.300196,8.747353,588.0,41.2
15:29:57.620,47.300256,8.747426,589.1,40.3
15:29:58.120,47.300313,8.747426,589.0,39.5
15:29:58.620,47.300313,8.747445,588.5,40.3
15:29:59.120,47.300313,8.747445,587.8,43.0
15:29:59.620,47.300443,8.74742,587.7,43.0
15:30:00.120,47.300533,8.74742,588.7,44.0
15:30:00.620,47.30059,8.747381,590.1,40.6
15:30:01.120,47.30059,8.747323,590.4,40.6
15:30:01.620,47.300646,8.747273,590.5,40.0
15:30:02.120,47.300696,8.747273,590.5,41.8
15:30:02.620,47.30077,8.747215,589.1,44.0
15:30:03.120,47.300826,8.747153,587.5,45.9
15:30:03.620,47.300826,8.74706,587.5,47.3
15:30:04.120,47.300826,8.74699,587.3,46.9
15:30:04.620,47.30094,8.74699,587.4,45.7
15:30:05.120,47.30094,8.74699,588.5,45.0
15:30:05.620,47.30094,8.746853,588.8,43.3
15:30:06.120,47.301063,8.74676,589.2,40.7
15:30:06.620,47.301106,8.74676,589.2,40.7
15:30:07.120,47.301146,8.74669,588.5,41.1
15:30:07.620,47.301146,8.746615,587.8,41.5
15:30:08.120,47.301193,8.74653,586.9,42.0
15:30:08.620,47.301216,8.74653,586.5,42.0
15:30:09.120,47.301223,8.746405,586.0,42.7
15:30:09.620,47.301223,8.746305,585.5,43.5
15:30:10.120,47.301223,8.746205,584.7,44.4
15:30:10.620,47.3012,8.746105,583.4,46.5
15:30:11.120,47.301166,8.746105,582.8,46.9
15:30:11.620,47.301166,8.74601,583.2,43.1
15:30:12.120,47.301166,8.745893,583.9,42.3
15:30:12.620,47.30109,8.745893,583.9,42.3
15:30:13.120,47.301046,8.745893,583.5,40.7
15:30:13.620,47.301046,8.74574,582.9,41.0
15:30:14.120,47.301046,8.745661,582.5,43.3
15:30:14.620,47.300963,8.745548,580.5,46.2
15:30:15.120,47.300926,8.745455,579.1,47.0
15:30:15.620,47.300873,8.745455,579.1,50.2
15:30:16.120,47.300836,8.745455,577.7,51.5
15:30:16.620,47.300836,8.745246,577.7,52.3
15:30:17.120,47.3008,8.745101,576.6,52.8
15:30:17.620,47.300756,8.745101,576.6,53.0
15:30:18.120,47.30072,8.745101,576.7,53.5
15:30:18.620,47.30072,8.745101,576.6,53.5
15:30:19.120,47.30067,8.74477,576.4,53.4
15:30:19.620,47.30063,8.74463,576.5,53.1
15:30:20.120,47.300586,8.74463,576.5,52.4
15:30:20.620,47.300533,8.744533,576.5,51.7
15:30:21.120,47.300533,8.744453,576.6,50.7
15:30:21.620,47.30045,8.744388,576.5,49.9
15:30:22.120,47.300383,8.744388,575.9,49.7
15:30:22.620,47.300306,8.744343,575.7,48.7
15:30:23.120,47.300306,8.744331,575.4,48.5
15:30:23.620,47.300226,8.744353,575.2,49.4
15:30:24.120,47.30013,8.744353,574.0,50.2
15:30:24.620,47.30013,8.744406,572.3,53.1
15:30:25.120,47.30013,8.744483,570.9,54.9
15:30:25.620,47.3,8.744615,568.7,54.9
15:30:26.120,47.29994,8.744725,568.4,60.4
15:30:26.620,47.299866,8.744725,569.0,58.2
15:30:27.120,47.299813,8.744833,569.5,57.6
15:30:27.620,47.299813,8.74494,571.3,54.0
15:30:28.120,47.299766,8.745081,572.3,53.2
15:30:28.620,47.29973,8.745081,572.3,50.2
15:30:29.120,47.299693,8.745081,572.6,49.0
15:30:29.620,47.299693,8.745293,572.5,48.4
15:30:30.120,47.299693,8.745403,572.0,48.6
15:30:30.620,47.299663,8.745403,571.3,48.7
15:30:31.120,47.299663,8.745403,570.6,49.3
15:30:31.620,47.299663,8.745403,570.5,49.3
15:30:32.120,47.299663,8.745765,570.3,48.1
15:30:32.620,47.29974,8.745856,570.6,48.1
15:30:33.120,47.299783,8.745856,570.6,45.2
15:30:33.620,47.299783,8.745961,570.5,44.7
15:30:34.120,47.299783,8.746031,570.1,45.6
15:30:34.620,47.299893,8.74609,570.0,46.2
15:30:35.120,47.29997,8.74609,570.1,45.5
15:30:35.620,47.300036,8.746136,570.1,43.9
15:30:36.120,47.300106,8.746175,571.2,42.8
15:30:36.620,47.300106,8.746185,571.5,43.3
15:30:37.120,47.300173,8.746185,571.5,43.9
15:30:37.620,47.300173,8.746185,571.3,44.4
15:30:38.120,47.300326,8.746148,571.5,43.8
15:30:38.620,47.300326,8.746085,571.5,43.8
15:30:39.120,47.300383,8.746025,571.3,44.3
15:30:39.620,47.300443,8.746025,570.5,47.4
15:30:40.120,47.30052,8.745961,568.3,49.4
15:30:40.620,47.30052,8.74589,567.7,51.2
15:30:41.120,47.300583,8.74581,567.6,51.1
15:30:41.620,47.300643,8.74581,567.6,49.9
15:30:42.120,47.3007,8.745705,569.9,44.6
15:30:42.620,47.3007,8.745633,569.9,43.6
15:30:43.120,47.3007,8.745565,570.9,42.2
15:30:43.620,47.30081,8.745565,570.7,42.1
15:30:44.120,47.300853,8.745565,569.7,43.8
15:30:44.620,47.300896,8.745565,568.2,46.9
15:30:45.120,47.300896,8.745306,567.1,48.3
15:30:45.620,47.30096,8.745211,566.4,49.1
15:30:46.120,47.301006,8.745211,566.6,49.1
15:30:46.620,47.30105,8.745118,566.5,47.4
15:30:47.120,47.30105,8.745026,566.0,47.4
15:30:47.620,47.301086,8.744906,565.7,47.3
15:30:48.120,47.301126,8.744815,564.3,47.1
15:30:48.620,47.301183,8.744815,563.9,47.4
15:30:49.120,47.30123,8.744725,561.9,46.5
15:30:49.620,47.30123,8.744636,561.1,46.6
15:30:50.120,47.30127,8.744518,560.0,45.9
15:30:50.620,47.30127,8.744518,559.3,45.6
15:30:51.120,47.301353,8.744426,558.2,45.3
15:30:51.620,47.301353,8.744426,557.7,45.4
15:30:52.120,47.301386,8.744241,555.9,45.4
15:30:52.620,47.301423,8.744241,555.4,45.6
15:30:53.120,47.30146,8.744118,554.2,45.8
15:30:53.620,47.301506,8.744026,553.3,45.6
15:30:54.120,47.301506,8.743935,551.7,44.9
15:30:54.620,47.301543,8.743813,551.7,45.1
15:30:55.120,47.301573,8.743813,550.0,46.0
15:30:55.620,47.301616,8.743721,550.0,45.8
15:30:56.120,47.301616,8.743638,548.9,45.4
15:30:56.620,47.301663,8.743638,547.8,45.5
15:30:57.120,47.301726,8.743638,546.8,45.5
15:30:57.620,47.301776,8.743481,545.1,46.1
15:30:58.120,47.301776,8.74338,544.2,47.0
15:30:58.620,47.301826,8.7433,542.6,46.9
15:30:59.120,47.301876,8.7433,541.5,47.2
15:30:59.620,47.301943,8.743216,539.7,48.9
15:31:00.120,47.301993,8.743131,537.7,48.9
15:31:00.620,47.301993,8.743011,537.7,51.3
15:31:01.120,47.302043,8.742916,534.6,53.3
15:31:01.620,47.3021,8.742916,534.6,53.3
15:31:02.120,47.302173,8.74282,533.4,55.0
15:31:02.620,47.302173,8.742718,533.4,54.2
15:31:03.120,47.302226,8.74259,533.3,52.3
15:31:03.620,47.302226,8.742496,533.4,51.8
15:31:04.120,47.30233,8.742496,533.5,50.8
15:31:04.620,47.30233,8.742411,533.4,50.8
15:31:05.120,47.3024,8.742333,532.9,48.7
15:31:05.620,47.302456,8.742256,531.3,48.9
15:31:06.120,47.30252,8.742256,530.8,49.2
15:31:06.620,47.30258,8.74216,529.1,50.1
15:31:07.120,47.30258,8.742081,528.7,50.5
15:31:07.620,47.30265,8.741993,528.7,51.5
15:31:08.120,47.302703,8.741993,526.3,51.6
15:31:08.620,47.302753,8.7419,524.5,52.5
15:31:09.120,47.302753,8.741765,523.3,54.0
15:31:09.620,47.3028,8.741765,521.8,57.4
15:31:10.120,47.30286,8.741765,521.1,56.8
15:31:10.620,47.30286,8.741765,520.2,57.7
15:31:11.120,47.302946,8.741421,520.1,57.7
15:31:11.620,47.302946,8.741261,520.2,57.2
15:31:12.120,47.302986,8.74114,520.2,56.3
15:31:12.620,47.30302,8.74114,520.2,54.9
15:31:13.120,47.30306,8.741021,520.8,54.9
15:31:13.620,47.30306,8.740906,520.8,51.2
15:31:14.120,47.303083,8.74076,521.9,49.5
15:31:14.620,47.303113,8.74076,521.9,48.5
15:31:15.120,47.303136,8.740653,521.9,47.4
15:31:15.620,47.303176,8.740551,521.8,47.5
15:31:16.120,47.303176,8.740551,520.6,47.7
15:31:16.620,47.303176,8.740315,520.3,47.3
15:31:17.120,47.30323,8.740315,519.2,46.9
15:31:17.620,47.30326,8.740315,517.9,46.9
15:31:18.120,47.30326,8.740108,517.7,49.4
15:31:18.620,47.303306,8.740006,517.1,48.9
15:31:19.120,47.30334,8.740006,516.5,48.2
15:31:19.620,47.303376,8.739876,515.3,48.6
15:31:20.120,47.303376,8.739781,514.4,49.7
15:31:20.620,47.303426,8.739691,513.4,51.4
15:31:21.120,47.3035,8.739691,513.4,51.7
15:31:21.620,47.3035,8.739691,513.4,51.6
15:31:22.120,47.3035,8.739691,512.1,52.1
15:31:22.620,47.303633,8.739691,512.1,52.3
15:31:23.120,47.30371,8.739426,511.4,52.6
15:31:23.620,47.303816,8.739426,511.1,52.6
15:31:24.120,47.303896,8.7394,511.5,52.9
15:31:24.620,47.303896,8.73939,511.8,52.2
15:31:25.120,47.303983,8.739396,512.4,51.7
15:31:25.620,47.30406,8.739396,512.4,51.7
15:31:26.120,47.304166,8.739415,512.7,52.5
15:31:26.620,47.304166,8.739445,512.7,52.4
15:31:27.120,47.304243,8.739488,513.0,53.5
15:31:27.620,47.30432,8.739488,513.0,53.4
15:31:28.120,47.30439,8.739568,514.1,52.2
15:31:28.620,47.304456,8.739641,514.4,51.8
15:31:29.120,47.304456,8.739641,513.9,50.8
15:31:29.620,47.304456,8.739641,512.8,51.9
15:31:30.120,47.304583,8.739641,512.5,51.9
15:31:30.620,47.304623,8.739946,512.1,52.9
15:31:31.120,47.304623,8.740055,512.1,52.9
15:31:31.620,47.304653,8.740168,511.8,52.2
15:31:32.120,47.304683,8.740168,511.5,52.2
15:31:32.620,47.304696,8.740288,510.7,52.4
15:31:33.120,47.304696,8.740451,510.2,53.5
15:31:33.620,47.30469,8.740575,510.2,53.5
15:31:34.120,47.30468,8.740691,510.2,52.4
15:31:34.620,47.304646,8.740691,509.9,51.7
15:31:35.120,47.304606,8.740803,509.4,51.7
15:31:35.620,47.304606,8.740941,508.8,52.1
15:31:36.120,47.30456,8.740941,507.7,52.6
15:31:36.620,47.30456,8.740941,507.5,52.2
15:31:37.120,47.30441,8.74111,507.2,51.2
15:31:37.620,47.30441,8.741173,507.1,50.5
15:31:38.120,47.304346,8.741226,506.5,50.1
15:31:38.620,47.304273,8.74128,506.5,50.4
15:31:39.120,47.304196,8.74128,505.9,51.2
15:31:39.620,47.30409,8.741308,505.9,52.1
15:31:40.120,47.30409,8.741325,505.3,52.2
15:31:40.620,47.304003,8.741333,505.3,52.1
15:31:41.120,47.303923,8.741333,505.2,52.3
15:31:41.620,47.30384,8.741335,505.4,52.2
15:31:42.120,-535.115875,8.741335,505.9,52.2
15:31:42.620,-535.115875,8.741315,506.7,51.5
15:31:43.120,47.30365,8.741315,507.2,51.5
15:31:43.620,47.303573,8.741295,507.6,50.5
15:31:44.120,47.303573,8.741258,507.8,50.5
15:31:44.620,47.3035,8.74122,507.9,48.9
15:31:45.120,47.30343,8.741171,507.8,48.8
15:31:45.620,47.303336,8.741171,507.2,49.4
15:31:46.120,47.303276,8.74111,507.0,50.5
15:31:46.620,47.303276,8.741003,505.5,52.4
15:31:47.120,47.303223,8.7409,504.8,52.8
15:31:47.620,47.303186,8.7409,505.3,48.7
15:31:48.120,47.303153,8.740791,506.8,46.4
15:31:48.620,47.303153,8.740791,507.2,44.7
15:31:49.120,47.30315,8.740791,507.4,44.0
15:31:49.620,47.303156,8.740791,507.2,43.9
15:31:50.120,47.303173,8.740446,505.1,46.9
15:31:50.620,47.303226,8.740345,504.0,49.4
15:31:51.120,47.303226,8.740255,501.8,52.8
15:31:51.620,47.303293,8.740183,501.7,52.9
15:31:52.120,47.303366,8.740183,501.5,53.2
15:31:52.620,47.303436,8.740113,501.0,53.0
15:31:53.120,47.303436,8.740081,501.0,52.0
15:31:53.620,47.303546,8.740073,501.0,51.1
15:31:54.120,47.303626,8.740073,500.8,50.2
15:31:54.620,47.303706,8.74008,500.7,50.3
15:31:55.120,47.303706,8.74011,500.9,50.1
15:31:55.620,47.303706,8.74015,501.5,49.2
15:31:56.120,47.303873,8.74015,501.8,49.2
15:31:56.620,47.303933,8.74015,502.0,49.7
15:31:57.120,47.303986,8.740278,502.0,50.2
15:31:57.620,47.303986,8.740408,502.1,51.5
15:31:58.120,47.304026,8.740518,502.1,51.8
15:31:58.620,47.304063,8.740518,501.9,52.2
15:31:59.120,47.304086,8.740635,501.9,53.5
15:31:59.620,47.304086,8.740755,502.1,53.3
15:32:00.120,47.304093,8.74092,502.1,53.3
15:32:00.620,47.304086,8.74092,502.1,53.5
15:32:01.120,47.304063,8.741043,502.0,53.1
15:32:01.620,47.304063,8.741043,502.1,52.6
15:32:02.120,47.30402,8.74126,502.7,51.4
15:32:02.620,47.303966,8.741366,503.1,50.9
15:32:03.120,47.303903,8.741366,502.7,51.6
15:32:03.620,47.303823,8.741425,502.0,51.6
15:32:04.120,47.303823,8.741463,501.8,53.8
15:32:04.620,47.303716,8.741473,501.7,54.0
15:32:05.120,47.30363,8.741473,501.9,53.8
15:32:05.620,47.30363,8.741451,501.9,53.8
15:32:06.120,47.303546,8.741416,501.9,52.7
15:32:06.620,47.30347,8.741416,501.9,52.6
15:32:07.120,47.303373,8.741368,502.1,52.9
15:32:07.620,47.303306,8.741303,501.9,50.7
15:32:08.120,47.303306,8.741203,502.1,50.0
15:32:08.620,47.303306,8.741121,502.2,49.1
15:32:09.120,47.303193,8.741031,502.1,49.1
15:32:09.620,47.30314,8.741031,501.8,48.2
15:32:10.120,47.303113,8.740933,501.2,48.2
15:32:10.620,47.303113,8.740828,501.1,47.8
15:32:11.120,47.303093,8.740683,501.2,47.4
15:32:11.620,47.303093,8.740683,501.2,47.6
15:32:12.120,47.303113,8.740573,501.3,47.1
15:32:12.620,47.303113,8.74047,501.3,46.6
15:32:13.120,47.303146,8.74038,501.1,45.7
15:32:13.620,47.303193,8.74038,500.4,46.0
15:32:14.120,47.303193,8.740283,500.1,46.1
15:32:14.620,47.303343,8.740283,499.8,45.4
15:32:15.120,47.303343,8.740283,499.4,44.0
15:32:15.620,47.303413,8.740283,499.0,44.2
15:32:16.120,47.303483,8.740216,498.3,43.5
15:32:16.620,47.303546,8.74025,497.5,45.0
15:32:17.120,47.303546,8.740303,496.7,45.2
15:32:17.620,47.30361,8.740378,495.2,46.1
15:32:18.120,47.303666,8.740378,494.4,48.4
15:32:18.620,47.3037,8.740475,494.2,49.4
15:32:19.120,47.30372,8.74058,495.0,47.6
15:32:19.620,47.30372,8.740718,495.8,44.4
15:32:20.120,47.303726,8.740818,495.9,43.3
15:32:20.620,47.303726,8.740818,496.0,42.6
15:32:21.120,47.303726,8.740916,495.6,43.9
15:32:21.620,47.303726,8.741016,495.1,44.4
15:32:22.120,47.303703,8.741016,495.5,43.4
15:32:22.620,47.30368,8.741016,495.7,42.2
15:32:23.120,47.303626,8.741231,495.5,41.9
15:32:23.620,47.303626,8.741306,495.2,42.5
15:32:24.120,47.30358,8.741398,493.5,45.3
15:32:24.620,47.303523,8.741456,493.0,46.6
15:32:25.120,47.30346,8.741456,492.3,47.7
15:32:25.620,47.30337,8.741511,491.8,48.0
15:32:26.120,47.30337,8.741565,491.8,48.6
15:32:26.620,47.3033,8.741615,490.6,48.4
15:32:27.120,47.30323,8.741615,489.6,49.7
15:32:27.620,47.303156,8.741615,488.9,48.4
15:32:28.120,47.303156,8.741721,488.8,48.1
15:32:28.620,47.30309,8.74176,489.2,46.3
15:32:29.120,47.303,8.74176,489.3,45.8
15:32:29.620,47.30293,8.741796,489.3,45.8
15:32:30.120,47.30293,8.741841,489.0,46.0
15:32:30.620,47.30293,8.741873,488.6,46.3
15:32:31.120,47.30279,8.741873,488.0,47.0
15:32:31.620,47.302696,8.741906,487.0,48.8
15:32:32.120,47.30262,8.741941,486.7,50.0
15:32:32.620,47.30262,8.741988,485.2,51.9
15:32:33.120,47.30254,8.742025,484.3,52.2
15:32:33.620,47.302463,8.742025,483.9,52.3
15:32:34.120,47.302356,8.742056,484.1,50.9
15:32:34.620,47.302356,8.742056,484.1,50.3
15:32:35.120,47.30228,8.742125,484.8,50.3
15:32:35.620,47.3022,8.742125,484.8,49.0
15:32:36.120,47.3022,8.742155,485.5,49.0
15:32:36.620,47.3022,8.74219,485.6,49.1
15:32:37.120,47.302033,8.742226,485.6,49.5
15:32:37.620,47.30196,8.742266,485.1,49.1
15:32:38.120,47.301883,8.742266,485.1,50.0
15:32:38.620,47.30181,8.742326,485.0,51.6
15:32:39.120,47.30181,8.742381,484.6,51.9
15:32:39.620,47.30172,8.742448,483.9,53.5
15:32:40.120,47.301646,8.742448,483.3,54.0
15:32:40.620,47.30158,8.742448,482.8,54.3
15:32:41.120,47.30158,8.742448,482.5,54.5
15:32:41.620,47.301523,8.742726,481.9,55.6
15:32:42.120,47.30145,8.742726,481.2,56.7
15:32:42.620,47.301406,8.742835,479.9,57.9
15:32:43.120,47.30137,8.742956,478.9,59.2
15:32:43.620,47.30137,8.743131,478.4,59.2
15:32:44.120,47.301346,8.743261,478.4,58.4
15:32:44.620,47.301346,8.743261,479.0,56.1
15:32:45.120,47.301313,8.74339,479.1,53.7
15:32:45.620,47.301313,8.743513,478.9,52.3
15:32:46.120,47.301306,8.74367,479.0,50.0
15:32:46.620,47.301303,8.74367,478.9,48.9
15:32:47.120,47.301303,8.74367,478.6,47.8
15:32:47.620,47.301303,8.743891,478.4,47.7
15:32:48.120,47.301276,8.744,478.1,47.7
15:32:48.620,47.30126,8.744103,477.4,46.8
15:32:49.120,47.301236,8.744103,477.0,46.4
15:32:49.620,47.30121,8.74424,475.5,47.9
15:32:50.120,47.30121,8.744345,475.2,48.8
15:32:50.620,47.301166,8.744446,474.6,49.7
15:32:51.120,47.301126,8.744446,474.6,49.7
15:32:51.620,47.30109,8.74458,472.7,50.3
15:32:52.120,47.30109,8.744675,472.7,50.5
15:32:52.620,47.30104,8.74476,471.9,48.8
15:32:53.120,47.30097,8.74476,471.9,47.8
15:32:53.620,47.300906,8.74476,471.5,47.6
15:32:54.120,47.300906,8.74476,470.8,47.6
15:32:54.620,47.300906,8.74498,469.1,49.0
15:32:55.120,47.30078,8.745028,467.5,49.3
15:32:55.620,47.300706,8.745028,466.8,49.2
15:32:56.120,47.30061,8.74507,466.3,50.1
15:32:56.620,47.30061,8.745101,465.4,49.6
15:32:57.120,47.300533,8.745123,465.4,46.2
15:32:57.620,47.30046,8.745123,465.0,46.3
15:32:58.120,47.300386,8.745128,464.2,46.7
15:32:58.620,47.300293,8.745123,462.6,47.1
15:32:59.120,47.300293,8.745108,460.6,49.8
15:32:59.620,47.300216,8.745108,460.1,50.4
15:33:00.120,47.300216,8.745065,459.1,50.7
15:33:00.620,47.30007,8.745016,458.6,51.0
15:33:01.120,47.30007,8.745016,457.6,51.3
15:33:01.620,47.299983,8.74488,455.9,51.3
15:33:02.120,47.299926,8.74488,455.7,51.7
15:33:02.620,47.299883,8.744753,455.4,51.9
15:33:03.120,47.299883,8.744648,455.3,51.0
15:33:03.620,47.29984,8.744543,454.7,50.0
15:33:04.120,47.299803,8.744543,454.7,50.7
15:33:04.620,47.299783,8.744435,452.7,51.6
15:33:05.120,47.299783,8.744435,451.4,51.3
15:33:05.620,47.299773,8.74416,450.5,51.3
15:33:06.120,47.299773,8.74416,449.1,50.7
15:33:06.620,47.299793,8.74416,448.2,51.4
15:33:07.120,47.299816,8.743928,447.4,51.9
15:33:07.620,47.299816,8.743813,447.3,50.4
15:33:08.120,47.29984,8.74367,446.8,50.2
15:33:08.620,47.299873,8.74367,446.6,49.6
15:33:09.120,47.299906,8.743566,446.1,48.7
15:33:09.620,47.299906,8.743566,445.4,49.6
15:33:10.120,47.29996,8.74336,444.9,50.9
15:33:10.620,47.299986,8.743218,444.3,50.6
15:33:11.120,47.30002,8.743218,443.6,50.2
15:33:11.620,47.30007,8.743113,443.2,49.7
15:33:12.120,47.30007,8.743013,443.0,47.9
15:33:12.620,47.300103,8.742916,442.3,46.3
15:33:13.120,47.300103,8.742916,442.0,45.6
15:33:13.620,47.30017,8.742791,441.4,44.9
15:33:14.120,47.30017,8.742701,441.2,44.9
15:33:14.620,47.300203,8.742616,441.2,42.1
15:33:15.120,47.300253,8.742616,441.0,41.0
15:33:15.620,47.30028,8.742535,440.5,40.1
15:33:16.120,47.30028,8.74243,440.3,39.5
15:33:16.620,47.300316,8.742361,440.5,35.6
15:33:17.120,47.30035,8.742361,440.5,34.5
15:33:17.620,47.300393,8.7423,440.1,34.4
15:33:18.120,47.300426,8.742238,440.0,33.4
15:33:18.620,47.300426,8.742158,440.0,30.3
15:33:19.120,47.300446,8.742158,439.9,26.2
15:33:19.620,47.300463,8.742158,439.9,24.1
15:33:20.120,47.300486,8.742158,439.9,20.8
15:33:20.620,47.300486,8.74201,439.9,19.2
15:33:21.120,47.30051,8.741975,439.8,18.4
15:33:21.620,47.300533,8.741975,439.8,16.4
15:33:22.120,47.300533,8.741951,439.7,12.1
15:33:22.620,47.300533,8.741933,439.6,12.1
15:33:23.120,47.300566,8.74192,439.5,4.2
15:33:23.620,47.30057,8.741916,439.4,2.7
15:33:24.120,47.30057,8.741916,439.4,0.2
15:33:24.620,47.30057,8.741916,439.3,0.0
15:33:25.120,47.30057,8.741916,439.3,0.0
15:33:25.620,47.30057,8.741916,439.3,0.0
15:33:26.120,47.30057,8.741916,439.2,0.0
15:33:26.620,47.30057,8.741916,439.2,0.0
15:33:27.120,47.30057,8.741916,439.2,0.0
15:33:27.620,47.30057,8.741916,439.2,0.0
15:33:28.120,47.30057,8.741916,439.1,0.0
15:33:28.620,47.30057,8.741916,439.1,0.0
15:33:29.120,47.30057,8.741916,439.1,0.0
15:33:29.620,47.30057,8.741916,439.1,0.0
15:33:30.120,47.30057,8.741916,439.1,0.0
15:33:30.620,47.30057,8.741916,439.1,0.0
15:33:31.120,47.30057,8.741916,439.0,0.0
15:33:31.620,47.30057,8.741916,439.0,0.0
15:33:32.120,47.30057,8.741916,439.0,0.0
15:33:32.620,47.30057,8.741916,439.0,0.0
15:33:33.120,47.30057,8.741916,439.0,0.0
15:33:33.620,47.30057,8.741916,439.0,0.0
15:33:34.120,47.30057,8.741916,438.9,0.0
15:33:34.620,47.30057,8.741916,438.9,0.0
15:33:35.120,47.30057,8.741916,438.9,0.0
15:33:35.620,47.30057,8.741916,438.9,0.0
15:33:36.120,47.30057,8.741916,438.9,0.0
15:33:36.620,47.30057,8.741916,438.9,0.0
15:33:37.120,47.30057,8.741916,438.9,0.0
15:33:37.620,47.30057,8.741916,438.9,0.0
15:33:38.120,47.30057,8.741918,438.9,0.0
15:33:38.620,47.30057,8.741918,438.8,0.0
15:33:39.120,47.30057,8.741918,438.8,0.0
15:33:39.620,47.30057,8.741918,438.8,0.0
15:33:40.120,47.300566,8.741918,438.8,0.0
15:33:40.620,47.300566,8.741916,438.8,0.0
15:33:41.120,47.300566,8.741916,438.8,0.0
15:33:41.620,47.300566,8.741916,438.8,0.0
15:33:42.120,47.300566,8.741916,438.8,0.0
15:33:42.620,47.300566,8.741916,438.8,0.0
15:33:43.120,47.300566,8.741916,438.8,0.0
15:33:43.620,47.300566,8.741916,438.8,0.0
15:33:44.120,47.300566,8.741916,438.8,0.0
15:33:44.620,47.300566,8.741916,438.8,0.0
15:33:45.120,47.300566,8.741916,438.7,0.0
15:33:45.620,47.300566,8.741916,438.7,0.0
15:33:46.120,47.300566,8.741916,438.7,0.1
15:33:46.620,47.300566,8.741916,438.6,0.1
15:33:47.120,47.300566,8.741916,438.6,0.1
15:33:47.620,47.300566,8.741916,438.6,0.0
15:33:48.120,47.300566,8.741916,438.6,0.0
15:33:48.620,47.300566,8.741916,438.5,0.1
15:33:49.120,47.300566,8.741916,438.5,0.0
15:33:49.620,47.300566,8.741916,438.5,0.0
15:33:50.120,47.300566,8.741916,438.5,0.0
15:33:50.620,47.300566,8.741916,438.5,0.0
15:33:51.120,47.300566,8.741916,438.5,0.0
15:33:51.620,47.300566,8.741916,438.5,0.0
15:33:52.120,47.300566,8.741916,438.5,0.0
15:33:52.620,47.300566,8.741916,438.4,0.0
15:33:53.120,47.300566,8.741916,438.4,0.0
15:33:53.620,47.300566,8.741916,438.4,0.0
15:33:54.120,47.300566,8.741916,438.4,0.0
15:33:54.620,47.300566,8.741916,438.4,0.0
15:33:55.120,47.300566,8.741916,438.3,0.0
15:33:55.620,47.300566,8.741916,438.3,0.0
15:33:56.120,47.300566,8.741916,438.3,0.0
15:33:56.620,47.300566,8.741916,438.3,0.0
15:33:57.120,47.300566,8.741916,438.3,0.0
15:33:57.620,47.300566,8.741916,438.2,0.1
15:33:58.120,47.300566,8.741916,438.2,0.1
15:33:58.620,47.300566,8.741916,438.2,0.0
15:33:59.120,47.300566,8.741916,438.2,0.0
15:33:59.620,47.300566,8.741916,438.1,0.0
15:34:00.120,47.300566,8.741916,438.1,0.0
15:34:00.620,47.300566,8.741916,438.1,0.1
15:34:01.120,47.300566,8.741916,438.1,0.0
15:34:01.620,47.300566,8.741916,438.1,0.1
15:34:02.120,47.300566,8.741916,438.1,0.1
15:34:02.620,47.300566,8.741916,438.1,0.1
15:34:03.120,47.300566,8.741916,438.1,0.1
15:34:03.620,47.300566,8.741916,438.0,0.3
15:34:04.120,47.300566,8.741916,438.1,0.4
15:34:04.620,47.300566,8.741915,438.0,0.9
15:34:05.120,47.300566,8.741915,437.9,0.2
15:34:05.620,47.30057,8.741915,437.9,0.2
15:34:06.120,47.30057,8.741915,437.9,0.0
15:34:06.620,47.30057,8.741915,437.9,0.0
15:34:07.120,47.30057,8.741915,437.9,0.0
15:34:07.620,47.30057,8.741915,437.9,0.0
15:34:08.120,47.30057,8.741915,437.9,1.3
15:34:08.620,47.30056,8.741916,438.1,2.7
15:34:09.120,47.30056,8.741918,438.2,1.5
15:34:09.620,47.30056,8.741918,438.1,1.9
15:34:10.120,47.300556,8.741918,438.1,3.5
15:34:10.620,47.300556,8.741918,438.1,3.6
15:34:11.120,47.300556,8.74192,438.1,3.6
15:34:11.620,47.30054,8.74192,438.1,4.4
15:34:12.120,47.300533,8.74192,438.1,4.4
15:34:12.620,47.300523,8.74192,438.2,4.3
15:34:13.120,47.300523,8.74192,438.2,3.9
15:34:13.620,47.30052,8.74192,438.2,4.2
15:34:14.120,47.300513,8.74192,438.3,4.5
15:34:14.620,47.300503,8.74192,438.2,5.2
15:34:15.120,47.300496,8.74192,438.3,4.8
15:34:15.620,47.300496,8.74192,438.4,4.3
15:34:16.120,47.300486,8.74192,438.3,3.9
15:34:16.620,47.300483,8.74192,438.3,3.9
15:34:17.120,47.300483,8.74192,438.3,5.4
15:34:17.620,47.300483,8.74192,438.3,5.3
15:34:18.120,47.300483,8.74192,438.3,3.9
15:34:18.620,47.30046,8.74192,438.3,3.9
15:34:19.120,47.300456,8.74192,438.3,1.2
15:34:19.620,47.300456,8.741918,438.3,1.2
15:34:20.120,47.300456,8.74192,438.3,0.2
15:34:20.620,47.300456,8.74192,438.3,0.2
15:34:21.120,47.300456,8.74192,438.3,0.1
15:34:21.620,47.300456,8.74192,438.3,0.0
15:34:22.120,47.300456,8.74192,438.3,0.0
15:34:22.620,47.300456,8.74192,438.3,0.0
15:34:23.120,47.300456,8.74192,438.3,0.1
15:34:23.620,47.300456,8.74192,438.4,0.0
15:34:24.120,47.300456,8.74192,438.4,0.0
15:34:24.620,47.300456,8.74192,438.4,0.0
15:34:25.120,47.300456,8.74192,438.4,0.0
15:34:25.620,47.300456,8.741918,438.4,0.0
15:34:26.120,47.30045,8.741918,438.6,1.1
15:34:26.620,47.30045,8.741916,438.6,4.1
15:34:27.120,47.300446,8.741916,438.5,4.9
15:34:27.620,47.300443,8.741916,438.7,4.8
15:34:28.120,47.30043,8.741915,438.7,4.6
15:34:28.620,47.30043,8.741916,438.7,4.5
15:34:29.120,47.300423,8.74192,438.8,4.9
15:34:29.620,47.300416,8.74192,438.8,4.4
15:34:30.120,47.30041,8.741921,438.8,5.1
15:34:30.620,47.30041,8.741926,438.7,4.6
15:34:31.120,47.30041,8.741933,438.8,4.2
15:34:31.620,47.300393,8.741933,438.8,4.2
15:34:32.120,47.30039,8.741933,438.8,2.4
15:34:32.620,47.30039,8.741943,438.8,0.0
15:34:33.120,47.30039,8.741943,438.8,0.0
15:34:33.620,47.30039,8.741943,438.8,0.0
15:34:34.120,47.30039,8.741943,438.8,0.1
15:34:34.620,47.30039,8.741943,438.8,0.2
15:34:35.120,47.30039,8.741945,438.7,0.0
15:34:35.620,47.300393,8.741945,438.7,0.0
15:34:36.120,47.300393,8.741945,438.7,0.0
15:34:36.620,47.300393,8.741945,438.6,0.0
15:34:37.120,47.300393,8.741945,438.5,0.0
15:34:37.620,47.300393,8.741945,438.4,0.0
15:34:38.120,47.300393,8.741946,438.4,0.0
15:34:38.620,47.300393,8.741946,438.3,0.0
15:34:39.120,47.300393,8.741946,438.2,0.0
15:34:39.620,47.300393,8.741946,438.1,0.0
15:34:40.120,47.300393,8.741946,438.1,0.0
15:34:40.620,47.300393,8.741946,438.0,0.0
15:34:41.120,47.300393,8.741948,438.0,0.0
15:34:41.620,47.300393,8.741948,437.9,0.0
15:34:42.120,47.300393,8.741948,437.9,0.0
15:34:42.620,47.300393,8.741948,437.9,0.1
15:34:43.120,47.300393,8.741948,437.8,0.0
15:34:43.620,47.300393,8.741948,437.9,0.2
15:34:44.120,47.300393,8.74195,437.9,1.4
15:34:44.620,47.30039,8.741953,437.9,3.7
15:34:45.120,47.300386,8.741953,437.9,4.2
15:34:45.620,47.300383,8.741965,437.9,4.3
15:34:46.120,47.300383,8.741971,437.9,4.4
15:34:46.620,47.300383,8.74198,437.9,4.1
15:34:47.120,47.300373,8.74198,437.9,4.4
15:34:47.620,47.30037,8.741988,438.0,5.2
15:34:48.120,47.30037,8.741998,438.0,5.3
15:34:48.620,47.300363,8.742006,438.0,4.7
15:34:49.120,47.300356,8.742013,438.0,4.7
15:34:49.620,47.30035,8.742013,438.0,4.9
15:34:50.120,47.30035,8.742025,438.1,5.4
15:34:50.620,47.30035,8.742025,438.1,5.7
15:34:51.120,47.300336,8.742025,438.1,4.9
15:34:51.620,47.300333,8.742025,438.0,4.5
15:34:52.120,47.300333,8.742056,438.1,4.2
15:34:52.620,47.300333,8.742063,438.0,3.9
15:34:53.120,47.300333,8.742068,438.0,3.9
15:34:53.620,47.30032,8.742068,438.0,1.6
15:34:54.120,47.30032,8.742071,437.9,0.4
15:34:54.620,47.300316,8.742071,438.0,0.4
15:34:55.120,47.300316,8.74207,438.0,0.2
15:34:55.620,47.300316,8.74207,438.0,0.1
15:34:56.120,47.300316,8.74207,438.0,0.0
15:34:56.620,47.300316,8.74207,438.0,0.3
15:34:57.120,47.300316,8.74207,438.0,0.1
15:34:57.620,47.300316,8.74207,437.9,0.2
15:34:58.120,47.300316,8.74207,437.9,0.1
15:34:58.620,47.300316,8.742071,437.9,0.1
15:34:59.120,47.300316,8.74207,437.9,0.0
15:34:59.620,47.300316,8.74207,437.8,0.0
15:35:00.120,47.300316,8.74207,437.8,0.0
15:35:00.620,47.300316,8.74207,437.7,0.0
15:35:01.120,47.300316,8.74207,437.7,0.0
15:35:01.620,47.300316,8.74207,437.7,0.2
15:35:02.120,47.300316,8.74207,437.7,0.0
15:35:02.620,47.300316,8.74207,437.6,0.1
15:35:03.120,47.300316,8.742068,437.6,0.0
15:35:03.620,47.300316,8.742068,437.6,0.0
15:35:04.120,47.300316,8.742068,437.6,0.0
15:35:04.620,47.300316,8.742068,437.6,0.0
15:35:05.120,47.300316,8.742068,437.6,0.0
15:35:05.620,47.300316,8.742068,437.6,0.0
15:35:06.120,47.300316,8.742068,437.6,0.0
15:35:06.620,47.300316,8.742068,437.5,0.0
15:35:07.120,47.300316,8.742068,437.5,0.0
15:35:07.620,47.300316,8.742068,437.5,0.0
15:35:08.120,47.300316,8.742068,437.5,0.0
15:35:08.620,47.300316,8.742068,437.4,0.0
15:35:09.120,47.300316,8.742068,437.4,0.0
15:35:09.620,47.300316,8.742068,437.4,0.0
15:35:10.120,47.300316,8.742068,437.3,0.0
15:35:10.620,47.300316,8.742068,437.3,0.0
15:35:11.120,47.300316,8.742068,437.3,0.0
15:35:11.620,47.300316,8.742068,437.3,0.0
15:35:12.120,47.300316,8.742068,437.2,0.0
15:35:12.620,47.300316,8.742068,437.2,0.0
15:35:13.120,47.300316,8.74207,437.2,0.0
15:35:13.620,47.300316,8.74207,437.2,0.0
15:35:14.120,47.300316,8.74207,437.2,0.0
15:35:14.620,47.300316,8.74207,437.2,0.0
15:35:15.120,47.300316,8.74207,437.1,0.0
15:35:15.620,47.300316,8.74207,437.1,0.0
15:35:16.120,47.300316,8.74207,437.1,0.0
15:35:16.620,47.300316,8.74207,437.0,0.0
15:35:17.120,47.300316,8.74207,437.0,0.0
15:35:17.620,47.300316,8.74207,437.0,0.0
15:35:18.120,47.300316,8.74207,437.0,0.0
15:35:18.620,47.300316,8.742071,437.0,0.0
15:35:19.120,47.300316,8.742071,437.0,0.0
15:35:19.620,47.300316,8.742071,436.9,0.0
15:35:20.120,47.300316,8.742071,436.9,0.0
15:35:20.620,47.300316,8.742071,436.9,0.0
15:35:21.120,47.300316,8.742071,436.9,0.0
15:35:21.620,47.300313,8.742071,436.9,0.0
15:35:22.120,47.300313,8.742071,436.8,0.0
15:35:22.620,47.300313,8.742071,436.8,0.0
